id,rubric_id,tier_tagged,tier_observed,tier_variance,answer_key_verdict,problem_rubric_hash,solution_hash,full_review_hash,canonical_grade_pass,canonical_grade_score,canonical_grade_confidence,primary_domain,capability_tag,scenario_family,feasibility_trap,required_fields,validation_fields,notes
SB-L4-001,stockbench-l4-001,L4,L4,0,VERIFIED,ffb228d7d343e9d041e301fb0898471b960be9a29a213a7d901662d667eac374,4ae450757bd61d2c7267248b82ef07b9bb7eee830897cbc03b224323957229b8,0c1c2ac573b50f20f704d3761f56915f36b16e02709859c5a00286b6a0784416,true,1,1,Shorting / borrow / margin / locates,judgment_risk_augmentation,borrow_cost_calendar,false,intent|order_type|asset|size|price|borrow_days|borrow_cost_usd|venue,borrow_cost_usd,
SB-L9-001,stockbench-l9-001,L9,L9,0,VERIFIED,d174aa131884283d21592ff2e6382edf3be0ecf8766ed3432e660e166b43da33,a137b065c7c44b3d4125bc59f0e343a12b28206a7e87f94aa906b2d922f69846,4233789c926390cf9ed885ee77fe3f9d8aee16a26b11d3c45e7ce7063bac6aa7,true,1,1,Futures / commodities / spreads / rolls,execution_action_quality,futures_beta_hedge,true,decision|selected_instrument|es_contracts|hedge_notional_usd|beta_reduction_pct|margin_used|expected_cost|feasibility|rejected_routes,decision|selected_instrument|es_contracts|hedge_notional_usd|beta_reduction_pct|margin_used|expected_cost|feasibility|rejected_routes,
SB-AGI-001,stockbench-agi-001,AGI,AGI,0,VERIFIED,9facde417459a7c33d56c889b0351af7bb6b44a0efc68e7dc4edfeb41baf67d4,fba2ba830b41179ac08f068f26148b2016f82bc1fba88d61d67247f60a2c532b,de754feb621e1556171d3417d7082835defe36e7931f1abcf8d91e6bbbd81b7d,true,1,1,Feasibility / rejection / no-trade traps,execution_action_quality,borrow_recall_margin_hedge,true,decision|chosen_strategy|execution_sequence|aapl_buy_to_cover_shares|aapl_cover_cash_used|es_contracts|spy_put_contracts|option_premium_paid|margin_used|cash_after_execution|beta_reduction_pct|scenario_pnl.risk_off|scenario_pnl.tech_squeeze|scenario_pnl.index_flat_aapl_squeeze|worst_case_pnl|feasibility|rejected_routes|self_check,decision|chosen_strategy|execution_sequence|aapl_buy_to_cover_shares|aapl_cover_cash_used|es_contracts|spy_put_contracts|option_premium_paid|margin_used|cash_after_execution|beta_reduction_pct|scenario_pnl.risk_off|scenario_pnl.tech_squeeze|scenario_pnl.index_flat_aapl_squeeze|worst_case_pnl|feasibility|rejected_routes|self_check,
SB-L1-001,stockbench-l1-001,L1,L1,0,VERIFIED,d36e697102d82db81dff199918e80d6d7808ca5c203ce42714c390e3ce00ff74,58aa18c8ff1323080dd88d5f03e4727421bb5d234907852094e4575a7cb57acb,5e33efdda3a8a38732a98576b0194dbf713c5ad65addc79d480f5700a63aa4e0,true,1,1,Spot equities / ETFs,execution_action_quality,equity_order_ticket,false,decision|instrument|side|quantity|order_type|limit_price|time_in_force|venue,decision|instrument|side|quantity|order_type|limit_price|time_in_force|venue,
SB-L2-001,stockbench-l2-001,L2,L2,0,VERIFIED,0ca5e0f0ad21fb2f780ea5b6a58c4ce0355fec0c8cdd5450ea5a14caccf32af5,c305203e587b9f74e77f7704a8f4e0fbdb58e0f8676a98f314ff81348a9beb54,bb5131167eafd9919358b63e5138d49a60209b95a7f90f5416c8fa737ee6574c,true,1,1,Futures / commodities / spreads / rolls,judgment_risk_augmentation,futures_notional_math,false,decision|instrument|contracts|multiplier|price|notional_usd,decision|instrument|contracts|multiplier|price|notional_usd,
SB-L3-001,stockbench-l3-001,L3,L3,0,VERIFIED,e124ed54b006d87c675f29107e24ad04774c459d6b31993a71897d7c3a2e86a7,c3395c4118a81fd2ffb10e74948c8db2e4f912e1061ad7be486043946f93fde6,06c52f7b70c03f0e11b44ebb1af872437e165f85a63e719f4aee1b39c7e1a87c,true,1,1,Spot FX / CFDs / multi-currency,judgment_risk_augmentation,fx_pnl_conversion,false,decision|instrument|eur_notional|gross_pnl_usd|fee_usd|net_pnl_usd,decision|instrument|eur_notional|gross_pnl_usd|fee_usd|net_pnl_usd,
SB-L5-001,stockbench-l5-001,L5,L5,0,VERIFIED,908bb7d2de7aae4d71a06c8935f76263951d12ff037f9153cbef52a3e3e88471,4bf8622a26a2a6dba32866712fedf1907ae1911a39aef1af3153ca2acc024f80,3cec761db37e1e0cd007255a6a2e3db502ee92ccc02e79694c05e092d0fe0888,true,1,1,Execution / liquidity / microstructure,execution_action_quality,session_limit_order_ticket,false,decision|instrument|side|quantity|order_type|limit_price|time_in_force|venue|feasibility,decision|instrument|side|quantity|order_type|limit_price|time_in_force|venue|feasibility,
SB-L6-001,stockbench-l6-001,L6,L6,0,VERIFIED,f0355894a5e5e982d397c59217f5aea09b83bfdf808fbe233da9a47e42bd1de3,9cd6f6236356ca27bc20f1955f8044d1dfa573ec143da642a483e20d98b58df4,8e2d46d2fe9edfcfd70ff9865acd22e213a310076dcc539d3dc59a277df4c689,true,1,1,Corporate actions / settlement / calendar / jurisdiction,execution_action_quality,t_plus_one_settlement_sequence,true,decision|instrument|trade_date|settlement_rule|settlement_date|settled_cash_usd|withdrawal_allowed_date,decision|instrument|trade_date|settlement_rule|settlement_date|settled_cash_usd|withdrawal_allowed_date,
SB-L7-001,stockbench-l7-001,L7,L7,0,VERIFIED,74048759de8c889e2f097445db240a281551f9c06b2309f9cd8152d074aa548b,cbe1f9a3ddfc8b35557e70c25fb8e3c20da6cb98991e1f4fc72400c1029f502e,5cfe93eee8543f11f214200d313df984f8529c266651dd6e5a6e12a2d9af5139,true,1,1,Portfolio risk / rebalancing,judgment_risk_augmentation,beta_dollar_rebalance,false,decision|instrument|side|quantity|current_beta_dollars|target_max_beta_dollars|post_trade_beta_dollars,decision|instrument|side|quantity|current_beta_dollars|target_max_beta_dollars|post_trade_beta_dollars,
SB-L8-001,stockbench-l8-001,L8,L8,0,VERIFIED,76ac76a8f180c504ad03e2d5f40f77180596d7dc7c2b654c1fddfce122e5ebce,731fae2cadbf88005abde85ceab809d8bf3c7a96e3df11f9e0ed221b301aad66,a801ea2f926f1bb7f5eef1d2f069826031953dddff1d399d21673aad9224e714,true,1,1,Listed options strategy / Greeks,execution_action_quality,covered_call_assignment,true,decision|instrument|action|contracts|premium_paid|assignment_risk|reason_code,decision|instrument|action|contracts|premium_paid|assignment_risk|reason_code,
SB-L9-002,stockbench-l9-002,L9,L9,0,VERIFIED,77bcb3959995b1ef5df8be8cae78d3b21877ba9fe0cec79e513e8af7516247c0,c7f08aa23de45721d98b5b1c31471e4e606955e940c6aa7381afa34b06b9a9ca,0cdf768c946704ec2465816db2cf95d925d25bb08f075c1fb92b8dab9f6fa5c7,true,1,1,Shorting / borrow / margin / locates,execution_action_quality,short_locate_failure,true,decision|chosen_strategy|short_shares|put_contracts|premium_paid|bearish_delta_shares|feasibility|rejected_routes,decision|chosen_strategy|short_shares|put_contracts|premium_paid|bearish_delta_shares|feasibility|rejected_routes,
SB-L9-003,stockbench-l9-003,L9,L9,0,VERIFIED,e63bd6a6473af9f889d9cf955f3215236c266c6513ab27db80e7369a67351d26,22d92de1e354b03a19712e9cb16d54a970d6d0e1c192121d3f16d9da3877bba9,684a130db9b2e6d553664adc4d0d8113d96e61e9cd3054f70f0c21129a5860f8,true,1,1,Listed options strategy / Greeks,execution_action_quality,put_spread_downside_floor,false,decision|chosen_strategy|buy_put_strike|sell_put_strike|contracts|net_premium_paid|scenario_pnl_usd|feasibility|rejected_routes,decision|chosen_strategy|buy_put_strike|sell_put_strike|contracts|net_premium_paid|scenario_pnl_usd|feasibility|rejected_routes,
SB-L9-004,stockbench-l9-004,L9,L9,0,VERIFIED,0af745c2bed5d4577266bb0d1d210bfaa7de524d7a29cacdb1f5ce32a016fd65,1bfa85c3ba41ab0a69dc5200b6a45f068e2f603dd361dbff0bad02d681f10700,95de57f750a47f8e896c3e72207a16382ed860cdf065b6519510f0f0bbb45d29,true,1,1,Spot FX / CFDs / multi-currency,judgment_risk_augmentation,fx_settlement_mismatch,true,decision|chosen_route|eur_amount|usd_cost|settlement_date|feasibility|rejected_routes,decision|chosen_route|eur_amount|usd_cost|settlement_date|feasibility|rejected_routes,
SB-L9-005,stockbench-l9-005,L9,L9,0,VERIFIED,8b1240083bf018206e6a2b973de3a8971c0c9f4525a084f54cac03b8903a1bcf,d90237f74c1be3aa8b058c52641cbf210df0ee455a58072fac910344b97f358d,7b2fb533e1f7d0ce65a1abc97eda77746f04fbfc65e3907f463ce4885cc0f3e1,true,1,1,Portfolio risk / rebalancing,judgment_risk_augmentation,cross_asset_beta_trim,false,decision|chosen_strategy|es_contracts|mes_contracts|beta_reduction_usd|beta_reduction_pct|margin_used|expected_cost|feasibility|rejected_routes,decision|chosen_strategy|es_contracts|mes_contracts|beta_reduction_usd|beta_reduction_pct|margin_used|expected_cost|feasibility|rejected_routes,
SB-L9-006,stockbench-l9-006,L9,L9,0,VERIFIED,1b33e5470c1369bf0f887960210d7e2786bf57eb0ea4b27b304ddea0e4ede121,ccac6407b7d0f7214380387605fe1467dac6b8bd6f0cacf06aa42c3125eec8fa,d27a972df647ce993bd2bf006203b815fdca03b7e085936bafb6ce94bc4026d6,true,1,1,Execution / liquidity / microstructure,execution_action_quality,order_book_liquidity_limit,true,decision|instrument|side|filled_shares|average_price|limit_price|feasibility|rejected_routes,decision|instrument|side|filled_shares|average_price|limit_price|feasibility|rejected_routes,
SB-L9-007,stockbench-l9-007,L9,L9,0,VERIFIED,2f3d0b0c95ccdb706a2fc90a49ea8dae602f4123d40f6416e9c16fe57d8c4c1b,b5cfcae3965715bfeb4430eee9faa6dd7a675ce330427db7fcc265cc0c9d0437,3fb2c5f89d369bbf2ed2569accbaff5be7caf061822ea5bae856205047a70bf0,true,1,1,Corporate actions / settlement / calendar / jurisdiction,judgment_risk_augmentation,ex_dividend_adjustment,true,decision|instrument|adjusted_stop_price|option_strike_adjusted|option_strike_after|feasibility|rejected_routes,decision|instrument|adjusted_stop_price|option_strike_adjusted|option_strike_after|feasibility|rejected_routes,
SB-L10-001,stockbench-l10-001,L10,L10,0,VERIFIED,71fb010996ce579c0cac830549d17fe4ad976bc65f74292b9e0ff27a8a82d6e2,27be5fc9d75402804a509245d14b804c16b47b5e2bd84f107a43d3905871f825,24dc3fdd31e3e948e2de362877595f169b06f4e82bee4b9036da69c864b56119,true,1,1,Listed options strategy / Greeks,execution_action_quality,collar_plus_futures_overlay,false,decision|chosen_strategy|put_strike|call_strike|contracts|net_premium_paid|shock_pnl_usd|feasibility|rejected_routes,decision|chosen_strategy|put_strike|call_strike|contracts|net_premium_paid|shock_pnl_usd|feasibility|rejected_routes,
SB-L10-002,stockbench-l10-002,L10,L10,0,VERIFIED,c52cc7c6481892e5dfb4b2fa1513b00560b000bf0fec0368c692e0b2024c4f17,c64de71bcd97d77d014d46c8f87aca4f897c9089edbfb7148c10cee19e44bf88,4dd33086ae553edbe1e48ba49c06bec55f1cc48f4824ab3af00f92b6e57bc90d,true,1,1,Futures / commodities / spreads / rolls,execution_action_quality,futures_roll_calendar,true,decision|chosen_strategy|sell_contract|buy_contract|contracts|roll_debit_usd|fees_usd|total_cost_usd|feasibility|rejected_routes,decision|chosen_strategy|sell_contract|buy_contract|contracts|roll_debit_usd|fees_usd|total_cost_usd|feasibility|rejected_routes,
SB-L10-003,stockbench-l10-003,L10,L10,0,VERIFIED,55299aeda9319ec3b4542beb12c6de88e8041f61644ff4916f3f1ad00e921e7a,a9f8a5905fd5bd4193a7036c7c53b3c081452901dced721ad79554e62b0da9db,72eca23fdcc771b1578c8b9a0ebada4b3f27e07f1f53e8359686c47d7bcfa7ae,true,1,1,Shorting / borrow / margin / locates,execution_action_quality,hard_to_borrow_margin_recall,true,decision|chosen_strategy|buy_to_cover_shares|put_contracts|cash_used|bearish_delta_shares|feasibility|rejected_routes,decision|chosen_strategy|buy_to_cover_shares|put_contracts|cash_used|bearish_delta_shares|feasibility|rejected_routes,
SB-L10-004,stockbench-l10-004,L10,L10,0,VERIFIED,04946b9401fa6d3fafd2cd2454a46e158a680b1b0752beb18172ce301a842d85,3cc2f08d31ddf969bef1d0aa29767197304b118af0333eca13acf2e9bb9d06c2,400b0f38d7070c21043678a4c35922edf45cbadb211b063e31f02657622d69ef,true,1,1,Portfolio risk / rebalancing,judgment_risk_augmentation,multi_asset_drawdown_hedge,false,decision|chosen_strategy|es_contracts|beta_reduction_usd|beta_reduction_pct|margin_used|expected_cost|feasibility|rejected_routes,decision|chosen_strategy|es_contracts|beta_reduction_usd|beta_reduction_pct|margin_used|expected_cost|feasibility|rejected_routes,
SB-L10-005,stockbench-l10-005,L10,L10,0,VERIFIED,108a8be8d7323300754559e0e7760c192891b843b9ffc6edcee0f764a2a67ca4,88030d6783bfc73c7bce2f6c649bf372fe7a1093e6f0a67c95c0a446a9ba4d0c,d7c0aaa28a65d815d3b7fb51668f16ef61a67d0f6387dd20d95ee07d29ac3018,true,1,1,Spot equities / ETFs,execution_action_quality,etf_sector_rebalance_t_plus_one,true,decision|chosen_strategy|sell_instrument|sell_shares|buy_instrument|buy_shares|settlement_date|net_settlement_cash_usd|feasibility|rejected_routes,decision|chosen_strategy|sell_instrument|sell_shares|buy_instrument|buy_shares|settlement_date|net_settlement_cash_usd|feasibility|rejected_routes,
SB-L10-006,stockbench-l10-006,L10,L10,0,VERIFIED,be18197e538ed0c86329b57e0b1351a649043195051609e3ea4377109823c8da,cbf182148198eaff5591dc0806b9c81af96cac462bfdf8da7208a5136187cea9,d9741b1fd02e0e5ca9991cfcfff00a9001fc50b67250582ec8b2ddaa12e28306,true,1,1,Listed options strategy / Greeks,execution_action_quality,early_assignment_dividend_risk,true,decision|chosen_strategy|buy_to_close_contracts|sell_to_open_contracts|new_call_strike|net_debit_usd|assignment_risk_removed|feasibility|rejected_routes,decision|chosen_strategy|buy_to_close_contracts|sell_to_open_contracts|new_call_strike|net_debit_usd|assignment_risk_removed|feasibility|rejected_routes,
SB-L10-007,stockbench-l10-007,L10,L10,0,VERIFIED,c2ceaa93136ee99fdd6caeaf7c25a2aac1ab73bf77c3aad5afbc0dc32df83363,7f47e064a6118e6ed0fafe0ce4676ff28794c4c3bec68f4d636cd0e649d31e53,859245bb199c81a0635d38182e4287d7371dbfdbe786abb3c42e0f5cb13d545c,true,1,1,Spot FX / CFDs / multi-currency,judgment_risk_augmentation,cfd_margin_regional_constraint,true,decision|chosen_route|eur_amount|usd_cost|settlement_date_rule|feasibility|rejected_routes,decision|chosen_route|eur_amount|usd_cost|settlement_date_rule|feasibility|rejected_routes,
SB-AGI-002,stockbench-agi-002,AGI,AGI,0,VERIFIED,45066c7e93241d3008b17f249a519dd4b99539385a5783606403b84338d2fce5,8f624202b25e60e888d262f6cd714bd2cebcc53c9e5dafe440c75306841b61fd,1a91930497f4aca4fe53ac76fe8bba3d129a6dd1cc7cf520a8b94d390807487a,true,1,1,Shorting / borrow / margin / locates,execution_action_quality,locate_recall_options_substitution,true,decision|chosen_strategy|buy_to_cover_shares|put_contracts|cash_used|bearish_delta_shares|feasibility|rejected_routes|self_check,decision|chosen_strategy|buy_to_cover_shares|put_contracts|cash_used|bearish_delta_shares|feasibility|rejected_routes|self_check,
SB-AGI-003,stockbench-agi-003,AGI,AGI,0,VERIFIED,5010645a7678802f615c9d92a8b38a2ac274a1790ec9d8586c2260b311592136,30e39c1677bf2139ada82e1a7fdd10a3f6da409831bf3ebf31e2b80968454f3a,2255a0849c06f9e9d0a7a68e506b0f197b02094b40999de2b11e85309309c25e,true,1,1,Listed options strategy / Greeks,execution_action_quality,exercise_assignment_roll_decision,true,decision|chosen_strategy|sell_to_close_long_calls|buy_to_close_short_calls|net_credit_usd|exercise_required_cash_usd|feasibility|rejected_routes|self_check,decision|chosen_strategy|sell_to_close_long_calls|buy_to_close_short_calls|net_credit_usd|exercise_required_cash_usd|feasibility|rejected_routes|self_check,
SB-AGI-004,stockbench-agi-004,AGI,AGI,0,VERIFIED,0762572989f30c03bf25b3f4c0cd3d7706e91667f2c441893583c08f908ceea3,9fb0013a1f204bdd4a45527f165766757c9a8dc2f2d278bd322f16fb639d5fd4,6200cff4ecf9f3be98f153f66a97c9d15f77f0a9ee1cb1eba6d46dc1eb84bc5f,true,1,1,Futures / commodities / spreads / rolls,execution_action_quality,span_margin_calendar_spread,true,decision|chosen_strategy|spread_count|expected_carry_usd|margin_used|feasibility|rejected_routes|self_check,decision|chosen_strategy|spread_count|expected_carry_usd|margin_used|feasibility|rejected_routes|self_check,
SB-AGI-005,stockbench-agi-005,AGI,AGI,0,VERIFIED,6a47e73fb2c5c73a9ff8b0e4915e39ae3cf54ef462182138b2b56c35b6afcae2,c20cbe36840e38bbc248715d298b140c5ae8b3262b23e2a2b22fceac5f717dfe,292d7d311b773b2de33e8316bee904e84481324dd9df7a989b960da9abe029d5,true,1,1,Portfolio risk / rebalancing,judgment_risk_augmentation,multi_asset_drawdown_hedge,false,decision|chosen_strategy|stress_loss_reduction_usd|hedge_cash_used|margin_used|feasibility|rejected_routes|self_check,decision|chosen_strategy|stress_loss_reduction_usd|hedge_cash_used|margin_used|feasibility|rejected_routes|self_check,
SB-AGI-006,stockbench-agi-006,AGI,AGI,0,VERIFIED,d2fe9cbb3c39d00b0fe1ec4b4982550f87f940075a11488c00e0c6f19c860735,a1972deb6dd7be9d06eadb4d863745963af2dc33a3ceaa46eff5f34ba5072e45,db983fabdc83a9c58be60a9799993ecbcf6c5541579453f3438763cc8a601829,true,1,1,Execution / liquidity / microstructure,execution_action_quality,invalid_route_session_trap,true,decision|chosen_strategy|spy_sell_shares|es_contracts|exposure_reduction_usd|margin_used|feasibility|rejected_routes|self_check,decision|chosen_strategy|spy_sell_shares|es_contracts|exposure_reduction_usd|margin_used|feasibility|rejected_routes|self_check,
SB-AGI-007,stockbench-agi-007,AGI,AGI,0,VERIFIED,c3a72bdbecdfd9818a8b719c13f609c9d83df595b3cd749aaa011d3e8f9e0ce7,f00856559da5210e7f29b131ae489267d2a35d99d9d35ca8a3cf0752649230ce,a6bae06c62b2c7eeca58eea98fdf82b4fb69eda255e670690b6e114f037d93b8,true,1,1,Futures / commodities / spreads / rolls,execution_action_quality,commodity_roll_basis_hedge,true,decision|chosen_strategy|sell_contract|buy_contract|contracts|roll_cost_usd|basis_penalty_usd|total_cost_usd|feasibility|rejected_routes|self_check,decision|chosen_strategy|sell_contract|buy_contract|contracts|roll_cost_usd|basis_penalty_usd|total_cost_usd|feasibility|rejected_routes|self_check,
SB-AGI-008,stockbench-agi-008,AGI,AGI,0,VERIFIED,ff234759c3dec1ea54934c304f097a0001160d48493bfd64007938c1cbecdd5f,eebcef2f6c4a235c92a7ed1e866a9afda4d09343cecf5e71da6abf223b81f420,b73950b1f6574fedf485e8aa67d2c125e39156f9828355ed0d01192f88081270,true,1,1,Listed options strategy / Greeks,execution_action_quality,event_vol_assignment_constrained,true,decision|chosen_strategy|buy_to_close_calls|sell_to_open_calls|buy_put_contracts|net_debit_usd|covered_shares|feasibility|rejected_routes|self_check,decision|chosen_strategy|buy_to_close_calls|sell_to_open_calls|buy_put_contracts|net_debit_usd|covered_shares|feasibility|rejected_routes|self_check,
SB-L1-002,stockbench-l1-002,L1,L1,0,VERIFIED,330894e84e565736ae65f631818454ca5e483e925f00d82e4b10555511833283,7e651b653ab4ba11f5b9dd8e5ecfb83f502a53c767d9e47eec2681895f0c88dd,e94b1b8b89182d66dbc8cf965e81ac82cc25bdf67de74f06762dcc484a50e694,true,1,1,Spot equities / ETFs,execution_action_quality,instrument_quote_extraction,false,decision|instrument|quote|unit,decision|instrument|quote|unit,
SB-L1-003,stockbench-l1-003,L1,L1,0,VERIFIED,46f61d5b3b398295aaf72bb7e4bb5169b915f832820070110774555183eff4f0,e70481a24673316c8381918ab765367db99bf150ef20bfea666f5c96d36d9945,a21888ed2229efd0ab345e71e4f2b45956d3d84d1098edfe4da0cc205585fa7c,true,1,1,Listed options strategy / Greeks,execution_action_quality,instrument_quote_extraction,false,decision|instrument|quote|unit,decision|instrument|quote|unit,
SB-L2-002,stockbench-l2-002,L2,L2,0,VERIFIED,7718f28bd543f4656429631005417ae6fd7a793e0ffa8c39f5ac6424d6329567,705dd4b76b45cbe6935ad4894ce81d3d8a6c196ca7d56be85aded46e69ce6a51,2b9c0b69823decfa21e5de13e6b4afdcb26b714786a5a6c30fe22ad8bf18d993,true,1,1,Execution / liquidity / microstructure,judgment_risk_augmentation,equity_notional_calc,true,decision|instrument|quantity|price|notional_usd,decision|instrument|quantity|price|notional_usd,
SB-L2-003,stockbench-l2-003,L2,L2,0,VERIFIED,2a24338b4186567ba2191a8bbabeba81b1f4bad4ec66773b2d296e831ea38547,e4855d455a166bd885d5363c4a6f6c7f24fbfa3a7a6fb377e438fed91ed86834,4bf19dd6706435120091f4844bbc9a7c616e3a41e30478fce91bbe5b24e95409,true,1,1,Spot equities / ETFs,execution_action_quality,equity_notional_calc,false,decision|instrument|quantity|price|notional_usd,decision|instrument|quantity|price|notional_usd,
SB-L2-004,stockbench-l2-004,L2,L2,0,VERIFIED,796bbe8e05867745ec652bc5e45ddd248ae3112e66fbbce88f8636962bab6c31,6fd3cc42214719b9ea130fb1e2e478cdf07e146e7ad9d0c86ce7dd8f85f787f5,ae78cfe0b2c70e8855061e2f39d9013779f9980020e74523e3242e807b284194,true,1,1,Listed options strategy / Greeks,execution_action_quality,option_premium_calc,false,decision|instrument|contracts|premium_per_share|multiplier|total_premium_usd,decision|instrument|contracts|premium_per_share|multiplier|total_premium_usd,
SB-L3-002,stockbench-l3-002,L3,L3,0,VERIFIED,d01a5595958e8099b3e719acbdf4bc964f9cb15441a61651911ad1b565506430,02f674a04dd803b3784e29c86d71b4d9686c2aaef148bcfe9832a5d71d683736,dd304591ef68578104e2b552da08656f52848d4952540e10c6b63bfb33a96869,true,1,1,Futures / commodities / spreads / rolls,judgment_risk_augmentation,futures_margin_calc,true,decision|instrument|contracts|margin_per_contract|fees_usd|total_cash_usd,decision|instrument|contracts|margin_per_contract|fees_usd|total_cash_usd,
SB-L3-003,stockbench-l3-003,L3,L3,0,VERIFIED,3bc4e1f773a9cd3a1289615b5bbe0d77982472d89daa6a1ffc8a216764680941,302cd4d70f2b1cf9cbccc0e0c39cc1968af764e16868517bad066763415bf422,a9cb4831735e3ebebf1e154ea89ecbbc2eff5f8d454952cdb493e76536c2930d,true,1,1,Portfolio risk / rebalancing,execution_action_quality,trade_cash_calc,false,decision|instrument|quantity|price|gross_value_usd|fee_usd|cash_required_usd,decision|instrument|quantity|price|gross_value_usd|fee_usd|cash_required_usd,
SB-L4-002,stockbench-l4-002,L4,L4,0,VERIFIED,2544fb357635acb932f92ca2bef6cfbb11b89be7fc203843a39bad9dc04fb13e,140c750ac1f33014fff8b18aebad166f86df52e51058a845656507af6489c1c8,c56958fe2d1a2b052dafca0307bfa417724680633c352535e78afdb8b51e7564,true,1,1,Execution / liquidity / microstructure,execution_action_quality,financing_cost_calc,true,decision|instrument|principal_usd|annual_rate|day_count|days|cost_usd,decision|instrument|principal_usd|annual_rate|day_count|days|cost_usd,
SB-L4-003,stockbench-l4-003,L4,L4,0,VERIFIED,70f7832ca522bc30cb81f5674d63405ea1515049feb4ceaf96304cf68e353318,1dfabecc1db3aadfc64b38483607054763888592bb736ac88838d136191f38b0,cd031c665955454cf8ba92f4ca74adec11b2ffd0563307ee5089e4d69ad13a3e,true,1,1,Spot FX / CFDs / multi-currency,judgment_risk_augmentation,financing_cost_calc,false,decision|instrument|principal_usd|annual_rate|day_count|days|cost_usd,decision|instrument|principal_usd|annual_rate|day_count|days|cost_usd,
SB-L4-004,stockbench-l4-004,L4,L4,0,VERIFIED,9e6f4a25367a68a7058cc1a3d619f0a0ce6566a95c142b55eaaacff4f2ddd8b7,4b0a19ee37bed2f5294290257256ad85183b1a17a78b294dc7f5870bea61801e,cf82e9c9ff7f0bad5ee56ee7cd1ae40ead7b0c3b39562dd0ed3e46e73e3b5e58,true,1,1,Corporate actions / settlement / calendar / jurisdiction,execution_action_quality,financing_cost_calc,true,decision|instrument|principal_usd|annual_rate|day_count|days|cost_usd,decision|instrument|principal_usd|annual_rate|day_count|days|cost_usd,
SB-L4-005,stockbench-l4-005,L4,L4,0,VERIFIED,76de9de6ba7f8239e5583bf74c21b6aabf20d7ffe601a04fa80518227ec04e1e,c32e80a9949241c0cb8e31a72e9dd463b01f55ffa68a807762a6d00d82c6a099,e82935ef2dfea2dbf3f15aba26151f37cc4eba610b3bf3ece194f55abb64ff1c,true,1,1,Spot equities / ETFs,execution_action_quality,financing_cost_calc,false,decision|instrument|principal_usd|annual_rate|day_count|days|cost_usd,decision|instrument|principal_usd|annual_rate|day_count|days|cost_usd,
SB-L5-002,stockbench-l5-002,L5,L5,0,VERIFIED,ea5adb3d27bd642007edb498fdb077e9ae9e20d4ed108cfda5dae16846c7a543,3ea82dca74f6b1b75e1772d473da93f3d52c8710c5c83899a46324e7e7c83f2e,cf859e6725f71db9a13cd859615b76f3f8e5c74e98a435709f4a6955ec99328b,true,1,1,Futures / commodities / spreads / rolls,execution_action_quality,order_ticket_mapping,true,decision|instrument|side|quantity|order_type|limit_price|multiplier|time_in_force|feasibility,decision|instrument|side|quantity|order_type|limit_price|multiplier|time_in_force|feasibility,
SB-L5-003,stockbench-l5-003,L5,L5,0,VERIFIED,1b43fdf8aec6f4b18d1e794bbc6493240e21e1446851b2a3f4da7174d7a37a86,5dd4a7610ea1e2444cfeca43ddfc8bd31e3ffcb23841d3438caf595cc87d9d7c,770823b436e27112bb49990ee69be2c7a9bf641f6abe76dacd749b822ec0d20a,true,1,1,Spot equities / ETFs,execution_action_quality,order_ticket_mapping,false,decision|instrument|side|quantity|order_type|limit_price|time_in_force|feasibility,decision|instrument|side|quantity|order_type|limit_price|time_in_force|feasibility,
SB-L5-004,stockbench-l5-004,L5,L5,0,VERIFIED,3638cf967a1c15d8813f206d4e02bbd8d88efefb3b29b85949e20070bdc5c903,b9a0b4dfa6d4325eee2d1da704aaeb843883cc61a49c3d2aa913959fa0e523e5,7f73e52bab8715837196f96610208962da9c8072b1b11ba48dd5959a6510ecda,true,1,1,Listed options strategy / Greeks,execution_action_quality,order_ticket_mapping,false,decision|instrument|side|quantity|order_type|limit_price|multiplier|time_in_force|feasibility,decision|instrument|side|quantity|order_type|limit_price|multiplier|time_in_force|feasibility,
SB-L5-005,stockbench-l5-005,L5,L5,0,VERIFIED,7f39b95358b5029ec267f9118c2d0d9ba02d41c4b4ebffc27cf98298e87bcc37,c5ec21fa9973b11506bc1e753c77bc508c163f723d898719203a527fa62c6fba,73205b72a0577b363c598e9c2f63a964a43d391f4f9cd47b99a83f6caee2f3ea,true,1,1,Futures / commodities / spreads / rolls,execution_action_quality,order_ticket_mapping,false,decision|instrument|side|quantity|order_type|limit_price|multiplier|time_in_force|feasibility,decision|instrument|side|quantity|order_type|limit_price|multiplier|time_in_force|feasibility,
SB-L6-002,stockbench-l6-002,L6,L6,0,VERIFIED,6b113da6ebb7b04a6a8b88af6f3ed3d7197c6d55b2c58a7a25a562da6447d808,53ff3fdcd02ab7c6fab0126b528a801b7bfd965a32645cdaa9e60f3c0dcc25df,87b9e83f7877c74905f802fe683c8f376c61a0023645dec7f274c03d5d41fc1e,true,1,1,Shorting / borrow / margin / locates,execution_action_quality,short_borrow_sequence,true,decision|instrument|execution_sequence|settlement_rule|settlement_cash_date|feasibility,decision|instrument|execution_sequence|settlement_rule|settlement_cash_date|feasibility,
SB-L6-003,stockbench-l6-003,L6,L6,0,VERIFIED,f76f4e024aa6ca693ee4a87377dcd90213a992e30ade1c6dd3e79f964cb4dbd2,766d86b36f1772e9de7fa8b50b7dffa23b1837a639bc3d987cb802cd9fd741db,e583959918c3bb93af5366e58c1ff1f444fda9d82eb4b07d49e7e19cd980623d,true,1,1,Spot FX / CFDs / multi-currency,execution_action_quality,operational_settlement_sequence,false,decision|instrument|execution_sequence|settlement_rule|settlement_cash_date|feasibility,decision|instrument|execution_sequence|settlement_rule|settlement_cash_date|feasibility,
SB-L6-004,stockbench-l6-004,L6,L6,0,VERIFIED,3db8e1fae3add3268ce53f8a4ca7c201c1ef0aa9c2ef3ce7cee23653502da7c1,9ac1f3e66db4ae665025fbf70f2375f18b170fb55094980b9bbccf4384b96060,d61456b7bda77dd701794056cae091e4e64b812904d95f863758e97169a34644,true,1,1,Spot equities / ETFs,judgment_risk_augmentation,operational_settlement_sequence,false,decision|instrument|execution_sequence|settlement_rule|settlement_cash_date|feasibility,decision|instrument|execution_sequence|settlement_rule|settlement_cash_date|feasibility,
SB-L6-005,stockbench-l6-005,L6,L6,0,VERIFIED,6fa4d35c55acab5d9aa24985525bc987db4daca07e49cf24f05381852851edb7,53e3d83f0198c85f42e9842e4c56a9a0a3a9a265ebf6a67b6412f79be208c5b9,e1c58a938ae6337fe457ecb51a8898125b61c03601824776479886ae1d37ab6b,true,1,1,Listed options strategy / Greeks,execution_action_quality,operational_settlement_sequence,false,decision|instrument|execution_sequence|settlement_rule|settlement_cash_date|feasibility,decision|instrument|execution_sequence|settlement_rule|settlement_cash_date|feasibility,
SB-L7-002,stockbench-l7-002,L7,L7,0,VERIFIED,21794ee0a9fd106a7c44344c14f9943c9a56b80b3602865ad63ff9faa96eeb6e,3d61167c247c3496ce05544dc20062185be7dd3d270cc8e909811a7799bdfcf4,20bcb294b2f343feeb6323fec513f11a5a83d0110da2ff256867365e04ad1e90,true,1,1,Futures / commodities / spreads / rolls,execution_action_quality,futures_whole_unit_sizing,true,decision|instrument|target_notional_usd|price|multiplier|contracts|used_notional_usd|residual_cash_usd,decision|instrument|target_notional_usd|price|multiplier|contracts|used_notional_usd|residual_cash_usd,
SB-L7-003,stockbench-l7-003,L7,L7,0,VERIFIED,a06fb82b0e4516a1428f5657c5bab80909fcc0b0a6c225f175620f066059f45b,536a019e33352985057673d5d666eb5b2b387ba9473fcd1011fbda997b4b76aa,c0448f4321d8292fa08d037ba41e63681a668aa4b5c4f84d628882567271c0ef,true,1,1,Shorting / borrow / margin / locates,judgment_risk_augmentation,short_notional_sizing,true,decision|instrument|target_short_notional_usd|price|locate_shares|short_shares|used_notional_usd|residual_unfilled_usd,decision|instrument|target_short_notional_usd|price|locate_shares|short_shares|used_notional_usd|residual_unfilled_usd,
SB-L7-004,stockbench-l7-004,L7,L7,0,VERIFIED,a6a38177bef288c4763f21f33e144f54c88d9584b76536a5b4f4ac6a54945b7b,8022043b4c6e76e643dd9675f27be0ff6c4d9a496d87dc613ed5ef7b1bbfcddb,66410862f0d797537822cb9f6e83e7b39036e8eb183540b8f8ff91ff3d51b9d6,true,1,1,Execution / liquidity / microstructure,execution_action_quality,liquidity_capped_sizing,true,decision|instrument|target_notional_usd|price|max_participation_shares|filled_shares|used_notional_usd|residual_notional_usd,decision|instrument|target_notional_usd|price|max_participation_shares|filled_shares|used_notional_usd|residual_notional_usd,
SB-L7-005,stockbench-l7-005,L7,L7,0,VERIFIED,470b8eb233c54436490bffdaafbb1859670fd9697f6cd8c6bb4ab418cacd01c3,1d5884ff664ec4ded8683c9e937c14ba8fd5306a489295d600ab44aaf020e719,52778b8431867ad7d8dc26e0df170f44d0bffc911d2ee7b414bfa4494e5298d1,true,1,1,Spot FX / CFDs / multi-currency,execution_action_quality,fx_lot_sizing,false,decision|instrument|usd_budget|spot|lot_size_eur|lots|eur_amount|used_usd|residual_usd,decision|instrument|usd_budget|spot|lot_size_eur|lots|eur_amount|used_usd|residual_usd,
SB-L8-002,stockbench-l8-002,L8,L8,0,VERIFIED,4bb8f0607bc91058910a5965171f893f25bd57d6fe7766161c69a73664e3a3f0,7ac27cf22d80c27aceef55a8d38aa76e41ba6dbc01e9516670ab508edc989880,40750b3715a4124a218dfcafd0610939baa5431205cb56c9756f95fabc94c0d6,true,1,1,Spot equities / ETFs,judgment_risk_augmentation,equity_order_ticket,false,decision|selected_route|instrument|side|quantity|order_type|limit_price|trade_value_usd|settlement_rule|settlement_cash_date|feasibility|rejected_routes,decision|selected_route|instrument|side|quantity|order_type|limit_price|trade_value_usd|settlement_rule|settlement_cash_date|feasibility|rejected_routes,
SB-L8-003,stockbench-l8-003,L8,L8,0,VERIFIED,31ffdb66d6e986bd2f9c0c9e0ef4f408d8fc179afa9d7b787f5089c04bbfb2d1,5590b43445e764baa4a1a5eff7a4e298a5971dc2ab4a25b6e6548487a8e3f7a9,81afcab59505c61454cdae3d24407614dba963ecb685fa63c73f0f8c2e69a73a,true,1,1,Listed options strategy / Greeks,execution_action_quality,put_spread_downside_floor,false,decision|selected_route|buy_put_strike|sell_put_strike|contracts|net_premium_paid|scenario_pnl_usd|feasibility|rejected_routes,decision|selected_route|buy_put_strike|sell_put_strike|contracts|net_premium_paid|scenario_pnl_usd|feasibility|rejected_routes,
SB-L8-004,stockbench-l8-004,L8,L8,0,VERIFIED,b0024a0a34fccca1708133a021619684d628ff11cbad2bf4bbbbcd203d8b23fb,12bdf50d02fba35ac870fe085bbabf9303472594c69945f493307a241c2d67e4,dc401f1680400e0de2ea7d4c38bf201f29978fd4836aa102aeb7bf736057e297,true,1,1,Futures / commodities / spreads / rolls,execution_action_quality,commodity_roll_basis_hedge,true,decision|selected_route|contracts|roll_cost_usd|fees_usd|total_cost_usd|feasibility|rejected_routes,decision|selected_route|contracts|roll_cost_usd|fees_usd|total_cost_usd|feasibility|rejected_routes,
SB-L8-005,stockbench-l8-005,L8,L8,0,VERIFIED,0a2af365521735a577da8b0616c74ceab0b9779d61a0f9ef9cb2436f02445e0d,f7829ff72a313b31f394303741f9a9c215b096fda2257306584e222804018ca0,f82ac99e0714e572137c2c98d9faf7f2694571be5aaaac0bc530b39ef18578cd,true,1,1,Portfolio risk / rebalancing,judgment_risk_augmentation,risk_budget_rebalance,false,decision|selected_route|es_contracts|beta_reduction_usd|beta_reduction_pct|margin_used|expected_cost|feasibility|rejected_routes,decision|selected_route|es_contracts|beta_reduction_usd|beta_reduction_pct|margin_used|expected_cost|feasibility|rejected_routes,
SB-L8-006,stockbench-l8-006,L8,L8,0,VERIFIED,ee1862b25ec391fa9c7980d4a6e87c5c3633fef4baab44f561a46d0146a90fde,6f89d4a7d5d2103d97f2a6c40b96b8a2e58b39876c3bd7a9eafb91ee2c90acd9,15c70f41fd64093a772d464a7ef567c1a0e9b5cfd88f65d7555246098c708471,true,1,1,Shorting / borrow / margin / locates,execution_action_quality,short_locate_failure,true,decision|selected_route|instrument|short_shares|put_contracts|premium_paid|bearish_delta_shares|feasibility|rejected_routes,decision|selected_route|instrument|short_shares|put_contracts|premium_paid|bearish_delta_shares|feasibility|rejected_routes,
SB-L8-007,stockbench-l8-007,L8,L8,0,VERIFIED,043d95c5ac17f367c4566138088258b42148ed990b5fbacdfb60a74959946be8,240e990b59adc04b746b3a5f1841b9d8ff41c7b93c6122027d8ae158dcd898ec,457dd217dc2e9d0b309b77b201636047abd35f67ddae50df27af3345a9d5663e,true,1,1,Execution / liquidity / microstructure,execution_action_quality,invalid_route_session_trap,true,decision|selected_route|instrument|order_shares|limit_price|venue|feasibility|rejected_routes,decision|selected_route|instrument|order_shares|limit_price|venue|feasibility|rejected_routes,
SB-L8-008,stockbench-l8-008,L8,L8,0,VERIFIED,e00c01bbe1f678fccf74e5bac683b74616f13597ddd5f6ba8a83913c8c9ab811,23659e296f9701058a631aa7ef94787d9b6def9bb96ca2c8b681bc8e4c636ae8,62ffc11b0f1988d9d031060fc67b0f13c9770729dec94744c68424e78fdb06ee,true,1,1,Spot FX / CFDs / multi-currency,judgment_risk_augmentation,multi_currency_cash_buffer,true,decision|selected_route|eur_amount|usd_cost|settlement_date_rule|feasibility|rejected_routes,decision|selected_route|eur_amount|usd_cost|settlement_date_rule|feasibility|rejected_routes,
SB-L8-009,stockbench-l8-009,L8,L8,0,VERIFIED,8dacef572968ae130bd2977127c4a7a97c26761e5a6ee7246664852d58b4a610,2c1b55b890b2fa50cb30b0b580ab75d5c62b88d4f7d26588cf3bc49dc259e1df,0084a3c80882cf6615b5f1baf0db49beaa8fc0e163dc7c47fbce3f4967998e4b,true,1,1,Corporate actions / settlement / calendar / jurisdiction,execution_action_quality,regional_market_holiday,true,decision|selected_route|trade_value_usd|settlement_rule|settlement_cash_date|feasibility|rejected_routes,decision|selected_route|trade_value_usd|settlement_rule|settlement_cash_date|feasibility|rejected_routes,
SB-L8-010,stockbench-l8-010,L8,L8,0,VERIFIED,0e97e8c7948fa014f409ec4d832b0b6192e168c32aa74091cf56bd96b760317c,abec52c02cbc3faec00f8b50804313e24a369a1d91ed04d178b0def77b3a7389,1670be62bbb39c590b01e889993f83d3b298d3d33e9d7c737bf63bb6f0d9c725,true,1,1,Spot equities / ETFs,execution_action_quality,equity_order_ticket,false,decision|selected_route|instrument|side|quantity|order_type|limit_price|trade_value_usd|settlement_rule|settlement_cash_date|feasibility|rejected_routes,decision|selected_route|instrument|side|quantity|order_type|limit_price|trade_value_usd|settlement_rule|settlement_cash_date|feasibility|rejected_routes,
SB-L9-008,stockbench-l9-008,L9,L9,0,VERIFIED,bcdf247bc193276c725f62d9e95824575ef57fcaf971fee1b5456225f8ea9aeb,050706c439f36e7bfb3235f1083d2d89def729fbc7aa93d84c025be77ab8f323,c3168e0ed23f893d6d9f776331e5e6d257a9c5aa9fbb7346502bfee058d82918,true,1,1,Execution / liquidity / microstructure,judgment_risk_augmentation,invalid_route_session_trap,true,decision|selected_route|instrument|order_shares|limit_price|venue|feasibility|rejected_routes,decision|selected_route|instrument|order_shares|limit_price|venue|feasibility|rejected_routes,
SB-L9-009,stockbench-l9-009,L9,L9,0,VERIFIED,fdb164dce2536228fc3cae9d74c89b274cba43d9eb1d8ea6d88c792b46cc57aa,cc8454ee585efa6a00541a5e7bd8ab4ff5444de2a52e63e15a2ce27069a60f01,aa879e05ae55afb86fae1985ff45816661cc3fef2df4b85f1651dc5adc2eba78,true,1,1,Execution / liquidity / microstructure,execution_action_quality,auction_session_constraint,true,decision|selected_route|instrument|order_shares|limit_price|venue|feasibility|rejected_routes,decision|selected_route|instrument|order_shares|limit_price|venue|feasibility|rejected_routes,
SB-L9-010,stockbench-l9-010,L9,L9,0,VERIFIED,ef5f9652ad8121f69ef559cbfb34670b058844d9d413f5dff1d7f33fa8812ed4,2d0511dd8e7aafa3b3673cabaf84c652ca4a62164c9c45d942dfa200ed7c64cd,92d1deb119e33b6a2c1f7bf450b8a2f0426569e1200df74276ca4574a4816bff,true,1,1,Execution / liquidity / microstructure,execution_action_quality,twap_slippage_limit,true,decision|instrument|side|clip_size_shares|filled_shares|average_price|limit_price|feasibility|rejected_routes,decision|instrument|side|clip_size_shares|filled_shares|average_price|limit_price|feasibility|rejected_routes,
SB-L9-011,stockbench-l9-011,L9,L9,0,VERIFIED,8e8ae14c404270e0f57812ac0acc9bd9c8b79241cc38de34dadda2d1ac0b6893,8521f90ba29ad82dfd4c5836db851dc0901fd1828a4889d31bd1232c8a1fadcc,c94f0e652e81f39844cf3a74e2a6ed3a55e8775cbb3df12ef892fd0b35731bb7,true,1,1,Spot FX / CFDs / multi-currency,judgment_risk_augmentation,fx_settlement_mismatch,true,decision|selected_route|eur_amount|usd_cost|settlement_date_rule|feasibility|rejected_routes,decision|selected_route|eur_amount|usd_cost|settlement_date_rule|feasibility|rejected_routes,
SB-L9-012,stockbench-l9-012,L9,L9,0,VERIFIED,89916e5a9bfb746e6e1000a224708993e0d60902c4ed5c62b9fc0d064545bb01,c872fabe1e5902129e1cf0673a46cb947983ff7c2a5d4988c961ca6ac50c00a9,20d96be0638d366dd3b452ac68ab1cfe093b4550262d0dad0233ec094e013a8a,true,1,1,Execution / liquidity / microstructure,execution_action_quality,invalid_route_session_trap,true,decision|selected_route|instrument|order_shares|limit_price|venue|feasibility|rejected_routes,decision|selected_route|instrument|order_shares|limit_price|venue|feasibility|rejected_routes,
SB-L9-013,stockbench-l9-013,L9,L9,0,VERIFIED,06bb56fbc88b6ce52dade4135381f9480f1694bd246624b6044c2c7240c6fc6d,bf34b46c7141b92281b6f3a422f9107627f00aa89008a97b146887e61c9f3977,1f28395b641839c09af1dab37b182fb0588c96c07535f75584acd70234a2bed0,true,1,1,Spot FX / CFDs / multi-currency,execution_action_quality,multi_currency_cash_buffer,true,decision|selected_route|eur_amount|usd_cost|settlement_date_rule|feasibility|rejected_routes,decision|selected_route|eur_amount|usd_cost|settlement_date_rule|feasibility|rejected_routes,
SB-L9-014,stockbench-l9-014,L9,L9,0,VERIFIED,b1cafadb7de18b447ad6a6da5347a5d940a907beab1a7b4e55ce709a830c3712,78690314dc25ce75d986d56af336bc586e4cc23182a7924c9986216511d8788e,6ee8752f78dc2e4f836887f2235e800a06e45c8096dc14a0331e09d8c987ab96,true,1,1,Listed options strategy / Greeks,judgment_risk_augmentation,exercise_assignment_roll_decision,false,decision|selected_route|instrument|dividend_per_share|call_time_value|exercise_early|feasibility|rejected_routes,decision|selected_route|instrument|dividend_per_share|call_time_value|exercise_early|feasibility|rejected_routes,
SB-L9-015,stockbench-l9-015,L9,L9,0,VERIFIED,80aa2008263d34abad438a6460737c6caeb0d6334be936e14fb8ca135b4d6108,b3b6ced8bbd6e17fb759cee20f6de99e6b78f76aa9ca0dc89cb0e16d9c4d0d9d,670ef9d97d1844010652c58b760cc5151f4c5776568b145591e79f4cec876365,true,1,1,Futures / commodities / spreads / rolls,execution_action_quality,futures_beta_hedge,true,decision|selected_route|es_contracts|beta_reduction_usd|beta_reduction_pct|margin_used|expected_cost|feasibility|rejected_routes,decision|selected_route|es_contracts|beta_reduction_usd|beta_reduction_pct|margin_used|expected_cost|feasibility|rejected_routes,
SB-L9-016,stockbench-l9-016,L9,L9,0,VERIFIED,e2f7858dcc50f7b8ad88aa424e3ab7d570f8a662934586b25b69e7a984ac9ff7,9c4e9523f15a5b486c464dbddea3fa1cdde79228187bfc5689bded1fd5dbf28a,d79e4a06ec1416de8033bba1d5956f0f2397f4464985435cb0c16f77353e72fa,true,1,1,Execution / liquidity / microstructure,execution_action_quality,invalid_route_session_trap,true,decision|selected_route|instrument|order_shares|limit_price|venue|feasibility|rejected_routes,decision|selected_route|instrument|order_shares|limit_price|venue|feasibility|rejected_routes,
SB-L9-017,stockbench-l9-017,L9,L9,0,VERIFIED,b681fdea66ac218a4858cc484e4f63e15b778536a571032717dee1deaf66c96e,3a8f90b22949a7c35149037e4718ede432aaec93ac105de592d60730b9b36b07,143c93f7660300690b27f6070cb2edd384b040cdade47e2787b5c53721d349a0,true,1,1,Spot FX / CFDs / multi-currency,judgment_risk_augmentation,multi_currency_cash_buffer,true,decision|selected_route|eur_amount|usd_cost|settlement_date_rule|feasibility|rejected_routes,decision|selected_route|eur_amount|usd_cost|settlement_date_rule|feasibility|rejected_routes,
SB-L9-018,stockbench-l9-018,L9,L9,0,VERIFIED,0454a6b4ddfe06422fea8708e750a664b32a40e008bfb294bd33200b0da9861c,6307d4da5fabb5626e1274c7c1559594e1e150f389c7c23432bdcf5ca4d8bcde,15936088f441697c5cbf19dc6c52700c4e3fd198b0546799b8427a0df654ef57,true,1,1,Listed options strategy / Greeks,execution_action_quality,exercise_assignment_roll_decision,false,decision|selected_route|instrument|dividend_per_share|call_time_value|exercise_early|feasibility|rejected_routes,decision|selected_route|instrument|dividend_per_share|call_time_value|exercise_early|feasibility|rejected_routes,
SB-L9-019,stockbench-l9-019,L9,L9,0,VERIFIED,be0e0d1b841093fde01c0674b8e5e93996c767d99c7f62083ad054728ccf2079,5f25e45370fe58800e657d621dee5b502d415caf310d4070ec388209faf63a2e,bdb04135f3a6c1024ed4c31945bd55eea0a6e9cd0aca47659c6a3c4b4a967a86,true,1,1,Futures / commodities / spreads / rolls,execution_action_quality,futures_beta_hedge,true,decision|selected_route|es_contracts|beta_reduction_usd|beta_reduction_pct|margin_used|expected_cost|feasibility|rejected_routes,decision|selected_route|es_contracts|beta_reduction_usd|beta_reduction_pct|margin_used|expected_cost|feasibility|rejected_routes,
SB-L9-020,stockbench-l9-020,L9,L9,0,VERIFIED,22034be6659d14c11dad15f694d7b1679dab6c1f83715759a03929d323f167c3,93ac1f8eb9e58291c44b9f04badec59f5ff12d6512e6c75b7d0b3074b4140291,f7260441a7418cfdcf7f06744a75c447df38902de090e18bf609b1cb18fef88d,true,1,1,Execution / liquidity / microstructure,judgment_risk_augmentation,invalid_route_session_trap,true,decision|selected_route|instrument|order_shares|limit_price|venue|feasibility|rejected_routes,decision|selected_route|instrument|order_shares|limit_price|venue|feasibility|rejected_routes,
SB-L9-021,stockbench-l9-021,L9,L9,0,VERIFIED,e3d062bf81c3cf2e14c2108059b590dfec06310ac358ff8adbf4ffa1fcedb2fb,12b98ade2f4e5833fd4a98829444190ad6141136d3804a5db32e9ecf376abb00,56648cb66c3d5d2276b96247d60badf0cd6ac3c1d617923a06d29cf3e86f79fd,true,1,1,Spot FX / CFDs / multi-currency,execution_action_quality,multi_currency_cash_buffer,true,decision|selected_route|eur_amount|usd_cost|settlement_date_rule|feasibility|rejected_routes,decision|selected_route|eur_amount|usd_cost|settlement_date_rule|feasibility|rejected_routes,
SB-L9-022,stockbench-l9-022,L9,L9,0,VERIFIED,c337b93f094a8c419e58dfa918f653fb261675f994962225bd4246310ffc0ccd,47fe726ba4d63ebfaad74e340bcdfbff09d79856ddf00288f55b8b0967c08bbd,e22cbb84e7c389a5a19c8bf1ae0f9bac9119617392982ccd8ee5e5b255821311,true,1,1,Listed options strategy / Greeks,execution_action_quality,exercise_assignment_roll_decision,false,decision|selected_route|instrument|dividend_per_share|call_time_value|exercise_early|feasibility|rejected_routes,decision|selected_route|instrument|dividend_per_share|call_time_value|exercise_early|feasibility|rejected_routes,
SB-L9-023,stockbench-l9-023,L9,L9,0,VERIFIED,36c9a91e883a19e9b01d8b17ba44d3a2381a2d32933eaac850014d9cc3cc3daa,a06ce679b32ddc24ff523c9e8d12164ac3868c9025e1e398aed35cfac182c890,2e9c4fa99036a7651617254d0c9e9fa085f36c73b07094de40fa568281665ee5,true,1,1,Futures / commodities / spreads / rolls,judgment_risk_augmentation,futures_beta_hedge,true,decision|selected_route|es_contracts|beta_reduction_usd|beta_reduction_pct|margin_used|expected_cost|feasibility|rejected_routes,decision|selected_route|es_contracts|beta_reduction_usd|beta_reduction_pct|margin_used|expected_cost|feasibility|rejected_routes,
SB-L9-024,stockbench-l9-024,L9,L9,0,VERIFIED,566d2370cfb13785396f3632c3f23c88008a1ad10761d0fe62b44b393f75682b,6f6aa114d4f2ce1d16458698875219e914b99da606132087db43d3a15e058220,b9767be84446970c0676cb66917645608a68ca74411caa1c14db1a74cef623aa,true,1,1,Portfolio risk / rebalancing,execution_action_quality,multi_asset_drawdown_hedge,false,decision|selected_route|es_contracts|beta_reduction_usd|beta_reduction_pct|margin_used|expected_cost|feasibility|rejected_routes,decision|selected_route|es_contracts|beta_reduction_usd|beta_reduction_pct|margin_used|expected_cost|feasibility|rejected_routes,
SB-L9-025,stockbench-l9-025,L9,L9,0,VERIFIED,203ccf176d025d8dfdfda84ca37c557aad8396f2ee8a68f124d4b07b5a134aa6,7e3cb9d33939efea9629b51ca439146a0691344e7e7441765290077e9707c2ad,ce62cb91f5729a0f2e7ef276d4431a589d5d0a17507fd72452aba38e3bb69e2e,true,1,1,Execution / liquidity / microstructure,execution_action_quality,auction_session_constraint,true,decision|selected_route|instrument|order_shares|limit_price|venue|feasibility|rejected_routes,decision|selected_route|instrument|order_shares|limit_price|venue|feasibility|rejected_routes,
SB-L9-026,stockbench-l9-026,L9,L9,0,VERIFIED,bc1a7b4a72fc56b9ead4a9f1714c2cb06e60369186153e364140afd745b9fd86,39cfad24ef52ec8fb55bd3f88dc5b1b93c5fd8d722bbf97c6393bb0bed3014e8,68931494dc1656ee2a6f79bd9abe0aa90d8df9519d2e28e014604dceed1c2985,true,1,1,Spot FX / CFDs / multi-currency,judgment_risk_augmentation,forward_vs_spot_payment,false,decision|selected_route|eur_amount|usd_cost|settlement_date_rule|feasibility|rejected_routes,decision|selected_route|eur_amount|usd_cost|settlement_date_rule|feasibility|rejected_routes,
SB-L9-027,stockbench-l9-027,L9,L9,0,VERIFIED,47df6f75d1c4d4d61928fbc71f768c3d1efc71aee75b4671eac287c10788ed58,eb5f57c48b4b21e349fd81ba0de5bfc8dc68371f27771ee8d20dd2337799c96f,6a436c5ad84ab1f26fcaf740973d9775220de92ec811c581bb5a8ff9c0a85760,true,1,1,Corporate actions / settlement / calendar / jurisdiction,execution_action_quality,ex_dividend_adjustment,true,decision|selected_route|adjusted_stop_price|option_strike_adjusted|option_strike_after|feasibility|rejected_routes,decision|selected_route|adjusted_stop_price|option_strike_adjusted|option_strike_after|feasibility|rejected_routes,
SB-L9-028,stockbench-l9-028,L9,L9,0,VERIFIED,cb33f46af52cf2ad60b0b61c81f310723d0a6130cf7566bee8b54bf8da556a38,e43c29004ee188c70d0ee0d87b4b29610796a644af7e2ae69b93946dd2c18270,6ea3dfa8faa7d3d13d002200c2a4534aaf5f4a6355156042c3279e2efcad442d,true,1,1,Feasibility / rejection / no-trade traps,execution_action_quality,borrow_recall_margin_hedge,true,decision|selected_route|instrument|buy_to_cover_shares|put_contracts|premium_paid|feasibility|rejected_routes,decision|selected_route|instrument|buy_to_cover_shares|put_contracts|premium_paid|feasibility|rejected_routes,
SB-L9-029,stockbench-l9-029,L9,L9,0,VERIFIED,6fe59a885fc074bebc68138ce61b66f2900d913af0f8f648219474d9a248d444,90dccb7f173b8077cade54dfef81323bd66b5853ffac87a0b98d57f40cf0332e,8d974685f07ad7cdab823724c98f3d6abadcef7057dff71228b69cc9439fdff9,true,1,1,Listed options strategy / Greeks,judgment_risk_augmentation,early_assignment_dividend_risk,false,decision|selected_route|instrument|call_strike|dividend_per_share|call_time_value|early_assignment_risk|feasibility|rejected_routes,decision|selected_route|instrument|call_strike|dividend_per_share|call_time_value|early_assignment_risk|feasibility|rejected_routes,
SB-L9-030,stockbench-l9-030,L9,L9,0,VERIFIED,51153be7f27a22f543cb4c86c8460636c4759fb2a54c92ea85e12a67051c5fe4,190b075d9a90f7776ccc4b0fdd42745a95550dbc2211fe2604c19a6a7ac80420,1a4f813883211078e7178d36c614246b63731761fbf8178a585afd71625e109a,true,1,1,Futures / commodities / spreads / rolls,execution_action_quality,span_margin_calendar_spread,false,decision|selected_route|spread_count|expected_carry_usd|margin_used|feasibility|rejected_routes,decision|selected_route|spread_count|expected_carry_usd|margin_used|feasibility|rejected_routes,
SB-L9-031,stockbench-l9-031,L9,L9,0,VERIFIED,fd961cc767197a253eaad2f73d9bda631ebc539062c0a5ff4e51f471cac44d2d,0472b0e1915eb228fe340032c871f55bb1c20ea3d2d08dce460f8857e8bbabd2,a56fc70b97b6439838e9e8bcbea66a82e704dd55f7beb83fbba5b2dd41e31bcc,true,1,1,Portfolio risk / rebalancing,execution_action_quality,beta_dollar_rebalance,true,decision|selected_route|es_contracts|beta_reduction_usd|beta_reduction_pct|margin_used|expected_cost|feasibility|rejected_routes,decision|selected_route|es_contracts|beta_reduction_usd|beta_reduction_pct|margin_used|expected_cost|feasibility|rejected_routes,
SB-L9-032,stockbench-l9-032,L9,L9,0,VERIFIED,7ef3a96b2ac0a3f297a899dc4076faccf44947dc2c9a93a9d2e65928430e17c1,c7152ef0c631c4dacaab03dff3d5a0b72e33720990d8a3d00e7c3daf4fcd3c15,951eb72555965e31f1a9f462443895d41e5bc38e3de15ae645f17096f4b46a15,true,1,1,Execution / liquidity / microstructure,judgment_risk_augmentation,invalid_route_session_trap,true,decision|selected_route|instrument|order_shares|limit_price|venue|feasibility|rejected_routes,decision|selected_route|instrument|order_shares|limit_price|venue|feasibility|rejected_routes,
SB-L9-033,stockbench-l9-033,L9,L9,0,VERIFIED,5832e6c8745f9d9bd80f3a68b41f056e114831f0fed8a1c5e3c535f44251d574,ec8189a9ca6a6eb87536afbe7a175fe2b599744c04bf0e7561240eded4f124dd,34ef8ce56c47b9f3dc5476d6bd4f6fc2609ff71c467c93c00c23058fce96f252,true,1,1,Spot FX / CFDs / multi-currency,execution_action_quality,multi_currency_cash_buffer,true,decision|selected_route|eur_amount|usd_cost|settlement_date_rule|feasibility|rejected_routes,decision|selected_route|eur_amount|usd_cost|settlement_date_rule|feasibility|rejected_routes,
SB-L9-034,stockbench-l9-034,L9,L9,0,VERIFIED,aaf2f9f6dc810339d90abd68b6b31caa2519d29c22759347aa27bd2c415d3e0b,927af9cbe0eae36e7e0d6ff26086e7893ec3e9004cc7dc2531b1734aa600bb01,f6ec601093ea85e5e81c556166d58360d97f4ca67f511c82b4541e8d9346825a,true,1,1,Corporate actions / settlement / calendar / jurisdiction,execution_action_quality,regional_market_holiday,true,decision|selected_route|trade_value_usd|settlement_rule|settlement_cash_date|feasibility|rejected_routes,decision|selected_route|trade_value_usd|settlement_rule|settlement_cash_date|feasibility|rejected_routes,
SB-L9-035,stockbench-l9-035,L9,L9,0,VERIFIED,e24cfccfbadb9c3bc2f76768d0a2769c610f5892a7d0161e0d522744e7b38516,fe8d778d76d6d299f9a734234db223f7ac643d87ea9c15b6010d617db9756452,cc8300cc71b59d105c59339ec271bcff14dec353d7b54c1e3ede1a6f64687d3b,true,1,1,Feasibility / rejection / no-trade traps,judgment_risk_augmentation,no_trade_invalid_route,true,decision|selected_route|instrument|requested_shares|feasibility|rejected_routes,decision|selected_route|instrument|requested_shares|feasibility|rejected_routes,
SB-L9-036,stockbench-l9-036,L9,L9,0,VERIFIED,296343b3bc02006464fe8ae16ec761711cb0ce95e00577535167e768bb6ea3fa,9b7fd70cbac76c1a717a2cddae00f8a04b3ed9bfede5e68980f8f8bbcee45ee8,4801b26ff18b69c6db9848b8798c217efebf659cd231a97b34f76611ebb72d05,true,1,1,Spot equities / ETFs,execution_action_quality,etf_sector_rebalance_t_plus_one,false,decision|selected_route|instrument|side|quantity|order_type|limit_price|trade_value_usd|settlement_rule|settlement_cash_date|feasibility|rejected_routes,decision|selected_route|instrument|side|quantity|order_type|limit_price|trade_value_usd|settlement_rule|settlement_cash_date|feasibility|rejected_routes,
SB-L9-037,stockbench-l9-037,L9,L9,0,VERIFIED,c21221888e91a8392715ec9d48b2f98d564ee7256b75d194611c9eb5e9dfc4e8,93e38b31c7ee56683c31fd52fe16edca0280689e0358ee080cb7c4e1b80e7119,572619418b406a2618974454ba21408d615c04558b99d81ad3ead897a96aab46,true,1,1,Listed options strategy / Greeks,execution_action_quality,early_assignment_dividend_risk,false,decision|selected_route|instrument|call_strike|dividend_per_share|call_time_value|early_assignment_risk|feasibility|rejected_routes,decision|selected_route|instrument|call_strike|dividend_per_share|call_time_value|early_assignment_risk|feasibility|rejected_routes,
SB-L9-038,stockbench-l9-038,L9,L9,0,VERIFIED,6dd3744e9cfa49ec9fb77f1cd2f3fc25a178603083e60187445df0867fdc51b2,e6316b307ae704340ccc0df521c4fec9c92e2878d1892b7689d19ccbccd9e0fe,c8350f97099728f3fc005447d09bc7226a5fba8b55dd59c2f32eea9ad14c6ba5,true,1,1,Futures / commodities / spreads / rolls,judgment_risk_augmentation,span_margin_calendar_spread,false,decision|selected_route|spread_count|expected_carry_usd|margin_used|feasibility|rejected_routes,decision|selected_route|spread_count|expected_carry_usd|margin_used|feasibility|rejected_routes,
SB-L9-039,stockbench-l9-039,L9,L9,0,VERIFIED,803f20bce678975c8a9f9d57b87df1eaed3580dedbef1a42511e8ff15a8b2d32,f5961f73752edfb8ad963cbdb5c81ee452b0a0b654660567ce3a302a2f5dc4d5,c9494a5ee38cc7f941dda8d8779633ed111e692d82206685b1c44d70b0addc40,true,1,1,Portfolio risk / rebalancing,execution_action_quality,beta_dollar_rebalance,true,decision|selected_route|es_contracts|beta_reduction_usd|beta_reduction_pct|margin_used|expected_cost|feasibility|rejected_routes,decision|selected_route|es_contracts|beta_reduction_usd|beta_reduction_pct|margin_used|expected_cost|feasibility|rejected_routes,
SB-L9-040,stockbench-l9-040,L9,L9,0,VERIFIED,1d8f0be7a3540b2b36696b9d91f6a36ebf3ae3d1927b1ee5e0bcbc5087c5a763,9d3fcd733191d94a25e1cb49b495f77e17c30923949683702ab205f3ce7993f2,3a694057b166603c3a51865a0b341f276cf385f91872ee29894553d26042ae60,true,1,1,Shorting / borrow / margin / locates,execution_action_quality,borrow_cost_vs_trade_edge,true,decision|selected_route|instrument|short_shares|put_contracts|premium_paid|bearish_delta_shares|feasibility|rejected_routes,decision|selected_route|instrument|short_shares|put_contracts|premium_paid|bearish_delta_shares|feasibility|rejected_routes,
SB-L9-041,stockbench-l9-041,L9,L9,0,VERIFIED,f5b670061001c6e07b548f6941ffe81672135e42b80970f02f49b19a9961e958,96a33ddeba1e140252febafbdc2fc0d360cef382b88b769b75e2d3bba09015a7,8f9abb13beb00595ffbd503194291f40992b972001dd2f739034d7f29a2ff658,true,1,1,Execution / liquidity / microstructure,judgment_risk_augmentation,auction_session_constraint,true,decision|selected_route|instrument|order_shares|limit_price|venue|feasibility|rejected_routes,decision|selected_route|instrument|order_shares|limit_price|venue|feasibility|rejected_routes,
SB-L9-042,stockbench-l9-042,L9,L9,0,VERIFIED,fcedb2be1402f0b70588eec0080b6d3940c381f7718fe33f4ffee74f988435fa,25e6b94d306b3b3d3b5c76efe5eb358eab71b184e9b7ec7d42a8f788f46b883a,49c5b474b07a5f39cd36e7d16031eb16bd16b82f9893f62bf20baa14c11bf96c,true,1,1,Spot FX / CFDs / multi-currency,execution_action_quality,forward_vs_spot_payment,false,decision|selected_route|eur_amount|usd_cost|settlement_date_rule|feasibility|rejected_routes,decision|selected_route|eur_amount|usd_cost|settlement_date_rule|feasibility|rejected_routes,
SB-L9-043,stockbench-l9-043,L9,L9,0,VERIFIED,e44bcbd06c634578a519bc9635e4999ee1ce4e8c3489bbcb1f2fea4f2e05b1f2,d97b699a34296fb91bb47564460c59792bd93e4a64960762c17c9f56afa09d0f,23a95dd1cc112c97de88f33f69e393a3a9f8468b6898e8fe664a613c0fb89843,true,1,1,Corporate actions / settlement / calendar / jurisdiction,execution_action_quality,ex_dividend_adjustment,true,decision|selected_route|adjusted_stop_price|option_strike_adjusted|option_strike_after|feasibility|rejected_routes,decision|selected_route|adjusted_stop_price|option_strike_adjusted|option_strike_after|feasibility|rejected_routes,
SB-L9-044,stockbench-l9-044,L9,L9,0,VERIFIED,7707cc41fdc25e673e3bfbedb4b224e0f1c900baa78196b349e184b0d57f8fd1,8fa7206a9fd7d8b774738ab675f1371d11f43c02c74d5332882538152009bfe2,7251cf9c6a1eb0513e05e1e9a1da083860e500c9171541987b653077cfcb37b5,true,1,1,Feasibility / rejection / no-trade traps,judgment_risk_augmentation,borrow_recall_margin_hedge,true,decision|selected_route|instrument|buy_to_cover_shares|put_contracts|premium_paid|feasibility|rejected_routes,decision|selected_route|instrument|buy_to_cover_shares|put_contracts|premium_paid|feasibility|rejected_routes,
SB-L9-045,stockbench-l9-045,L9,L9,0,VERIFIED,7cf5a74bf1989fc6978092535853de10a71538968256636bdd7cd6b576364406,fc070fd8686fab5dc03e30121b1cd00a9ca781a561d1f64b09887733e1a086b1,121fd87dabb57ce4c243031050334c224e1c8f24333534d28fd97b1a00e67fc4,true,1,1,Spot equities / ETFs,execution_action_quality,opening_auction_limit,false,decision|selected_route|instrument|quantity|limit_price|venue|feasibility|rejected_routes,decision|selected_route|instrument|quantity|limit_price|venue|feasibility|rejected_routes,
SB-L9-046,stockbench-l9-046,L9,L9,0,VERIFIED,622993a3f3ca7e444d0ea917241e02ff75b7601888fc423895ec4ff18be63a48,f0efc06a9cbc0ff28b141042132e4c8d2763ccb27d3115ebb75d4fdb51133410,87b42837735ffba8c22c4c812d4b3e79c915957c3577ba52b4cf8d60257882b4,true,1,1,Listed options strategy / Greeks,execution_action_quality,exercise_assignment_roll_decision,false,decision|selected_route|instrument|dividend_per_share|call_time_value|exercise_early|feasibility|rejected_routes,decision|selected_route|instrument|dividend_per_share|call_time_value|exercise_early|feasibility|rejected_routes,
SB-L9-047,stockbench-l9-047,L9,L9,0,VERIFIED,b4086fa1721116dff04a2a31cc4cd28e8f145fc1f63d096a4e911430c24f34de,db6c49c3fb4a4ed0b5844cf67ad4f52c7f9062ce67b85c38d3c851734e76c008,0b7a8973dcc8fce7e23ee692fcdb45ebd584757adfc32acff53d2e6704f4a9ff,true,1,1,Futures / commodities / spreads / rolls,judgment_risk_augmentation,futures_beta_hedge,true,decision|selected_route|es_contracts|beta_reduction_usd|beta_reduction_pct|margin_used|expected_cost|feasibility|rejected_routes,decision|selected_route|es_contracts|beta_reduction_usd|beta_reduction_pct|margin_used|expected_cost|feasibility|rejected_routes,
SB-L9-048,stockbench-l9-048,L9,L9,0,VERIFIED,cd06058f7f8193b015c9a91b9476e01b30d50385b85e155f66a49239a4c2c3df,2fc190c31f872f03a8d5cf09bc2c4e3008d6409ee7debd9226103303c368b0aa,1a09849a0db6ee7b30dc0efa88b24c530eaced377906b190419b87cd3a076bbc,true,1,1,Portfolio risk / rebalancing,execution_action_quality,multi_asset_drawdown_hedge,false,decision|selected_route|es_contracts|beta_reduction_usd|beta_reduction_pct|margin_used|expected_cost|feasibility|rejected_routes,decision|selected_route|es_contracts|beta_reduction_usd|beta_reduction_pct|margin_used|expected_cost|feasibility|rejected_routes,
SB-L9-049,stockbench-l9-049,L9,L9,0,VERIFIED,fca11238108dce331b7c62c70d37b7853e1debfadbe57e817e77658d828b5eec,e26c9fecd9d93e3382552440cfd81534c57f8a735cb3a7e5e40dbd8276c70b53,03d49b8caa26e0857a8bd40894d24fcbfa693c56e6736a56ab5c61c1f2f62a39,true,1,1,Shorting / borrow / margin / locates,execution_action_quality,hard_to_borrow_margin_recall,true,decision|selected_route|instrument|short_shares|put_contracts|premium_paid|bearish_delta_shares|feasibility|rejected_routes,decision|selected_route|instrument|short_shares|put_contracts|premium_paid|bearish_delta_shares|feasibility|rejected_routes,
SB-L9-050,stockbench-l9-050,L9,L9,0,VERIFIED,c7587f00c3fc403bf22dcab123c8684679d61aa775b57ac541130f8250951ee3,93f340c9db2a3f31a0c14b81653b22689bd10baae6122a96f7617b75675acef2,f3dde7a110870d60159943589d7529adcf6a9378d0880f25cc69b1dd4dd27690,true,1,1,Execution / liquidity / microstructure,judgment_risk_augmentation,twap_slippage_limit,true,decision|instrument|side|clip_size_shares|filled_shares|average_price|limit_price|feasibility|rejected_routes,decision|instrument|side|clip_size_shares|filled_shares|average_price|limit_price|feasibility|rejected_routes,
SB-L9-051,stockbench-l9-051,L9,L9,0,VERIFIED,210536beb1dba26c51ea570cb9ffde81da2029eb8fd1cb2ec9ba70278d66b7f6,cde5c22cff1ee89b080dd6cdf4689e3722b0cfa6c4b47ff501d7781c6eb890f3,842f85743d2437044f2157b7439dde55673dac0b562dc9b4d02a4ebb004cb5de,true,1,1,Spot FX / CFDs / multi-currency,execution_action_quality,fx_settlement_mismatch,true,decision|selected_route|eur_amount|usd_cost|settlement_date_rule|feasibility|rejected_routes,decision|selected_route|eur_amount|usd_cost|settlement_date_rule|feasibility|rejected_routes,
SB-L9-052,stockbench-l9-052,L9,L9,0,VERIFIED,f49140e91c0d2bf570355b42c6ae49dd0d3afbdc05d7ae7920ec4d66b7bfdd61,0c0988a70a5b1439d1c332cca54ea6772946a19c3dafe649d8e3313ecb3458d3,07014dbc08a0b99b467f9773a00313a1764e268b52558b0b283a4cb4993de9ea,true,1,1,Corporate actions / settlement / calendar / jurisdiction,execution_action_quality,t_plus_one_settlement_sequence,true,decision|selected_route|trade_value_usd|settlement_rule|settlement_cash_date|feasibility|rejected_routes,decision|selected_route|trade_value_usd|settlement_rule|settlement_cash_date|feasibility|rejected_routes,
SB-L9-053,stockbench-l9-053,L9,L9,0,VERIFIED,729c64877d65feb686900747244b96638ae946e9fb5e401f5d785a847d895cd8,71a79c9cc722a2d1622eeca9604bdbc5d1bbf1d129f2afcf9c72df280700634b,81e1cf8a89c96f2481f8d10ca6d6456019cf00c2672b2d0717225a8baed38ef1,true,1,1,Feasibility / rejection / no-trade traps,judgment_risk_augmentation,unsupported_product_permission,true,decision|selected_route|instrument|requested_shares|feasibility|rejected_routes,decision|selected_route|instrument|requested_shares|feasibility|rejected_routes,
SB-L9-054,stockbench-l9-054,L9,L9,0,VERIFIED,6d6edfd0a26629bfe153586eaafb46c4817dea25fd480c57756ed69dbfe1ead3,885fe3f4da177237df8406b2e6e558c6e49dfcd2b4c5f7aa0f504ed3c4625c62,519fcd236d2fc4a6e5672a35e7edbaae36f0c32f56c6153d2bbf1087b9424b8b,true,1,1,Spot equities / ETFs,execution_action_quality,market_on_close_rebalance,false,decision|selected_route|instrument|quantity|limit_price|venue|feasibility|rejected_routes,decision|selected_route|instrument|quantity|limit_price|venue|feasibility|rejected_routes,
SB-L9-055,stockbench-l9-055,L9,L9,0,VERIFIED,c5b36f404313d10542270079014f63f27ad2cc583c9f35bc27eacfd577be449a,80c6995bd1a697065761caa1bc7ec3b40e0f0e95329e7dd8af1638036a967e0d,3e98bd3beeb3d964dee70c9513b2086c3fbeb528ab8825a13c57427df85b5060,true,1,1,Listed options strategy / Greeks,execution_action_quality,covered_call_assignment,true,decision|selected_route|instrument|call_strike|dividend_per_share|call_time_value|early_assignment_risk|feasibility|rejected_routes,decision|selected_route|instrument|call_strike|dividend_per_share|call_time_value|early_assignment_risk|feasibility|rejected_routes,
SB-L9-056,stockbench-l9-056,L9,L9,0,VERIFIED,9775bd49190ca0beb7b594f79593f82cb0090aded749505c6dea435cbabf9778,929a2ce94be0f675383603e36491f8e3bfb2260c5209f8fcf2f96481d3198e1a,e514148ea426db946b33f57ee4e21926229930f5a6bfe0ce50a1cbd99d724038,true,1,1,Futures / commodities / spreads / rolls,judgment_risk_augmentation,futures_roll_calendar,false,decision|selected_route|contracts|roll_cost_usd|fees_usd|total_cost_usd|feasibility|rejected_routes,decision|selected_route|contracts|roll_cost_usd|fees_usd|total_cost_usd|feasibility|rejected_routes,
SB-L9-057,stockbench-l9-057,L9,L9,0,VERIFIED,a1b2962a940bde66b26f3f4035f028400f59ae6cefdf80b5e3b462ff1f3fb9bf,1865782bc4a491c35d5bb17d5d935d61d7f9f2e1f6d67dd7bfbb140a537bcf50,64ff87c80c808ce4c955bffb56eee5bc7fe88c709f0d5a767646415c7d38c7d1,true,1,1,Portfolio risk / rebalancing,execution_action_quality,cross_asset_var_liquidity_triage,false,decision|selected_route|es_contracts|beta_reduction_usd|beta_reduction_pct|margin_used|expected_cost|feasibility|rejected_routes,decision|selected_route|es_contracts|beta_reduction_usd|beta_reduction_pct|margin_used|expected_cost|feasibility|rejected_routes,
SB-L9-058,stockbench-l9-058,L9,L9,0,VERIFIED,ae066e93353180ac2ec6f8a50a8cb33d7b39b26b25c02340a456fb263bfe753b,03df122419fa52d72bf5187a572b1c9775ef7047629f24fb1fb77f6a1b93caeb,736eef6a9bd43edda3bfdeeea80b8cfb02310ffcb71309d1ed23c139e0248a30,true,1,1,Shorting / borrow / margin / locates,execution_action_quality,locate_recall_options_substitution,true,decision|selected_route|instrument|short_shares|put_contracts|premium_paid|bearish_delta_shares|feasibility|rejected_routes,decision|selected_route|instrument|short_shares|put_contracts|premium_paid|bearish_delta_shares|feasibility|rejected_routes,
SB-L9-059,stockbench-l9-059,L9,L9,0,VERIFIED,a006088db5849d3e3cceca68329b1e753d9a65d9b9fbe0485c234fbe1d501142,f7b0c6cdb5bae1d7839f30483fc93e8ee3a3b4e05e006999f135ce05daca83d2,ea5e156c514b0ad3d60a05990665e6a02cc4ba87c917bf4af063e1e3fba6fa90,true,1,1,Execution / liquidity / microstructure,judgment_risk_augmentation,order_book_liquidity_limit,true,decision|instrument|side|clip_size_shares|filled_shares|average_price|limit_price|feasibility|rejected_routes,decision|instrument|side|clip_size_shares|filled_shares|average_price|limit_price|feasibility|rejected_routes,
SB-L9-060,stockbench-l9-060,L9,L9,0,VERIFIED,eea870ab4cf907e934156cbb7d54be4e2f18485b60f52a20ddc24c4e2f44e077,fc048ceafe3c247332d38225193fcd6b0f77a755728914badc624045b38d11dc,d4a294961b8ac0c1cb5299413123335c96dad93da2430c618c77b59770cf180a,true,1,1,Spot FX / CFDs / multi-currency,execution_action_quality,cfd_margin_regional_constraint,false,decision|selected_route|eur_amount|usd_cost|settlement_date_rule|feasibility|rejected_routes,decision|selected_route|eur_amount|usd_cost|settlement_date_rule|feasibility|rejected_routes,
SB-L9-061,stockbench-l9-061,L9,L9,0,VERIFIED,e96aa61acadea5cd713ce162b077572f2521069e1b2cd140d3293617c29da004,a85e17548a97275aee01b88ea6fbefd8dff8ef2735b8470ee256770bfb5bdb73,cdfc89717ca3fe0a3643c3b94f433be0b978981d786aaa245c8076b49c6e5025,true,1,1,Corporate actions / settlement / calendar / jurisdiction,execution_action_quality,corporate_action_adjustment,true,decision|selected_route|adjusted_stop_price|option_strike_adjusted|option_strike_after|feasibility|rejected_routes,decision|selected_route|adjusted_stop_price|option_strike_adjusted|option_strike_after|feasibility|rejected_routes,
SB-L9-062,stockbench-l9-062,L9,L9,0,VERIFIED,b13238b631067a27f044b1069c52f1a657a7e0cc01eae8cb0ad0167151b95994,169c88366b7000bdb203a91f0a041ad042bdb5f4f6af91bc212ca1674e5321dc,5cbe65e16f1b57282bd3a5e1a6c4015fe8c429e8944da56ec69d919c37f42b66,true,1,1,Feasibility / rejection / no-trade traps,judgment_risk_augmentation,session_permission_rejection,true,decision|selected_route|instrument|requested_shares|feasibility|rejected_routes,decision|selected_route|instrument|requested_shares|feasibility|rejected_routes,
SB-L9-063,stockbench-l9-063,L9,L9,0,VERIFIED,2282a0ebbe55d3bf1d149a84a74c4867d3016fa4ecf0316a694cd1ced69100c8,2b8670677ae65a7cd3fe95dec02223c22e1643c0722d48d9d4b3abd4d9d6db5d,0e43321fbec3eebb5c4d2e8a11ffe05a41ccd9107ab9302e87c117522fa1495a,true,1,1,Spot equities / ETFs,execution_action_quality,equity_order_ticket,true,decision|selected_route|instrument|side|quantity|order_type|limit_price|trade_value_usd|settlement_rule|settlement_cash_date|feasibility|rejected_routes,decision|selected_route|instrument|side|quantity|order_type|limit_price|trade_value_usd|settlement_rule|settlement_cash_date|feasibility|rejected_routes,
SB-L9-064,stockbench-l9-064,L9,L9,0,VERIFIED,92b9fdd84f0f91f053d1e98c08449bcb27daf698617c181861b5b6557a118836,1a7a01983baf3909c59429dcf87cfbadce6c66c648801527fbc0cea882552139,cc4ee6cfd704529b07e916b5ebcbad82da2e5a1c9f1d9f4ec75d07b984fa80f8,true,1,1,Listed options strategy / Greeks,execution_action_quality,put_spread_downside_floor,false,decision|selected_route|buy_put_strike|sell_put_strike|contracts|net_premium_paid|scenario_pnl_usd|feasibility|rejected_routes,decision|selected_route|buy_put_strike|sell_put_strike|contracts|net_premium_paid|scenario_pnl_usd|feasibility|rejected_routes,
SB-L9-065,stockbench-l9-065,L9,L9,0,VERIFIED,a7510cfbb0e2e2946c2fe6a5100193177cbb0f33cc7d58bb6255dab894a3f847,0760c11a7a766c28b4324b6c6b5c7df5dbbe570a5e03a78eb62e43e33d908c40,096d821d660c537eefe6d6b25a96fd5933c132ab5c5cd96b891759eb00ca69bc,true,1,1,Futures / commodities / spreads / rolls,judgment_risk_augmentation,commodity_roll_basis_hedge,true,decision|selected_route|contracts|roll_cost_usd|fees_usd|total_cost_usd|feasibility|rejected_routes,decision|selected_route|contracts|roll_cost_usd|fees_usd|total_cost_usd|feasibility|rejected_routes,
SB-L9-066,stockbench-l9-066,L9,L9,0,VERIFIED,1a37cc6596e06755a299c39c246d5ddd92690cdadd63ee3a33702208c1b15b3d,02f3e9dce2a103730175fea9ddae5982aa8896c4776e30e51e1deb30b9340c43,ca913d0bfd01997b84ce050be268982c5bb4fc9d5b014798f847175a9057211b,true,1,1,Portfolio risk / rebalancing,execution_action_quality,risk_budget_rebalance,false,decision|selected_route|es_contracts|beta_reduction_usd|beta_reduction_pct|margin_used|expected_cost|feasibility|rejected_routes,decision|selected_route|es_contracts|beta_reduction_usd|beta_reduction_pct|margin_used|expected_cost|feasibility|rejected_routes,
SB-L9-067,stockbench-l9-067,L9,L9,0,VERIFIED,c1cd215bdd1da66682e1a34bda9f456d627df9a4135b235a3804014e8aa597b2,98a20dbccd26695d52589de6db543bbb4b98d340f2fae8734df55ffdaac7090e,e10f882c4398116e6122053d596e5a425f051a884e8f198049e3600ca0d83e34,true,1,1,Shorting / borrow / margin / locates,execution_action_quality,short_locate_failure,true,decision|selected_route|instrument|short_shares|put_contracts|premium_paid|bearish_delta_shares|feasibility|rejected_routes,decision|selected_route|instrument|short_shares|put_contracts|premium_paid|bearish_delta_shares|feasibility|rejected_routes,
SB-L9-068,stockbench-l9-068,L9,L9,0,VERIFIED,3b87e12fb8fb6a90ba54889d5e046eea936eef570f511ccd10e998e00a8efe32,25ee17d6c212642166cdda5f1b60d3d41009d43a32676f5bbac19a29e7d2a4c4,7914e88ebf2c1389465aaed58dc6f7fc1bd0d6551a7adfc9718ecabf96f3623a,true,1,1,Execution / liquidity / microstructure,judgment_risk_augmentation,invalid_route_session_trap,true,decision|selected_route|instrument|order_shares|limit_price|venue|feasibility|rejected_routes,decision|selected_route|instrument|order_shares|limit_price|venue|feasibility|rejected_routes,
SB-L9-069,stockbench-l9-069,L9,L9,0,VERIFIED,15c5906f090c9b003dd8e4da130a49a57d61fd137792325d0474c8ef047ca002,0b580d3abc95ca861ea7bf137c5398b8ac4df1c7f67315bbadaff0029f493310,847c2657f6d9205fce252c650c10405f2f85cce345aca1613f1839b1ea9b3e25,true,1,1,Spot FX / CFDs / multi-currency,execution_action_quality,multi_currency_cash_buffer,true,decision|selected_route|eur_amount|usd_cost|settlement_date_rule|feasibility|rejected_routes,decision|selected_route|eur_amount|usd_cost|settlement_date_rule|feasibility|rejected_routes,
SB-L9-070,stockbench-l9-070,L9,L9,0,VERIFIED,58b5d0f5a543b07013d55ba710760e81ce08c918d2d42a2ab325b4c1bc47bc33,5687625d1ad00413c56773f74771af7a40eea4047fe478e97111234f06937794,07ded51842da99d58b598a18fbecb65397bb66180fdd7a28df060971258e2d33,true,1,1,Corporate actions / settlement / calendar / jurisdiction,execution_action_quality,regional_market_holiday,true,decision|selected_route|trade_value_usd|settlement_rule|settlement_cash_date|feasibility|rejected_routes,decision|selected_route|trade_value_usd|settlement_rule|settlement_cash_date|feasibility|rejected_routes,
SB-L9-071,stockbench-l9-071,L9,L9,0,VERIFIED,eeb127e80816b5b72083f730d931e97bb7137cc719e35a499c2f8d52c4478d1e,3363ab3119b79a5b9f9aa8121a9db8a0564cafc82159bf2f657ccf80aa3cb124,271f0ca82e1f46274f54b7b53a6fc153ab79bcfeafc42339683d1bf083a02e3e,true,1,1,Feasibility / rejection / no-trade traps,judgment_risk_augmentation,no_trade_invalid_route,true,decision|selected_route|instrument|requested_shares|feasibility|rejected_routes,decision|selected_route|instrument|requested_shares|feasibility|rejected_routes,
SB-L9-072,stockbench-l9-072,L9,L9,0,VERIFIED,6ca231aab921fb3eaf943155be80bb7b4d51a950230fe320357887577b7eb083,4e12b9f39e56ac5e3ee463c292301c67f7167fd16107ee52ba0ec9f757ca2258,52161884c8606d1d02e2825d8e48d5d4fb14cd325428d06fbf12edbfc107d62c,true,1,1,Spot equities / ETFs,execution_action_quality,etf_sector_rebalance_t_plus_one,false,decision|selected_route|instrument|side|quantity|order_type|limit_price|trade_value_usd|settlement_rule|settlement_cash_date|feasibility|rejected_routes,decision|selected_route|instrument|side|quantity|order_type|limit_price|trade_value_usd|settlement_rule|settlement_cash_date|feasibility|rejected_routes,
SB-L9-073,stockbench-l9-073,L9,L9,0,VERIFIED,9896cda4c4d9c2b3e3c20797a210def0c39a968883c397e498d681deb3864001,2200f6fef6059c62260465a381e16437c36dfbd77d14cfb9eff8a47a5e381ff7,b309bf43e0f93b9cebe3d6b104f3e7a9f4941e318d8905f32c289974aa2f66d2,true,1,1,Listed options strategy / Greeks,execution_action_quality,early_assignment_dividend_risk,false,decision|selected_route|instrument|call_strike|dividend_per_share|call_time_value|early_assignment_risk|feasibility|rejected_routes,decision|selected_route|instrument|call_strike|dividend_per_share|call_time_value|early_assignment_risk|feasibility|rejected_routes,
SB-L9-074,stockbench-l9-074,L9,L9,0,VERIFIED,322d9ec747b86e4153341d3cb6c35c5bb144013b2bc9526ff4086c3a254a7bd0,fe95685d17600a4946a17963373492f2792b5d4e2f723a69a373a4c277c6d22b,0031b04e893b5f78ca2a280318c00717057347ededb30684c4082126a02d77a5,true,1,1,Futures / commodities / spreads / rolls,judgment_risk_augmentation,span_margin_calendar_spread,false,decision|selected_route|spread_count|expected_carry_usd|margin_used|feasibility|rejected_routes,decision|selected_route|spread_count|expected_carry_usd|margin_used|feasibility|rejected_routes,
SB-L9-075,stockbench-l9-075,L9,L9,0,VERIFIED,886b5312954f36900f56012dbb81e13f76506ec16c28ef63c20cc234f848711e,1c644ba0b846626bb33d71ed5adf4bbc5aebdc114ec1210016508514c92ac083,b7198c1375cfc168f15056161ca79a72c25ac39dca9eb3fb5f75e6b322cd7e4a,true,1,1,Portfolio risk / rebalancing,execution_action_quality,beta_dollar_rebalance,true,decision|selected_route|es_contracts|beta_reduction_usd|beta_reduction_pct|margin_used|expected_cost|feasibility|rejected_routes,decision|selected_route|es_contracts|beta_reduction_usd|beta_reduction_pct|margin_used|expected_cost|feasibility|rejected_routes,
SB-L9-076,stockbench-l9-076,L9,L9,0,VERIFIED,3ce719b957524fc0f81636c07e7995a1096cb4b4bfd0c0f1e87e749be16f8cc2,a3bf015e14408450dbf1cc61ba09bb0bdd2f0a179c97ef74b4f86d72b6ead474,7071bb9f967f390c8608cb8df514df58355c056504933c473e8a4301f48aa08f,true,1,1,Shorting / borrow / margin / locates,execution_action_quality,borrow_cost_vs_trade_edge,true,decision|selected_route|instrument|short_shares|put_contracts|premium_paid|bearish_delta_shares|feasibility|rejected_routes,decision|selected_route|instrument|short_shares|put_contracts|premium_paid|bearish_delta_shares|feasibility|rejected_routes,
SB-L9-077,stockbench-l9-077,L9,L9,0,VERIFIED,67ad109db93e0192524c2c52a40bc148433f8dfbfb3f2c19b0246e1bc0331414,47658df1afd3b05b71e5ba8febfaf99dd490d56c3b87dcc9fe84b35751f7a0ba,c21b870840c40dfd199005f775f55ca25557099f210f9a4095870b48a5475d7a,true,1,1,Execution / liquidity / microstructure,judgment_risk_augmentation,auction_session_constraint,true,decision|selected_route|instrument|order_shares|limit_price|venue|feasibility|rejected_routes,decision|selected_route|instrument|order_shares|limit_price|venue|feasibility|rejected_routes,
SB-L9-078,stockbench-l9-078,L9,L9,0,VERIFIED,b749d4315bcf067428a8a90f2d665a41eebf158388c5f1fc18c40065965b1a41,54473c1cd77d0457b7b258e132bbcb82bc7c267af127a96ffccce31553ddcfe3,3ad4957f61ba89eab1e8b0d06b2369b7ad4ed9e72fbe0dcbb4a293d8fb5574c5,true,1,1,Spot FX / CFDs / multi-currency,execution_action_quality,forward_vs_spot_payment,false,decision|selected_route|eur_amount|usd_cost|settlement_date_rule|feasibility|rejected_routes,decision|selected_route|eur_amount|usd_cost|settlement_date_rule|feasibility|rejected_routes,
SB-L9-079,stockbench-l9-079,L9,L9,0,VERIFIED,f23a371c146ada9f605a1560e71f047e2429b3a8103639a181abbe8ef9998b2e,41814f70225b3dbe44299b8ba1209687ff174594405679e379fa990c7bc6d580,17a0196dd70822b7c78a667dbe47e1f393c76ea316da9e25da5110a47f211119,true,1,1,Corporate actions / settlement / calendar / jurisdiction,execution_action_quality,ex_dividend_adjustment,true,decision|selected_route|adjusted_stop_price|option_strike_adjusted|option_strike_after|feasibility|rejected_routes,decision|selected_route|adjusted_stop_price|option_strike_adjusted|option_strike_after|feasibility|rejected_routes,
SB-L9-080,stockbench-l9-080,L9,L9,0,VERIFIED,fc5adfb1e7f693bf5a971876cf377363edbdc0c2dbd304ab9d9232642c2f26ef,bfc942466445cfc7632f12cd13ce5a326aa2166885c39527004da4b5a60066da,4d3acde9180ac9f8916df5474092eebd1c44fc0fac874a6cdd068f5f5bc148ff,true,1,1,Feasibility / rejection / no-trade traps,judgment_risk_augmentation,borrow_recall_margin_hedge,true,decision|selected_route|instrument|buy_to_cover_shares|put_contracts|premium_paid|feasibility|rejected_routes,decision|selected_route|instrument|buy_to_cover_shares|put_contracts|premium_paid|feasibility|rejected_routes,
SB-L9-081,stockbench-l9-081,L9,L9,0,VERIFIED,0501c234b77ba056fc05b126af5a27588e2cdb3980b4f6c001ac47601cf87e8b,dc05deac5ede631f6a97b09312315b0c1f2253a73ae2b2305bd33b1ad185a622,0b1f58ad98649e186f3a64ca6633cb369a3e539f64d45d9782fafa61beed75dc,true,1,1,Spot equities / ETFs,execution_action_quality,opening_auction_limit,false,decision|selected_route|instrument|quantity|limit_price|venue|feasibility|rejected_routes,decision|selected_route|instrument|quantity|limit_price|venue|feasibility|rejected_routes,
SB-L10-008,stockbench-l10-008,L10,L10,0,VERIFIED,f4d186a89ec27842eddd4d63bac58d0fb2dc067c292e1588731da7e44582802b,d94bcb05f946ff55462ebccdb068650c7faa085eb50b48fd42a9f93f26cb4c7a,83e80e94048efd48cd8d63a9e2ee05d6fdc3821d430ec0910f4c559d849780c5,true,1,1,Execution / liquidity / microstructure,execution_action_quality,twap_slippage_limit,true,decision|instrument|side|clip_size_shares|filled_shares|average_price|limit_price|feasibility|rejected_routes|residual_check,decision|instrument|side|clip_size_shares|filled_shares|average_price|limit_price|feasibility|rejected_routes|residual_check,
SB-L10-009,stockbench-l10-009,L10,L10,0,VERIFIED,30cfb6b449dc9b5d075009fbd45142facc5a05375eb7faa5ae4f0dccc9d1c990,ae5c3a26448e4b8e15efaf0a299ebf7ed2066fcc998c2ae50d5c09b5e3cdcc0d,ed6c92a451fdaed4bccc48eef27791514c941738728a611bf2d380dd330c5274,true,1,1,Execution / liquidity / microstructure,judgment_risk_augmentation,order_book_liquidity_limit,true,decision|instrument|side|clip_size_shares|filled_shares|average_price|limit_price|feasibility|rejected_routes|residual_check,decision|instrument|side|clip_size_shares|filled_shares|average_price|limit_price|feasibility|rejected_routes|residual_check,
SB-L10-010,stockbench-l10-010,L10,L10,0,VERIFIED,ee0cecb6567975c9611bca2a1736e9544ea0121f7e798c93c4e258e6bba1600a,ac85ae6785a2eca5526f859020ffcbf78fdaecaeed3a301c6e13c9ba5abf4356,bd4b6e7001ec9669c1c3c80470ef93d054a9613405226359706aef83d5cdf8d4,true,1,1,Execution / liquidity / microstructure,execution_action_quality,invalid_route_session_trap,true,decision|selected_route|instrument|order_shares|limit_price|venue|feasibility|rejected_routes|residual_check,decision|selected_route|instrument|order_shares|limit_price|venue|feasibility|rejected_routes|residual_check,
SB-L10-011,stockbench-l10-011,L10,L10,0,VERIFIED,cf4abd3e0572bd615766270a32401c6c8b1b2ffe62151fdbe98e8cc625ee8cac,81e58209b43f4e343addbb28d0fc8c53e427794cd9cc2a952b6c6f5605b36a15,4a707041cc0d218c683d8dfa6b91a60bf541e10c69680c279c8bc33acec68562,true,1,1,Spot FX / CFDs / multi-currency,execution_action_quality,multi_currency_cash_buffer,true,decision|selected_route|eur_amount|usd_cost|settlement_date_rule|feasibility|rejected_routes|residual_check,decision|selected_route|eur_amount|usd_cost|settlement_date_rule|feasibility|rejected_routes|residual_check,
SB-L10-012,stockbench-l10-012,L10,L10,0,VERIFIED,f9f2a2373a90766b04538e0fb066073e86c55ed0a47a5d6a8efb7b86b791e173,626de44bdce60c6ac2b985eb856c7f6d470aab3991a0c5780dae7e9c87e91014,5640e1c1e286b933c2d4ec47e9cee351aa120b28e78dbf6b92f36a14e11a27f7,true,1,1,Execution / liquidity / microstructure,judgment_risk_augmentation,twap_slippage_limit,true,decision|instrument|side|clip_size_shares|filled_shares|average_price|limit_price|feasibility|rejected_routes|residual_check,decision|instrument|side|clip_size_shares|filled_shares|average_price|limit_price|feasibility|rejected_routes|residual_check,
SB-L10-013,stockbench-l10-013,L10,L10,0,VERIFIED,21e4798d166310305a4da79ef919b1f8cd2d410a83ea2eb3ac8476232b8cdf05,021176db61a5688f9a40c980b7481652efabbf4115760fcedded4236f2b49160,e283e54bc2844fe6db2c020ead7deaab4b7bcfe4f440cd3b7fbf6b4c914c4188,true,1,1,Spot FX / CFDs / multi-currency,execution_action_quality,fx_settlement_mismatch,true,decision|selected_route|eur_amount|usd_cost|settlement_date_rule|feasibility|rejected_routes|residual_check,decision|selected_route|eur_amount|usd_cost|settlement_date_rule|feasibility|rejected_routes|residual_check,
SB-L10-014,stockbench-l10-014,L10,L10,0,VERIFIED,2c9b9fa5747204fac50f8c101d6c9de90bf364db9e67c8b4c2bb48768a8a41ef,2343ddd12c6f0adb964b7b1abdd6c234073c4195b6e11a0f21f0bf22d131c372,2ffb09228eafd2b6d7246d4027ff1ee292f4bfda6f0871071da5feaf09f4b337,true,1,1,Execution / liquidity / microstructure,execution_action_quality,invalid_route_session_trap,true,decision|selected_route|instrument|order_shares|limit_price|venue|feasibility|rejected_routes|residual_check,decision|selected_route|instrument|order_shares|limit_price|venue|feasibility|rejected_routes|residual_check,
SB-L10-015,stockbench-l10-015,L10,L10,0,VERIFIED,489aea3dedf1b5cc7d613cb3cdc685a438ef0839cd0db2f0b2bbf9cf44040ea2,7303db6aced965b7ff938a0bb531b93e9dd2ef96db7ee4f6e9b96480c4c2bb6b,771794f97ab3eda49cd8622bc43c5d224fe92e534e25eb75ce05d726e8ca1cb9,true,1,1,Spot FX / CFDs / multi-currency,judgment_risk_augmentation,multi_currency_cash_buffer,true,decision|selected_route|eur_amount|usd_cost|settlement_date_rule|feasibility|rejected_routes|residual_check,decision|selected_route|eur_amount|usd_cost|settlement_date_rule|feasibility|rejected_routes|residual_check,
SB-L10-016,stockbench-l10-016,L10,L10,0,VERIFIED,36fc32790cfbfbe4a509c77ddf2566f51e8acd3dba707d4dcbdcfdbe754c86d0,b5d694755252f76cb37232e0ee33c5948d3a05e5719ad05d4d680747f6416014,a16d86debf82df3196afa294942b606ca78a6a5492e2859d82cc24c27bc0999d,true,1,1,Listed options strategy / Greeks,execution_action_quality,exercise_assignment_roll_decision,false,decision|selected_route|instrument|dividend_per_share|call_time_value|exercise_early|feasibility|rejected_routes|residual_check,decision|selected_route|instrument|dividend_per_share|call_time_value|exercise_early|feasibility|rejected_routes|residual_check,
SB-L10-017,stockbench-l10-017,L10,L10,0,VERIFIED,af48e3db795d06724a66c98aaf21ff5600e050f007b9f4a0604476e6e40a6417,5f81c518237f89414670cdca79e1ba2a7ea82b5855e773e4d23520da95dee369,7e8dcde1c386944da06f946c1aabaf2b6924f648528887ec4fa661b27d3b76f0,true,1,1,Futures / commodities / spreads / rolls,execution_action_quality,futures_beta_hedge,true,decision|selected_route|es_contracts|beta_reduction_usd|beta_reduction_pct|margin_used|expected_cost|feasibility|rejected_routes|residual_check,decision|selected_route|es_contracts|beta_reduction_usd|beta_reduction_pct|margin_used|expected_cost|feasibility|rejected_routes|residual_check,
SB-L10-018,stockbench-l10-018,L10,L10,0,VERIFIED,ddcf9f91a473386cf75cff41eeca0a57dcf1cefe62404f1ee75b44e2aa3f7639,d1be877cfd535dc9a44315d96f3e817a38e50f77bef476bd34476da68b7ee9ef,923c08874779aae2ce7282f57622f4001f43986073859e7ef183dab625de0a77,true,1,1,Execution / liquidity / microstructure,judgment_risk_augmentation,invalid_route_session_trap,true,decision|selected_route|instrument|order_shares|limit_price|venue|feasibility|rejected_routes|residual_check,decision|selected_route|instrument|order_shares|limit_price|venue|feasibility|rejected_routes|residual_check,
SB-L10-019,stockbench-l10-019,L10,L10,0,VERIFIED,4e4e77d20de029b565a0c2a2ee13e0fa6232ff6bdeee1408d35a7a2fd452ddf4,452e29d0812cda12909c3ac0bb7678d3fdbf527ae1c547f902f9583cdba1f8f6,5a84ad4b765f2da0d1babc56c60a36711b4c3eb600c8fc10cfffe106d5afb282,true,1,1,Spot FX / CFDs / multi-currency,execution_action_quality,multi_currency_cash_buffer,true,decision|selected_route|eur_amount|usd_cost|settlement_date_rule|feasibility|rejected_routes|residual_check,decision|selected_route|eur_amount|usd_cost|settlement_date_rule|feasibility|rejected_routes|residual_check,
SB-L10-020,stockbench-l10-020,L10,L10,0,VERIFIED,8e28456df8c868a5298a5aa7a307972891b54c87973028c230dd655a15c2c05e,3e2a030b5fc86bb0eca60e0625d5cae6f819d3b380cbaea2aba83d4c1ee26102,88579670752fdcd22f4fd8049930f75e5de55c64162c8b79c111c830c3ec133a,true,1,1,Corporate actions / settlement / calendar / jurisdiction,execution_action_quality,regional_market_holiday,true,decision|selected_route|trade_value_usd|settlement_rule|settlement_cash_date|feasibility|rejected_routes|residual_check,decision|selected_route|trade_value_usd|settlement_rule|settlement_cash_date|feasibility|rejected_routes|residual_check,
SB-L10-021,stockbench-l10-021,L10,L10,0,VERIFIED,2da0492533a5b5cc5a6c386a0051228d844180239821de730d4ef59c67e1adc8,3d986cc4e7e049be8634d4adf46ad8a7cf1d111ccf07ed10ee871b52e1b88bd0,c1f87b61b90269243f3ec2cb83066d6ac0fab45600366c7fb9bcc399eff1b647,true,1,1,Listed options strategy / Greeks,judgment_risk_augmentation,covered_call_assignment,true,decision|selected_route|instrument|call_strike|dividend_per_share|call_time_value|early_assignment_risk|feasibility|rejected_routes|residual_check,decision|selected_route|instrument|call_strike|dividend_per_share|call_time_value|early_assignment_risk|feasibility|rejected_routes|residual_check,
SB-L10-022,stockbench-l10-022,L10,L10,0,VERIFIED,976932d4c0dc28dc605e580b41396b2949b06ee7baa6a67f4f653048600cc15d,23849d28fa6d3446d1851ffd47e965e537a3f1aa997d9b4002203d78fe1b14ba,d8bdb43d7b6ebc13c64b3315bc09d790fa1174b12ad58a7ff37d188c76e94561,true,1,1,Futures / commodities / spreads / rolls,execution_action_quality,futures_roll_calendar,false,decision|selected_route|contracts|roll_cost_usd|fees_usd|total_cost_usd|feasibility|rejected_routes|residual_check,decision|selected_route|contracts|roll_cost_usd|fees_usd|total_cost_usd|feasibility|rejected_routes|residual_check,
SB-L10-023,stockbench-l10-023,L10,L10,0,VERIFIED,888c4067148e965b797353f91a953bf2d191f44be09bcedea470296bb4b1379f,4d1a2e887298a67b3d44fcebb8dba4460bd4a5afab1aafad114e9c79e1da215e,971c9258e762e96e4f1eca39026fa32354336727ae2f35c8a286300e020e8975,true,1,1,Execution / liquidity / microstructure,execution_action_quality,auction_session_constraint,true,decision|selected_route|instrument|order_shares|limit_price|venue|feasibility|rejected_routes|residual_check,decision|selected_route|instrument|order_shares|limit_price|venue|feasibility|rejected_routes|residual_check,
SB-L10-024,stockbench-l10-024,L10,L10,0,VERIFIED,085e74c448702581bdd4971ad43a34bdfa542192fd6f5aa46b14c6dffbe0a8f1,60f8a2333e0e3ad54a1d6aee1f9a2d64f7ceaeeb4f09942820aa28630eb7a931,85046a6e3458d3110c1fd4caa341848a6f96e78a115451cfb10c973eea69b673,true,1,1,Spot FX / CFDs / multi-currency,judgment_risk_augmentation,forward_vs_spot_payment,false,decision|selected_route|eur_amount|usd_cost|settlement_date_rule|feasibility|rejected_routes|residual_check,decision|selected_route|eur_amount|usd_cost|settlement_date_rule|feasibility|rejected_routes|residual_check,
SB-L10-025,stockbench-l10-025,L10,L10,0,VERIFIED,033f6450faf17c86e8428fd49c03cfc6f57f1cc1391c246cd3770af41022d12c,1e94ec43b5e0546fb624497b35b82fac4b91670642bc77bf22dca249c8faba8d,122ab35df2c0311fb495b8a2712614c6d6b413edc750294f273a224ba7053788,true,1,1,Corporate actions / settlement / calendar / jurisdiction,execution_action_quality,ex_dividend_adjustment,true,decision|selected_route|adjusted_stop_price|option_strike_adjusted|option_strike_after|feasibility|rejected_routes|residual_check,decision|selected_route|adjusted_stop_price|option_strike_adjusted|option_strike_after|feasibility|rejected_routes|residual_check,
SB-L10-026,stockbench-l10-026,L10,L10,0,VERIFIED,de4f785dbfb318ed8a75e1b39a87b2dd6ddeb34eb569746a71de0daad5dd4599,f5818af0175c1c0ff06d675294f18ebe858a29f5c10555884bdfd4baf282272f,1b6fe2670bea1a46bd8254384d49b08588d19ab08e20a98e12f7a7ba74ee03e6,true,1,1,Listed options strategy / Greeks,execution_action_quality,put_spread_downside_floor,false,decision|selected_route|buy_put_strike|sell_put_strike|contracts|net_premium_paid|scenario_pnl_usd|feasibility|rejected_routes|residual_check,decision|selected_route|buy_put_strike|sell_put_strike|contracts|net_premium_paid|scenario_pnl_usd|feasibility|rejected_routes|residual_check,
SB-L10-027,stockbench-l10-027,L10,L10,0,VERIFIED,03f37d33807e4898f624284ce71ea4792c58d621ff43e208608aedce661f4f82,7c1dd4b112d130efba65d84a105aa47c319d634c62d627b4c0d6e09b09e3efac,51448651035527b2186d718d81f5160285d02009ea8f7c7fad32925a91271363,true,1,1,Futures / commodities / spreads / rolls,judgment_risk_augmentation,commodity_roll_basis_hedge,true,decision|selected_route|contracts|roll_cost_usd|fees_usd|total_cost_usd|feasibility|rejected_routes|residual_check,decision|selected_route|contracts|roll_cost_usd|fees_usd|total_cost_usd|feasibility|rejected_routes|residual_check,
SB-L10-028,stockbench-l10-028,L10,L10,0,VERIFIED,c62ab7bb2a3d727785acb5f6520a356571de33bb2772fab71f9c675158a55c44,6cae28ed487095c6da88db42af475a95775cabb7b233fd616c5304424199aa89,d23eee6fb2883867ba5fec9381aea1de677249b7b997640dd77514c0cf408325,true,1,1,Portfolio risk / rebalancing,execution_action_quality,risk_budget_rebalance,false,decision|selected_route|es_contracts|beta_reduction_usd|beta_reduction_pct|margin_used|expected_cost|feasibility|rejected_routes|residual_check,decision|selected_route|es_contracts|beta_reduction_usd|beta_reduction_pct|margin_used|expected_cost|feasibility|rejected_routes|residual_check,
SB-L10-029,stockbench-l10-029,L10,L10,0,VERIFIED,948b2badeae9593fc0f161b7f556ce7d6a0eacd519c0ec90ac30f2d98f3696af,0f0b849d3d456fdf3e0cd06656bd5cf4c7f100338dbf6b0dbe6d26a072faf864,58f0cc90fa6c4182aacde2613db0610b049f71242e748711c630d0ecbd8b5ef6,true,1,1,Shorting / borrow / margin / locates,execution_action_quality,short_locate_failure,true,decision|selected_route|instrument|short_shares|put_contracts|premium_paid|bearish_delta_shares|feasibility|rejected_routes|residual_check,decision|selected_route|instrument|short_shares|put_contracts|premium_paid|bearish_delta_shares|feasibility|rejected_routes|residual_check,
SB-L10-030,stockbench-l10-030,L10,L10,0,VERIFIED,4ccfe9612b5ef319bbe82145e5c0a8d92cba24377a3f5adc6697e299d793ffd8,33b4d29293d52fdeb7d94721471327e6ba6578dd872dadb7ebe58123902c0aca,09955661738af310843f9a7545072620750be1d842c64be6c1b97b5aa22a45c2,true,1,1,Execution / liquidity / microstructure,judgment_risk_augmentation,invalid_route_session_trap,true,decision|selected_route|instrument|order_shares|limit_price|venue|feasibility|rejected_routes|residual_check,decision|selected_route|instrument|order_shares|limit_price|venue|feasibility|rejected_routes|residual_check,
SB-L10-031,stockbench-l10-031,L10,L10,0,VERIFIED,d222958b4668e32b4216a80df38c64caf12c3e9b59c3d084384bba0f99b3c7d9,389b2cc143f9c0f33fd454a1fccac5283d07d316d348f04af26233b0332d5d25,61ffbfa64ce064bef25fe699dbb2f57c70a4295a97c951c3701e67fdcdb69dfa,true,1,1,Spot FX / CFDs / multi-currency,execution_action_quality,multi_currency_cash_buffer,true,decision|selected_route|eur_amount|usd_cost|settlement_date_rule|feasibility|rejected_routes|residual_check,decision|selected_route|eur_amount|usd_cost|settlement_date_rule|feasibility|rejected_routes|residual_check,
SB-L10-032,stockbench-l10-032,L10,L10,0,VERIFIED,87b6a7e1b93144cb558667630ef41fd6643fb70d2b6b86ee47da58fae6501b84,7ecc78eaf042638e6eaa9a24e7716f8b4deb034584a67952e7733c903d1e70eb,b4ab4e99b991f3b20af9fee8bc8ac56000ce28ca66b30662bee247129e07ae06,true,1,1,Corporate actions / settlement / calendar / jurisdiction,execution_action_quality,regional_market_holiday,true,decision|selected_route|trade_value_usd|settlement_rule|settlement_cash_date|feasibility|rejected_routes|residual_check,decision|selected_route|trade_value_usd|settlement_rule|settlement_cash_date|feasibility|rejected_routes|residual_check,
SB-L10-033,stockbench-l10-033,L10,L10,0,VERIFIED,c7ee5965c6c31746f99afab53b3eaf1861bd1e6c0d040aaa3f698478c54c3be1,22d5cfaa2d3420592c63dd8a9b58bfc6771906597b8993f5ef414d218ae2afb0,d926016f7fa702b54e06b5772c48b507b1baa51dbb45380d3663d6170c6c086e,true,1,1,Spot equities / ETFs,judgment_risk_augmentation,equity_order_ticket,true,decision|selected_route|instrument|side|quantity|order_type|limit_price|trade_value_usd|settlement_rule|settlement_cash_date|feasibility|rejected_routes|residual_check,decision|selected_route|instrument|side|quantity|order_type|limit_price|trade_value_usd|settlement_rule|settlement_cash_date|feasibility|rejected_routes|residual_check,
SB-L10-034,stockbench-l10-034,L10,L10,0,VERIFIED,25b47e4134136aefe6c6e5e46bbe7d21b2fe32c23849bed937fe031719571f45,b42082678b725520e243d33634f25b8ca654efdf7ca558c387ef2ea06af1d17e,be19744645ea9381cc8ced139584e18902bd285135558fde3ed2a83ecf941202,true,1,1,Listed options strategy / Greeks,execution_action_quality,put_spread_downside_floor,false,decision|selected_route|buy_put_strike|sell_put_strike|contracts|net_premium_paid|scenario_pnl_usd|feasibility|rejected_routes|residual_check,decision|selected_route|buy_put_strike|sell_put_strike|contracts|net_premium_paid|scenario_pnl_usd|feasibility|rejected_routes|residual_check,
SB-L10-035,stockbench-l10-035,L10,L10,0,VERIFIED,7e0cdba85ec1053cf905f45602310dcdb98a9c44158581907dcf616abaa6e8b5,bb0b8e2365cb40801200ca6981541fc2a530d456e67980de6e4f77b9656a0d75,1e702a2cf90ca2574d7c13f984aeeb05b8e26243bb50512d8b0a13a99370827a,true,1,1,Futures / commodities / spreads / rolls,execution_action_quality,commodity_roll_basis_hedge,true,decision|selected_route|contracts|roll_cost_usd|fees_usd|total_cost_usd|feasibility|rejected_routes|residual_check,decision|selected_route|contracts|roll_cost_usd|fees_usd|total_cost_usd|feasibility|rejected_routes|residual_check,
SB-L10-036,stockbench-l10-036,L10,L10,0,VERIFIED,ed9e9be01c28dbc8c689d3f1e23bd999e7caf5b4101d5baa447e17b06e4d2b3e,94c38aab28bd1ec74ec7657037aa4c08ae1f967a85e9f2511bc2815fe167bf31,ec43ad3012f5b617c7f84bf743e61a286f7c706efb0b6412afee44aa8a750e0f,true,1,1,Portfolio risk / rebalancing,judgment_risk_augmentation,risk_budget_rebalance,false,decision|selected_route|es_contracts|beta_reduction_usd|beta_reduction_pct|margin_used|expected_cost|feasibility|rejected_routes|residual_check,decision|selected_route|es_contracts|beta_reduction_usd|beta_reduction_pct|margin_used|expected_cost|feasibility|rejected_routes|residual_check,
SB-L10-037,stockbench-l10-037,L10,L10,0,VERIFIED,fa2d3789a14f60145fda711a6611be6ec8dd7a39a014f843abee7eb5e8e58dac,a272e50bbc011fdceb55581f2c160202b0f83c53f25a0f3e8438596aaf41c409,30f34010624dc28f56d070c4de5299f4aa7cbaaa49e936ec7e200da36df5d9f2,true,1,1,Shorting / borrow / margin / locates,execution_action_quality,short_locate_failure,true,decision|selected_route|instrument|short_shares|put_contracts|premium_paid|bearish_delta_shares|feasibility|rejected_routes|residual_check,decision|selected_route|instrument|short_shares|put_contracts|premium_paid|bearish_delta_shares|feasibility|rejected_routes|residual_check,
SB-L10-038,stockbench-l10-038,L10,L10,0,VERIFIED,945d3a812d7b0705acf9eaea1c37eb31b0b4b81af48ef525a8c1a271698dbd48,5cd32cf67ca5c829ecd53141f3c1f9b24ee00b5b6f75c48e7e78e4a5489f4945,692f8afd3fc2fb258d0dd767d1982d619052adf758f65ac89fdaac0cec6a89c3,true,1,1,Execution / liquidity / microstructure,execution_action_quality,invalid_route_session_trap,true,decision|selected_route|instrument|order_shares|limit_price|venue|feasibility|rejected_routes|residual_check,decision|selected_route|instrument|order_shares|limit_price|venue|feasibility|rejected_routes|residual_check,
SB-L10-039,stockbench-l10-039,L10,L10,0,VERIFIED,f7c3778eae003e04aa8bd4c31e959c116128f482bc3484eaa5a20d4635d6d139,e44bee6451b206e245d92a3d55ce60e96064a017e80f97ca30264859f3d62e4d,a5e73ec6f81960d66c27ac72493c969ad5dc73b0661b847a1d9cd28d7fd123e7,true,1,1,Feasibility / rejection / no-trade traps,judgment_risk_augmentation,unsupported_product_permission,true,decision|selected_route|instrument|requested_shares|feasibility|rejected_routes|residual_check,decision|selected_route|instrument|requested_shares|feasibility|rejected_routes|residual_check,
SB-L10-040,stockbench-l10-040,L10,L10,0,VERIFIED,608d6501d0ff072288323d213fd0b43b3490868cf283039daf8e27978a8e878b,e94e06ab791547b098278f881ae0c998c212297884391a5fd7309fe1d4dd7dfe,48f7fe196d05cf656f9c021918ee1298151be68a2214409d71954311579b453c,true,1,1,Spot FX / CFDs / multi-currency,execution_action_quality,forward_vs_spot_payment,false,decision|selected_route|eur_amount|usd_cost|settlement_date_rule|feasibility|rejected_routes|residual_check,decision|selected_route|eur_amount|usd_cost|settlement_date_rule|feasibility|rejected_routes|residual_check,
SB-L10-041,stockbench-l10-041,L10,L10,0,VERIFIED,a532917d3fdd1f76be6c6630bda555d5f4ac85a73bf655bc453eb0aa25227936,74d3a06a0aae9f7ce9f85a200dc4806a74b2502ca4312aa063a4de221132563e,89878acaa78964312281b92b2e3a821e51a6649ebcc55eb0a43a56bfc93d7ee6,true,1,1,Corporate actions / settlement / calendar / jurisdiction,execution_action_quality,ex_dividend_adjustment,true,decision|selected_route|adjusted_stop_price|option_strike_adjusted|option_strike_after|feasibility|rejected_routes|residual_check,decision|selected_route|adjusted_stop_price|option_strike_adjusted|option_strike_after|feasibility|rejected_routes|residual_check,
SB-L10-042,stockbench-l10-042,L10,L10,0,VERIFIED,172e923c7cc20c604258d341d341e580562e9f720b9b9bf889852d42b995ded8,a3924cd8a85bd7a3b2013ef58479d7cef89e87761785764f025eb516faa6a8c0,4d7555e80e2ad6716af5ab3473a4735f4b7d6ce258f84c2d4c4a3d477f5d15f0,true,1,1,Spot equities / ETFs,judgment_risk_augmentation,etf_sector_rebalance_t_plus_one,false,decision|selected_route|instrument|side|quantity|order_type|limit_price|trade_value_usd|settlement_rule|settlement_cash_date|feasibility|rejected_routes|residual_check,decision|selected_route|instrument|side|quantity|order_type|limit_price|trade_value_usd|settlement_rule|settlement_cash_date|feasibility|rejected_routes|residual_check,
SB-L10-043,stockbench-l10-043,L10,L10,0,VERIFIED,63fa641e827f066d54c4d4aa72aa154571eb8f7b65e62c521a8acf7b9fe5a327,4ff44b8abcf9bd403673432b809c8edde1d8d47a121eae75a5a8d67e7bf87a6b,f14fa0196f5c1cb904d05a5167cd0ecee84d077a895363ec34eb12c60aba4474,true,1,1,Listed options strategy / Greeks,execution_action_quality,early_assignment_dividend_risk,false,decision|selected_route|instrument|call_strike|dividend_per_share|call_time_value|early_assignment_risk|feasibility|rejected_routes|residual_check,decision|selected_route|instrument|call_strike|dividend_per_share|call_time_value|early_assignment_risk|feasibility|rejected_routes|residual_check,
SB-L10-044,stockbench-l10-044,L10,L10,0,VERIFIED,6a267e3070c973a8487956c1ec1950f4a4fcb23c2530dddbf90bc2492e491007,24b2f5dd4b163233293e18325062475f390885991367ebd2b6469305fa5fb92c,b4b9eb4c8770a77ca24d48529ab9430d5a8c0a992f3a0222b116421e574ff900,true,1,1,Futures / commodities / spreads / rolls,execution_action_quality,span_margin_calendar_spread,false,decision|selected_route|spread_count|expected_carry_usd|margin_used|feasibility|rejected_routes|residual_check,decision|selected_route|spread_count|expected_carry_usd|margin_used|feasibility|rejected_routes|residual_check,
SB-L10-045,stockbench-l10-045,L10,L10,0,VERIFIED,9a93a3ca11bf384d06da925c17775e6b0934bd7a656b8424597d74419a0dd6a9,f9d3977d16a849374215a6d58e167451198aa514a55a931cd69a987ab40e7ef1,3259954be01b8811b972fea6a1cc4ee0a933bbc7d03cc8332923174d1a2cc1de,true,1,1,Portfolio risk / rebalancing,judgment_risk_augmentation,beta_dollar_rebalance,true,decision|selected_route|es_contracts|beta_reduction_usd|beta_reduction_pct|margin_used|expected_cost|feasibility|rejected_routes|residual_check,decision|selected_route|es_contracts|beta_reduction_usd|beta_reduction_pct|margin_used|expected_cost|feasibility|rejected_routes|residual_check,
SB-L10-046,stockbench-l10-046,L10,L10,0,VERIFIED,f497f05ddcc305668fd5276b792e15420ffa540c4998675154adcb267c168e51,42b73546682cd5731ef65affccf2d6c7ef79234c83a8072e53390a0874a3bd78,1ecf46de2982cd4f4a77e36ea344c59a1b4555de9c805791763b7b47fa7b8e4b,true,1,1,Shorting / borrow / margin / locates,execution_action_quality,borrow_cost_vs_trade_edge,true,decision|selected_route|instrument|short_shares|put_contracts|premium_paid|bearish_delta_shares|feasibility|rejected_routes|residual_check,decision|selected_route|instrument|short_shares|put_contracts|premium_paid|bearish_delta_shares|feasibility|rejected_routes|residual_check,
SB-L10-047,stockbench-l10-047,L10,L10,0,VERIFIED,6bda3956eb805e18d7cad4363cd9326f37f8ddd0c165f6547453875ad64c942b,34455b297441d0fe58b8cec2b8fc23030befc8cf8f5565fe5033ac2bd583b961,90721fb8cc0b5f46c532e40dbac45612dc0655548cf06b6b95e4a7fb498f6bd9,true,1,1,Execution / liquidity / microstructure,execution_action_quality,auction_session_constraint,true,decision|selected_route|instrument|order_shares|limit_price|venue|feasibility|rejected_routes|residual_check,decision|selected_route|instrument|order_shares|limit_price|venue|feasibility|rejected_routes|residual_check,
SB-L10-048,stockbench-l10-048,L10,L10,0,VERIFIED,da7baf66feed030ec7fad73dee55480259579303cc54066e7c6eb074db8c05ea,d5950b47a2c0bf1cf81630083c1823ef40e7219590288992f2ead4a29b741e9a,b775922cbf9b55674bc1e8e3ce22ce446c52988f67e92481a7ce902b3573891a,true,1,1,Feasibility / rejection / no-trade traps,judgment_risk_augmentation,session_permission_rejection,true,decision|selected_route|instrument|requested_shares|feasibility|rejected_routes|residual_check,decision|selected_route|instrument|requested_shares|feasibility|rejected_routes|residual_check,
SB-L10-049,stockbench-l10-049,L10,L10,0,VERIFIED,88af5eb129aaafe1ec39b995fd016a0aa2d88b036a04faceedd75e80acfa9cef,21ee31dcebe867c86a8a4519722c95d7ecbeae9ecebc53aecb93fed7bb28d095,ec9a668ab5b4d24e6b4fb3856cb86ec00c2fe911a311932fcd2f97485bb658be,true,1,1,Spot FX / CFDs / multi-currency,execution_action_quality,fx_settlement_mismatch,true,decision|selected_route|eur_amount|usd_cost|settlement_date_rule|feasibility|rejected_routes|residual_check,decision|selected_route|eur_amount|usd_cost|settlement_date_rule|feasibility|rejected_routes|residual_check,
SB-L10-050,stockbench-l10-050,L10,L10,0,VERIFIED,75e27ac80a93d3745b5e8ed00c5cc80ecd3e50fb4e9656a9e6226d023ccfc20b,f48bd135e56f78666bed64374eb2d6187adc2926120db1d0646e8b1e4d2e0cce,981b7512e69adfa09c87108d33fbdd8140ff7d9f6e13c4c95435e97f625b3c8a,true,1,1,Corporate actions / settlement / calendar / jurisdiction,execution_action_quality,t_plus_one_settlement_sequence,true,decision|selected_route|trade_value_usd|settlement_rule|settlement_cash_date|feasibility|rejected_routes|residual_check,decision|selected_route|trade_value_usd|settlement_rule|settlement_cash_date|feasibility|rejected_routes|residual_check,
SB-L10-051,stockbench-l10-051,L10,L10,0,VERIFIED,8ff2b57c8861ec87e81b1292d285d5ed61d7920e2316edcce54e71ae66fbc4f4,04db1cc3d59795e9a361198cbb97c0384732764c9c339e56c719261210cda0ae,fef73a66323472d3910df3c245a6f4a623cb262b79444060ecf7e09f18986dc8,true,1,1,Spot equities / ETFs,judgment_risk_augmentation,opening_auction_limit,false,decision|selected_route|instrument|quantity|limit_price|venue|feasibility|rejected_routes|residual_check,decision|selected_route|instrument|quantity|limit_price|venue|feasibility|rejected_routes|residual_check,
SB-L10-052,stockbench-l10-052,L10,L10,0,VERIFIED,1ec9358dd80ac4f8cd7924b66ec3e7b2c1e8e65dbf84d992bbb7794e042bb45b,6de132bb6eec5ea20caa4e5053edf28a81dd6a077032535007744de0ce586d6d,69db826e6195185e4f1c1baf7ed3b434661aa9c14eb1b7e023e58f209da68173,true,1,1,Listed options strategy / Greeks,execution_action_quality,exercise_assignment_roll_decision,false,decision|selected_route|instrument|dividend_per_share|call_time_value|exercise_early|feasibility|rejected_routes|residual_check,decision|selected_route|instrument|dividend_per_share|call_time_value|exercise_early|feasibility|rejected_routes|residual_check,
SB-L10-053,stockbench-l10-053,L10,L10,0,VERIFIED,2db08a17bb46eb8777fe408d9c1501393ab36c2c982cfb34aa4052c297f8b861,d00361c98374bcda9169a61d889b79b71a53c3fb10903282545efbd7963b404e,baa18467493220414b1a643fc7767e5f36e79230b7126b690210015ebbfd7b77,true,1,1,Futures / commodities / spreads / rolls,execution_action_quality,futures_beta_hedge,true,decision|selected_route|es_contracts|beta_reduction_usd|beta_reduction_pct|margin_used|expected_cost|feasibility|rejected_routes|residual_check,decision|selected_route|es_contracts|beta_reduction_usd|beta_reduction_pct|margin_used|expected_cost|feasibility|rejected_routes|residual_check,
SB-L10-054,stockbench-l10-054,L10,L10,0,VERIFIED,7383164e7d7502ea63d146d83caa42dcd448c40b88ba3010dbdd7350234d880b,872f6ba225a304a242f8e4c4a0b5c5e25fc784e9a2512108a16ab4bd5cecf70e,0e2a5453d35c576fa9ec4617299fff874ac21af5daa0e2d4c711d46938391c60,true,1,1,Portfolio risk / rebalancing,judgment_risk_augmentation,multi_asset_drawdown_hedge,false,decision|selected_route|es_contracts|beta_reduction_usd|beta_reduction_pct|margin_used|expected_cost|feasibility|rejected_routes|residual_check,decision|selected_route|es_contracts|beta_reduction_usd|beta_reduction_pct|margin_used|expected_cost|feasibility|rejected_routes|residual_check,
SB-L10-055,stockbench-l10-055,L10,L10,0,VERIFIED,deb04628575b93fe857185d9d1f1c4c16d5d2f3c2a933430184b522188c5c9fe,6624b6c7ec0e927075845355666c6b4de6a322296e0c1fd1d21bdfddedc21621,e7a580db1d8709f871e33c7f7532a64f6cc9b1bd9f1084a35024ca3235fd6b02,true,1,1,Shorting / borrow / margin / locates,execution_action_quality,hard_to_borrow_margin_recall,true,decision|selected_route|instrument|short_shares|put_contracts|premium_paid|bearish_delta_shares|feasibility|rejected_routes|residual_check,decision|selected_route|instrument|short_shares|put_contracts|premium_paid|bearish_delta_shares|feasibility|rejected_routes|residual_check,
SB-L10-056,stockbench-l10-056,L10,L10,0,VERIFIED,53c322f8972b32796305316abda006e471a16b5e5531cc337362bc3bad0d2689,9dc5426d651689d031feaa8b0971ed22c05ab9c5483c85b50e89ef670a84582b,937055a889e1f576b20b3c49605f9f73b85f1a27d89c9cf8e0b07f2a7fe110b2,true,1,1,Execution / liquidity / microstructure,execution_action_quality,twap_slippage_limit,true,decision|instrument|side|clip_size_shares|filled_shares|average_price|limit_price|feasibility|rejected_routes|residual_check,decision|instrument|side|clip_size_shares|filled_shares|average_price|limit_price|feasibility|rejected_routes|residual_check,
SB-L10-057,stockbench-l10-057,L10,L10,0,VERIFIED,eeb18378ccaa56efd8f505b8d6a4b2678ceb80b1e1c1b0e3a6736319822978f6,64bbcde31e7b3030493bc147406f5cbe24459be70973b16269d8e2e85db5d935,c56c037e5b3b2b0123b0f4093e4eb8864c74e4640617cc4aa15007d8f45bdcd0,true,1,1,Feasibility / rejection / no-trade traps,judgment_risk_augmentation,no_trade_invalid_route,true,decision|selected_route|instrument|requested_shares|feasibility|rejected_routes|residual_check,decision|selected_route|instrument|requested_shares|feasibility|rejected_routes|residual_check,
SB-L10-058,stockbench-l10-058,L10,L10,0,VERIFIED,50025ade80f47e75660a6a4516fd454e3386ade0000e4e2326d068540d072961,fa42ebdcad1fa5c6ad96685bff83d7e7d69c3e3c1cc28627dd38bfeb136b5b9c,f48265eef6ff478eb01cdc149cbb6bb9cb7cd287ef4422e645e5448dc7cad1af,true,1,1,Spot FX / CFDs / multi-currency,execution_action_quality,cfd_margin_regional_constraint,false,decision|selected_route|eur_amount|usd_cost|settlement_date_rule|feasibility|rejected_routes|residual_check,decision|selected_route|eur_amount|usd_cost|settlement_date_rule|feasibility|rejected_routes|residual_check,
SB-L10-059,stockbench-l10-059,L10,L10,0,VERIFIED,b24f4a4c5a47776189a9856adbfc59690f7eb068494e7d79a55ab3b0a5c8a396,4b4a90d5505d5122d7da6a3a957b333b999dadb57761be0831432df3ca840ec2,da9b932ff5f46f04fe4226777e290bf58e8a55a9f63fc3fffa5b1d72bdc3493a,true,1,1,Corporate actions / settlement / calendar / jurisdiction,execution_action_quality,corporate_action_adjustment,true,decision|selected_route|adjusted_stop_price|option_strike_adjusted|option_strike_after|feasibility|rejected_routes|residual_check,decision|selected_route|adjusted_stop_price|option_strike_adjusted|option_strike_after|feasibility|rejected_routes|residual_check,
SB-L10-060,stockbench-l10-060,L10,L10,0,VERIFIED,d06875207f81209dd3a6b87c175bfbbc6f21e9f7af4ec8c95979c35f0999561f,43280186fcbca0fed2cbe44094174f2a2a6cbd75f9667182631e9c65f2af6838,987df9b23222aa7f9f58b2f2567ec0994c5cfe9eeaeb949ca2eee79bb9c343f6,true,1,1,Spot equities / ETFs,judgment_risk_augmentation,market_on_close_rebalance,false,decision|selected_route|instrument|quantity|limit_price|venue|feasibility|rejected_routes|residual_check,decision|selected_route|instrument|quantity|limit_price|venue|feasibility|rejected_routes|residual_check,
SB-L10-061,stockbench-l10-061,L10,L10,0,VERIFIED,fbd42443c212a613a6f4d5a55c26f18975b013f77aefbb43f98591e85d3ef4ff,b06cce823a6ed7716f008e715238a8573acb12dad3d43f42d538570bae614905,419945d1471b36b6401d15384d2f2c3588ec5985b4b8ad9a5b1ce231f17471e3,true,1,1,Listed options strategy / Greeks,execution_action_quality,covered_call_assignment,true,decision|selected_route|instrument|call_strike|dividend_per_share|call_time_value|early_assignment_risk|feasibility|rejected_routes|residual_check,decision|selected_route|instrument|call_strike|dividend_per_share|call_time_value|early_assignment_risk|feasibility|rejected_routes|residual_check,
SB-L10-062,stockbench-l10-062,L10,L10,0,VERIFIED,6beccb417e58cda56a0245794919e8f631df5d1a3e08e026562225c59200e0e8,b729201fa2e16114b460dc9d5a60ad38b7829f16ea1e00b5335b45bb0cf367a2,84faedc1e532d09d723d7c8540843a820122711ec2294f9f0a8d7e09887eeace,true,1,1,Futures / commodities / spreads / rolls,execution_action_quality,futures_roll_calendar,false,decision|selected_route|contracts|roll_cost_usd|fees_usd|total_cost_usd|feasibility|rejected_routes|residual_check,decision|selected_route|contracts|roll_cost_usd|fees_usd|total_cost_usd|feasibility|rejected_routes|residual_check,
SB-L10-063,stockbench-l10-063,L10,L10,0,VERIFIED,3e3e17957377bc987b9109432632502548cf7c8736535e04116afd538969f91b,8017909833003fb3a706e32c99f48c3c81ef13d176c3e2e43ffd0864027ab977,959b57836fe12cee571ab1f01bb8e9c0d1aa246c140835650dff0c975a27ed75,true,1,1,Portfolio risk / rebalancing,judgment_risk_augmentation,cross_asset_var_liquidity_triage,false,decision|selected_route|es_contracts|beta_reduction_usd|beta_reduction_pct|margin_used|expected_cost|feasibility|rejected_routes|residual_check,decision|selected_route|es_contracts|beta_reduction_usd|beta_reduction_pct|margin_used|expected_cost|feasibility|rejected_routes|residual_check,
SB-L10-064,stockbench-l10-064,L10,L10,0,VERIFIED,9022888d777890c178e46e8db56af4e5b6d0f907fa06ca9079775f8f2e9e24e2,147ad48c551e9de3d14a8ffa6f025ea867dc7455c5ce2acaf6def0ec0ecb7f0e,636b7622c867eeba977fccd513ba3fe2ab0ab380ca1f7117fc3313427d567f32,true,1,1,Shorting / borrow / margin / locates,execution_action_quality,locate_recall_options_substitution,true,decision|selected_route|instrument|short_shares|put_contracts|premium_paid|bearish_delta_shares|feasibility|rejected_routes|residual_check,decision|selected_route|instrument|short_shares|put_contracts|premium_paid|bearish_delta_shares|feasibility|rejected_routes|residual_check,
SB-L10-065,stockbench-l10-065,L10,L10,0,VERIFIED,28931447304e23e795d421fcf3ec4cf939bcb6b607b385548453ce188825dbec,02eda2119e86085e44062d5acb23ecc43cabf1ffb8a3756d564eb61a0a008e8c,108c2d1842d86ff6cfc697989e629578175af3c7aa43c1e956cd8a2974cbf70c,true,1,1,Execution / liquidity / microstructure,execution_action_quality,order_book_liquidity_limit,true,decision|instrument|side|clip_size_shares|filled_shares|average_price|limit_price|feasibility|rejected_routes|residual_check,decision|instrument|side|clip_size_shares|filled_shares|average_price|limit_price|feasibility|rejected_routes|residual_check,
SB-L10-066,stockbench-l10-066,L10,L10,0,VERIFIED,34afdefc7242adac15fcb2a5fbc0b2045101b6fc2819c5329f898af617cc8609,ca63bf1c95c48a51a5b3290d7b6e96c5936c2290e2fcf6c645576ec80984be57,db6bfab300594c8a9238059881f9fe8e1c70fc824428b5255d64f26b4eb20e9d,true,1,1,Feasibility / rejection / no-trade traps,judgment_risk_augmentation,borrow_recall_margin_hedge,true,decision|selected_route|instrument|buy_to_cover_shares|put_contracts|premium_paid|feasibility|rejected_routes|residual_check,decision|selected_route|instrument|buy_to_cover_shares|put_contracts|premium_paid|feasibility|rejected_routes|residual_check,
SB-L10-067,stockbench-l10-067,L10,L10,0,VERIFIED,e26ff1683c53ef99980b20b7e3bee3a4e8645341ee0c7b98d20bcd522050f6cc,38743c06080e7ca38197a72b11e5d2e1baf7d11cd09f1e8c915c2f1b4545114e,3c619f1c21cfa1fcae383d232ee85989ad2803d38c42ba2156379ab2a694939d,true,1,1,Spot FX / CFDs / multi-currency,execution_action_quality,multi_currency_cash_buffer,true,decision|selected_route|eur_amount|usd_cost|settlement_date_rule|feasibility|rejected_routes|residual_check,decision|selected_route|eur_amount|usd_cost|settlement_date_rule|feasibility|rejected_routes|residual_check,
SB-L10-068,stockbench-l10-068,L10,L10,0,VERIFIED,4bbfb41256b661f1143c37848a55dfc4f0fcc276868b91306a7320dc3174c54c,7638493f0dfcefa08534d1fad0a2ddb3f2bf7141b25fc0c70f8554f0b0152e18,264355226ba125f47bdbd069f5147b642e02b699c7100a94d42a18256fb8cc09,true,1,1,Corporate actions / settlement / calendar / jurisdiction,execution_action_quality,regional_market_holiday,true,decision|selected_route|trade_value_usd|settlement_rule|settlement_cash_date|feasibility|rejected_routes|residual_check,decision|selected_route|trade_value_usd|settlement_rule|settlement_cash_date|feasibility|rejected_routes|residual_check,
SB-L10-069,stockbench-l10-069,L10,L10,0,VERIFIED,2aa0808765f540a9ff2d20f7286aad2fabfad984ec04237555d3ff87dc2dc769,dd740958c1b5bb4649d7af75ba4ed40f187be03ff505023b1527624830790b35,869202e2b738237a90463a9f25ab5a87dfbebee1cc538ce008e70c2e657ae89f,true,1,1,Spot equities / ETFs,judgment_risk_augmentation,equity_order_ticket,true,decision|selected_route|instrument|side|quantity|order_type|limit_price|trade_value_usd|settlement_rule|settlement_cash_date|feasibility|rejected_routes|residual_check,decision|selected_route|instrument|side|quantity|order_type|limit_price|trade_value_usd|settlement_rule|settlement_cash_date|feasibility|rejected_routes|residual_check,
SB-AGI-009,stockbench-agi-009,AGI,AGI,0,VERIFIED,b8e751858f38293abc167550ee4c8636cd059e563346fb0e10b0cacca907e1c5,caa7db82fffc5aca4307a765d74036fbf4de0e05127a0fc5d3bcdccc2535583d,2d2ba77d5949854bc70277f5f8d58d87f6c843913e690b764252107b08217759,true,1,1,Listed options strategy / Greeks,execution_action_quality,put_spread_downside_floor,false,decision|selected_route|buy_put_strike|sell_put_strike|contracts|net_premium_paid|scenario_pnl_usd|feasibility|rejected_routes|scenario_pnl.gap_down|scenario_pnl.melt_up|scenario_pnl.range_chop|scenario_pnl.sector_rotation|worst_case_pnl|self_check,decision|selected_route|buy_put_strike|sell_put_strike|contracts|net_premium_paid|scenario_pnl_usd|feasibility|rejected_routes|scenario_pnl.gap_down|scenario_pnl.melt_up|scenario_pnl.range_chop|scenario_pnl.sector_rotation|worst_case_pnl|self_check,
SB-AGI-010,stockbench-agi-010,AGI,AGI,0,VERIFIED,6504d3f6c87f8c2de7802186e200be8e83ddbc252cb02f236734f85df739c840,f41a6b2927423b6a7cb7a7cc5ab423536628f4c04d25b18197308355c5ba5ac2,a84371411d62dfe4c09e0b01ea5decfe243598443b51a7934310a44915eed5ce,true,1,1,Listed options strategy / Greeks,execution_action_quality,early_assignment_dividend_risk,false,decision|selected_route|instrument|call_strike|dividend_per_share|call_time_value|early_assignment_risk|feasibility|rejected_routes|scenario_pnl.risk_off|scenario_pnl.squeeze|worst_case_pnl|self_check,decision|selected_route|instrument|call_strike|dividend_per_share|call_time_value|early_assignment_risk|feasibility|rejected_routes|scenario_pnl.risk_off|scenario_pnl.squeeze|worst_case_pnl|self_check,
SB-AGI-011,stockbench-agi-011,AGI,AGI,0,VERIFIED,f7c1e31cc900c13db1e1684ea16020fea17102a508ab89bef11e584d567faa29,546dd4ef6bdf914bc92889a567a7d1f6c4e3267f01e8e20def0cea816f91ab38,a54358639e8a2331c45fd450a56a0f851d04d1a18e985baa36b29b3e0aa49ca7,true,1,1,Listed options strategy / Greeks,judgment_risk_augmentation,exercise_assignment_roll_decision,false,decision|selected_route|instrument|dividend_per_share|call_time_value|exercise_early|feasibility|rejected_routes|scenario_pnl.rate_shock|scenario_pnl.vol_spike|scenario_pnl.credit_widening|worst_case_pnl|self_check,decision|selected_route|instrument|dividend_per_share|call_time_value|exercise_early|feasibility|rejected_routes|scenario_pnl.rate_shock|scenario_pnl.vol_spike|scenario_pnl.credit_widening|worst_case_pnl|self_check,
SB-AGI-012,stockbench-agi-012,AGI,AGI,0,VERIFIED,d9e3df610a5f7672592830620a8f234fc11e0cf9e861fa136454bce7fd1465af,c7ecdb95e3b8c039abd4d163542c5cbcd93cdc90aab59d21d247b17694009751,9a4ca83a593802a7d0d71fcb704b98e4f510642755f811fa300eeb841b569c40,true,1,1,Listed options strategy / Greeks,execution_action_quality,covered_call_assignment,true,decision|selected_route|instrument|call_strike|dividend_per_share|call_time_value|early_assignment_risk|feasibility|rejected_routes|scenario_pnl.gap_down|scenario_pnl.melt_up|scenario_pnl.range_chop|scenario_pnl.sector_rotation|worst_case_pnl|self_check,decision|selected_route|instrument|call_strike|dividend_per_share|call_time_value|early_assignment_risk|feasibility|rejected_routes|scenario_pnl.gap_down|scenario_pnl.melt_up|scenario_pnl.range_chop|scenario_pnl.sector_rotation|worst_case_pnl|self_check,
SB-AGI-013,stockbench-agi-013,AGI,AGI,0,VERIFIED,3fe8dc0662e011bbe4f942aee3a65644b61a48085bcc15b2fa4f5efd2741e70c,48e531fc7ad8d114cb246a4ba58944c072949d91bb32c10f4d5189ffa1e4a96a,672bdcad88afbdcada78c5de3b7ab021ad98c38bd95ee2199c6883fb11eead14,true,1,1,Listed options strategy / Greeks,execution_action_quality,put_spread_downside_floor,false,decision|selected_route|buy_put_strike|sell_put_strike|contracts|net_premium_paid|scenario_pnl_usd|feasibility|rejected_routes|scenario_pnl.risk_off|scenario_pnl.squeeze|worst_case_pnl|self_check,decision|selected_route|buy_put_strike|sell_put_strike|contracts|net_premium_paid|scenario_pnl_usd|feasibility|rejected_routes|scenario_pnl.risk_off|scenario_pnl.squeeze|worst_case_pnl|self_check,
SB-AGI-014,stockbench-agi-014,AGI,AGI,0,VERIFIED,f256f6fc3487a26b518db5e27877e44f6ef211ce503c65b9a1631b026605193e,d1b9f4fdc8334e744b40516b82808f1d3f4e288f3225e0cec7e4f5c889fbe667,7f0f3cba2690319c3433c1750a71e0dd8fbee48e2b6fe0e954e813e4fe352772,true,1,1,Futures / commodities / spreads / rolls,judgment_risk_augmentation,commodity_roll_basis_hedge,true,decision|selected_route|contracts|roll_cost_usd|fees_usd|total_cost_usd|feasibility|rejected_routes|scenario_pnl.rate_shock|scenario_pnl.vol_spike|scenario_pnl.credit_widening|worst_case_pnl|self_check,decision|selected_route|contracts|roll_cost_usd|fees_usd|total_cost_usd|feasibility|rejected_routes|scenario_pnl.rate_shock|scenario_pnl.vol_spike|scenario_pnl.credit_widening|worst_case_pnl|self_check,
SB-AGI-015,stockbench-agi-015,AGI,AGI,0,VERIFIED,f432fc863aa6c7c85c5d32bf04df17ef78f24df7ba5cdb6140952c45df62cf94,6c27d9b431187d9408d286f2d2967845b878b271dbfa26f0bfe0b56895519a04,7095488c9680ef15e1f459f7805b10f449590cce886288a122bf10658dfc810e,true,1,1,Listed options strategy / Greeks,execution_action_quality,exercise_assignment_roll_decision,false,decision|selected_route|instrument|dividend_per_share|call_time_value|exercise_early|feasibility|rejected_routes|scenario_pnl.gap_down|scenario_pnl.melt_up|scenario_pnl.range_chop|scenario_pnl.sector_rotation|worst_case_pnl|self_check,decision|selected_route|instrument|dividend_per_share|call_time_value|exercise_early|feasibility|rejected_routes|scenario_pnl.gap_down|scenario_pnl.melt_up|scenario_pnl.range_chop|scenario_pnl.sector_rotation|worst_case_pnl|self_check,
SB-AGI-016,stockbench-agi-016,AGI,AGI,0,VERIFIED,8bc25fd55cca7799e96cefe3e2ec745068761708fc251fa306ea919fee1509bf,910d529a083c72e2edacadc874457990faa5bafa86562f4d3072a5c6209bc66c,5dc8db82ea1b46ff51da3d71ab8562eec64cbc6c31db46092d28e70c90e4f0db,true,1,1,Futures / commodities / spreads / rolls,execution_action_quality,futures_beta_hedge,true,decision|selected_route|es_contracts|beta_reduction_usd|beta_reduction_pct|margin_used|expected_cost|feasibility|rejected_routes|scenario_pnl.risk_off|scenario_pnl.squeeze|worst_case_pnl|self_check,decision|selected_route|es_contracts|beta_reduction_usd|beta_reduction_pct|margin_used|expected_cost|feasibility|rejected_routes|scenario_pnl.risk_off|scenario_pnl.squeeze|worst_case_pnl|self_check,
SB-AGI-017,stockbench-agi-017,AGI,AGI,0,VERIFIED,157b05691d98291c04f5bb7366105637c47ea444a4b13bde9d3a4e57391e509b,f4846ae6c6b0fe155bf6bddcb0d73dcf170da3b9c49b3435a320ab4cc8853a78,c0db42052534b6d14e75d526f1b7228df62027a49b7b8150fa330e679946b08f,true,1,1,Listed options strategy / Greeks,judgment_risk_augmentation,put_spread_downside_floor,false,decision|selected_route|buy_put_strike|sell_put_strike|contracts|net_premium_paid|scenario_pnl_usd|feasibility|rejected_routes|scenario_pnl.rate_shock|scenario_pnl.vol_spike|scenario_pnl.credit_widening|worst_case_pnl|self_check,decision|selected_route|buy_put_strike|sell_put_strike|contracts|net_premium_paid|scenario_pnl_usd|feasibility|rejected_routes|scenario_pnl.rate_shock|scenario_pnl.vol_spike|scenario_pnl.credit_widening|worst_case_pnl|self_check,
SB-AGI-018,stockbench-agi-018,AGI,AGI,0,VERIFIED,2aea9032c55dce7d9ce79278575097a90262e6bea62c8a3379c0a5b7af909db6,837ed5c87b7e6fdaf0379b265a92762b24c6e3efd1c713dc4c5dba1d3d38f244,3c673f3800da58b8e78b4115addd3de567d044892433af00ce7265ce97d2fbe1,true,1,1,Futures / commodities / spreads / rolls,execution_action_quality,commodity_roll_basis_hedge,true,decision|selected_route|contracts|roll_cost_usd|fees_usd|total_cost_usd|feasibility|rejected_routes|scenario_pnl.gap_down|scenario_pnl.melt_up|scenario_pnl.range_chop|scenario_pnl.sector_rotation|worst_case_pnl|self_check,decision|selected_route|contracts|roll_cost_usd|fees_usd|total_cost_usd|feasibility|rejected_routes|scenario_pnl.gap_down|scenario_pnl.melt_up|scenario_pnl.range_chop|scenario_pnl.sector_rotation|worst_case_pnl|self_check,
SB-AGI-019,stockbench-agi-019,AGI,AGI,0,VERIFIED,dfc8685bfa4a20965c9940a3d8957d1e634cfc8d2cf4b7597aa5cd9c37dfbe9b,d2a2e3ee1bd0a565140fe17a084a3deca2a9c585e4f4a0f1049fbf683cfc164a,bd41d79b8374438dede50816529419e76647e47e41503c5489d046a049493044,true,1,1,Portfolio risk / rebalancing,execution_action_quality,risk_budget_rebalance,false,decision|selected_route|es_contracts|beta_reduction_usd|beta_reduction_pct|margin_used|expected_cost|feasibility|rejected_routes|scenario_pnl.risk_off|scenario_pnl.squeeze|worst_case_pnl|self_check,decision|selected_route|es_contracts|beta_reduction_usd|beta_reduction_pct|margin_used|expected_cost|feasibility|rejected_routes|scenario_pnl.risk_off|scenario_pnl.squeeze|worst_case_pnl|self_check,
SB-AGI-020,stockbench-agi-020,AGI,AGI,0,VERIFIED,f96788eb09e0e092a83846c4fb89f5b142aaf3470c39581edb0baf1e52ece321,9f8cd9db75f739fc1978444d6ee91264110abbea60093e3fe1011dda14a37983,52175e83077ff1f7d4bfa11f8bf4ffe230cf53b3a5551ceb355148bfc6cce900,true,1,1,Listed options strategy / Greeks,judgment_risk_augmentation,covered_call_assignment,true,decision|selected_route|instrument|call_strike|dividend_per_share|call_time_value|early_assignment_risk|feasibility|rejected_routes|scenario_pnl.rate_shock|scenario_pnl.vol_spike|scenario_pnl.credit_widening|worst_case_pnl|self_check,decision|selected_route|instrument|call_strike|dividend_per_share|call_time_value|early_assignment_risk|feasibility|rejected_routes|scenario_pnl.rate_shock|scenario_pnl.vol_spike|scenario_pnl.credit_widening|worst_case_pnl|self_check,
SB-AGI-021,stockbench-agi-021,AGI,AGI,0,VERIFIED,864f06eec20c302777c7ac9b416f3a0ee63eaa94e6397a732e249c6b92607d05,d97f549daedcb14f71f1cf5bb4293f618832941e664deb7dea54c7432c37502d,f30c05bbcf880168d9c2f2889412941e1fdcd28f4db9d67a43112c67ca1f29cb,true,1,1,Futures / commodities / spreads / rolls,execution_action_quality,futures_roll_calendar,false,decision|selected_route|contracts|roll_cost_usd|fees_usd|total_cost_usd|feasibility|rejected_routes|scenario_pnl.gap_down|scenario_pnl.melt_up|scenario_pnl.range_chop|scenario_pnl.sector_rotation|worst_case_pnl|self_check,decision|selected_route|contracts|roll_cost_usd|fees_usd|total_cost_usd|feasibility|rejected_routes|scenario_pnl.gap_down|scenario_pnl.melt_up|scenario_pnl.range_chop|scenario_pnl.sector_rotation|worst_case_pnl|self_check,
SB-AGI-022,stockbench-agi-022,AGI,AGI,0,VERIFIED,1b09a9dcade99a97170680b968bf2a78b16ffbe07835f722de239e7b3031ef3e,5a05f3b96fe5398fc7fdc6b48eaf7b97489f9a493d669bef35e63ee26433eede,437243100609c83006a233e63e21d69c44f8c218e086154ed64517dddac9a29d,true,1,1,Portfolio risk / rebalancing,execution_action_quality,cross_asset_var_liquidity_triage,false,decision|selected_route|es_contracts|beta_reduction_usd|beta_reduction_pct|margin_used|expected_cost|feasibility|rejected_routes|scenario_pnl.risk_off|scenario_pnl.squeeze|worst_case_pnl|self_check,decision|selected_route|es_contracts|beta_reduction_usd|beta_reduction_pct|margin_used|expected_cost|feasibility|rejected_routes|scenario_pnl.risk_off|scenario_pnl.squeeze|worst_case_pnl|self_check,
SB-AGI-023,stockbench-agi-023,AGI,AGI,0,VERIFIED,ee14aa6511cd5fbb372ed7594a0198ece67fd874d85bcfe80b0f820e0c8dd3e5,39288d4a90098059325dbbe9e1d29ee97a0efba281eb4c820490ae4bc390741f,22dc95e97110e34b2b3c1e9e4dbfe005341c305ed2a07274fab30e04dc5a533b,true,1,1,Listed options strategy / Greeks,judgment_risk_augmentation,exercise_assignment_roll_decision,false,decision|selected_route|instrument|dividend_per_share|call_time_value|exercise_early|feasibility|rejected_routes|scenario_pnl.rate_shock|scenario_pnl.vol_spike|scenario_pnl.credit_widening|worst_case_pnl|self_check,decision|selected_route|instrument|dividend_per_share|call_time_value|exercise_early|feasibility|rejected_routes|scenario_pnl.rate_shock|scenario_pnl.vol_spike|scenario_pnl.credit_widening|worst_case_pnl|self_check,
SB-AGI-024,stockbench-agi-024,AGI,AGI,0,VERIFIED,eb87cd6c47e09533bfe44b33ca91a914ab5efaf5f6f2d8ea68b937f0184ccb88,f1a6ded0f06db914c7798ad262b9233699623654d0c1e5f0507a1c3ed851a7dd,a10e3066e3e2a776a6a804dc3f82635d819426a9b54800901a01af201053c7dd,true,1,1,Futures / commodities / spreads / rolls,execution_action_quality,futures_beta_hedge,true,decision|selected_route|es_contracts|beta_reduction_usd|beta_reduction_pct|margin_used|expected_cost|feasibility|rejected_routes|scenario_pnl.gap_down|scenario_pnl.melt_up|scenario_pnl.range_chop|scenario_pnl.sector_rotation|worst_case_pnl|self_check,decision|selected_route|es_contracts|beta_reduction_usd|beta_reduction_pct|margin_used|expected_cost|feasibility|rejected_routes|scenario_pnl.gap_down|scenario_pnl.melt_up|scenario_pnl.range_chop|scenario_pnl.sector_rotation|worst_case_pnl|self_check,
SB-AGI-025,stockbench-agi-025,AGI,AGI,0,VERIFIED,489578d09dd27509d3aaaa3cbe73334c2bea38b821be5e526474f096da00eb8e,5adb13e594e9d77032451b968c9e2b31e42803713ffba679d2e996844c07294b,0b38df2d4e59f686f3172d37863b0bb0d7a9b61097742898e7f683358f29ccad,true,1,1,Portfolio risk / rebalancing,execution_action_quality,multi_asset_drawdown_hedge,false,decision|selected_route|es_contracts|beta_reduction_usd|beta_reduction_pct|margin_used|expected_cost|feasibility|rejected_routes|scenario_pnl.risk_off|scenario_pnl.squeeze|worst_case_pnl|self_check,decision|selected_route|es_contracts|beta_reduction_usd|beta_reduction_pct|margin_used|expected_cost|feasibility|rejected_routes|scenario_pnl.risk_off|scenario_pnl.squeeze|worst_case_pnl|self_check,
SB-AGI-026,stockbench-agi-026,AGI,AGI,0,VERIFIED,70d5bfd9237ad5cb0ca38b2986577d4bfa6819a110d15bbf7667300f9396b830,a5c57376e15c043fc31584d28454aa044d674c22badc6ce444ead87f90f566ee,6296c3c0dca2683df50e875277001e2dc68477cee2a7b534fb483c8af86b5292,true,1,1,Listed options strategy / Greeks,judgment_risk_augmentation,early_assignment_dividend_risk,false,decision|selected_route|instrument|call_strike|dividend_per_share|call_time_value|early_assignment_risk|feasibility|rejected_routes|scenario_pnl.rate_shock|scenario_pnl.vol_spike|scenario_pnl.credit_widening|worst_case_pnl|self_check,decision|selected_route|instrument|call_strike|dividend_per_share|call_time_value|early_assignment_risk|feasibility|rejected_routes|scenario_pnl.rate_shock|scenario_pnl.vol_spike|scenario_pnl.credit_widening|worst_case_pnl|self_check,
SB-AGI-027,stockbench-agi-027,AGI,AGI,0,VERIFIED,cef77ebd118736da34cb9d5696da962b9b068082cb635a764a873c9e5624f995,1c0bc57001d5c981b81dba352346145f0520392b85550d999210b59fcefafe39,beafcc52ff1ede4c6056a4ea764696eac66a11af855e8d48c84fef4ece99c64e,true,1,1,Futures / commodities / spreads / rolls,execution_action_quality,span_margin_calendar_spread,false,decision|selected_route|spread_count|expected_carry_usd|margin_used|feasibility|rejected_routes|scenario_pnl.gap_down|scenario_pnl.melt_up|scenario_pnl.range_chop|scenario_pnl.sector_rotation|worst_case_pnl|self_check,decision|selected_route|spread_count|expected_carry_usd|margin_used|feasibility|rejected_routes|scenario_pnl.gap_down|scenario_pnl.melt_up|scenario_pnl.range_chop|scenario_pnl.sector_rotation|worst_case_pnl|self_check,
SB-AGI-028,stockbench-agi-028,AGI,AGI,0,VERIFIED,4bf5c9b2f8eac610ebb940c0aed4e439af2ae9171f2fd82cd2dc7bd58832cbe6,5454edb3bda87ddc945afda64ea433abdfd9b1d17bb76f23801d4b11b9dc0aa8,f68dad13ed6c87b10d1d96cbb4210b2395b6cf8d90931500fc0c920cf5abf214,true,1,1,Portfolio risk / rebalancing,execution_action_quality,beta_dollar_rebalance,true,decision|selected_route|es_contracts|beta_reduction_usd|beta_reduction_pct|margin_used|expected_cost|feasibility|rejected_routes|scenario_pnl.risk_off|scenario_pnl.squeeze|worst_case_pnl|self_check,decision|selected_route|es_contracts|beta_reduction_usd|beta_reduction_pct|margin_used|expected_cost|feasibility|rejected_routes|scenario_pnl.risk_off|scenario_pnl.squeeze|worst_case_pnl|self_check,
SB-AGI-029,stockbench-agi-029,AGI,AGI,0,VERIFIED,5706db69fcea1626b3760b679240fb008c5ade17c9db8a8aec7f755bbe8b940a,38a9a0107d1d02a17f33fcbb508305099e3d42b8eb2c18e4345bf1dbff999899,0000c4c755ccc5f16caece2ed4310348d9829e2547cdf1d114b72f32ee5ce9b0,true,1,1,Shorting / borrow / margin / locates,judgment_risk_augmentation,borrow_cost_vs_trade_edge,true,decision|selected_route|instrument|short_shares|put_contracts|premium_paid|bearish_delta_shares|feasibility|rejected_routes|scenario_pnl.rate_shock|scenario_pnl.vol_spike|scenario_pnl.credit_widening|worst_case_pnl|self_check,decision|selected_route|instrument|short_shares|put_contracts|premium_paid|bearish_delta_shares|feasibility|rejected_routes|scenario_pnl.rate_shock|scenario_pnl.vol_spike|scenario_pnl.credit_widening|worst_case_pnl|self_check,
SB-AGI-030,stockbench-agi-030,AGI,AGI,0,VERIFIED,910bfc336fc176cd236a167501912943902cf3683e794f03a79a20f57ab66901,93a8391336b638968dc8c48b487538561415352f963f59f5a54824a6e998dbca,633dca0f2a0edc173c16e782e74b02165cbc6d7f4c806550ce3f89734b376af9,true,1,1,Listed options strategy / Greeks,execution_action_quality,early_assignment_dividend_risk,false,decision|selected_route|instrument|call_strike|dividend_per_share|call_time_value|early_assignment_risk|feasibility|rejected_routes|scenario_pnl.gap_down|scenario_pnl.melt_up|scenario_pnl.range_chop|scenario_pnl.sector_rotation|worst_case_pnl|self_check,decision|selected_route|instrument|call_strike|dividend_per_share|call_time_value|early_assignment_risk|feasibility|rejected_routes|scenario_pnl.gap_down|scenario_pnl.melt_up|scenario_pnl.range_chop|scenario_pnl.sector_rotation|worst_case_pnl|self_check,
SB-AGI-031,stockbench-agi-031,AGI,AGI,0,VERIFIED,7513e0d3059751671d99e7585f948f674292b6d495440dc1288e908017a09758,6372356bdcebbb67b5dc3310974b084c9211827f9aadefa164215fe0a8b6f7e9,d99c4c7b8de7e2dd3581e0d12d3c276e2c0f04aaef48985a7ec9706d86716c2f,true,1,1,Futures / commodities / spreads / rolls,execution_action_quality,span_margin_calendar_spread,false,decision|selected_route|spread_count|expected_carry_usd|margin_used|feasibility|rejected_routes|scenario_pnl.risk_off|scenario_pnl.squeeze|worst_case_pnl|self_check,decision|selected_route|spread_count|expected_carry_usd|margin_used|feasibility|rejected_routes|scenario_pnl.risk_off|scenario_pnl.squeeze|worst_case_pnl|self_check,
SB-AGI-032,stockbench-agi-032,AGI,AGI,0,VERIFIED,88c7083718d8a5c0d4605d341ac85c96aa0873d02d6c02e667a25185600db50d,d65581b4cb7ce6e7d1517852b03ef9a6e05e0421815da367b9451b3418e84201,3fe18c91174e25353388bd7753e8b8d0491054b18dc8590437ccabfe7d151ff3,true,1,1,Portfolio risk / rebalancing,judgment_risk_augmentation,beta_dollar_rebalance,true,decision|selected_route|es_contracts|beta_reduction_usd|beta_reduction_pct|margin_used|expected_cost|feasibility|rejected_routes|scenario_pnl.rate_shock|scenario_pnl.vol_spike|scenario_pnl.credit_widening|worst_case_pnl|self_check,decision|selected_route|es_contracts|beta_reduction_usd|beta_reduction_pct|margin_used|expected_cost|feasibility|rejected_routes|scenario_pnl.rate_shock|scenario_pnl.vol_spike|scenario_pnl.credit_widening|worst_case_pnl|self_check,
SB-AGI-033,stockbench-agi-033,AGI,AGI,0,VERIFIED,c453bf6df71182686290c18445420be4d4a58c4d3beafe71d56743690fb5ea38,de5f6478ce5de4f50e4f4c943c4bc3ead261e9ae1083fed063a12b4c492f41a1,83b2679481b9485dd09cc80a0c5a6aa12f297d604c206b0fd26398a32aefe681,true,1,1,Shorting / borrow / margin / locates,execution_action_quality,borrow_cost_vs_trade_edge,true,decision|selected_route|instrument|short_shares|put_contracts|premium_paid|bearish_delta_shares|feasibility|rejected_routes|scenario_pnl.gap_down|scenario_pnl.melt_up|scenario_pnl.range_chop|scenario_pnl.sector_rotation|worst_case_pnl|self_check,decision|selected_route|instrument|short_shares|put_contracts|premium_paid|bearish_delta_shares|feasibility|rejected_routes|scenario_pnl.gap_down|scenario_pnl.melt_up|scenario_pnl.range_chop|scenario_pnl.sector_rotation|worst_case_pnl|self_check,
SB-AGI-034,stockbench-agi-034,AGI,AGI,0,VERIFIED,bf66e93f4e05a30a7eb92608a1eb336fbed655b1906a529a6ad1d395145cdc40,a666551e5120fb7b0115821590cf3d5b0d9acf88265605c4a5bba2ee96ce89e5,bafa9606e7a69d5a97eeb87517be72ff3a4435b792f2f1ac1deb95cb2c32f088,true,1,1,Listed options strategy / Greeks,execution_action_quality,early_assignment_dividend_risk,false,decision|selected_route|instrument|call_strike|dividend_per_share|call_time_value|early_assignment_risk|feasibility|rejected_routes|scenario_pnl.risk_off|scenario_pnl.squeeze|worst_case_pnl|self_check,decision|selected_route|instrument|call_strike|dividend_per_share|call_time_value|early_assignment_risk|feasibility|rejected_routes|scenario_pnl.risk_off|scenario_pnl.squeeze|worst_case_pnl|self_check,
SB-AGI-035,stockbench-agi-035,AGI,AGI,0,VERIFIED,7ff775916db511942d8296330165d46d8a722b8e400122a918dc9e67b845af58,2298caf47ed7b58f8402ac368a0f934febdc60d3b3469a6a32b9e6fc7dc8fe99,22c65d71a2636bf2f5db6822164794c97446d9e6d77195c7132931848ea38db1,true,1,1,Futures / commodities / spreads / rolls,judgment_risk_augmentation,span_margin_calendar_spread,false,decision|selected_route|spread_count|expected_carry_usd|margin_used|feasibility|rejected_routes|scenario_pnl.rate_shock|scenario_pnl.vol_spike|scenario_pnl.credit_widening|worst_case_pnl|self_check,decision|selected_route|spread_count|expected_carry_usd|margin_used|feasibility|rejected_routes|scenario_pnl.rate_shock|scenario_pnl.vol_spike|scenario_pnl.credit_widening|worst_case_pnl|self_check,
SB-AGI-036,stockbench-agi-036,AGI,AGI,0,VERIFIED,2cb80dcf59ac34022612a78335d032a7ff0478e020cdb3d34b8924ac096a96dc,da6b05163cd2ff1f73f8a616ddb9ecfa45ab77e3b44de7f71a27a6b49a407e22,3c781a6b1fc9820f4cdca1b478e23e18c2b3ee156b66c821a7c3209331762aba,true,1,1,Portfolio risk / rebalancing,execution_action_quality,beta_dollar_rebalance,true,decision|selected_route|es_contracts|beta_reduction_usd|beta_reduction_pct|margin_used|expected_cost|feasibility|rejected_routes|scenario_pnl.gap_down|scenario_pnl.melt_up|scenario_pnl.range_chop|scenario_pnl.sector_rotation|worst_case_pnl|self_check,decision|selected_route|es_contracts|beta_reduction_usd|beta_reduction_pct|margin_used|expected_cost|feasibility|rejected_routes|scenario_pnl.gap_down|scenario_pnl.melt_up|scenario_pnl.range_chop|scenario_pnl.sector_rotation|worst_case_pnl|self_check,
SB-AGI-037,stockbench-agi-037,AGI,AGI,0,VERIFIED,a923cb38a92bbd1315540ba653a6f41d621975e6eaaa6c395fd0de0f97a463cd,acd9b4577949ec7f262954f331aba2d5af6847559c28339b3d5dde9320d7fb89,8e02c64d7ef7edace21a02d18850f7cc159b32ded3ceac867473a0f48a7c6f6b,true,1,1,Shorting / borrow / margin / locates,execution_action_quality,borrow_cost_vs_trade_edge,true,decision|selected_route|instrument|short_shares|put_contracts|premium_paid|bearish_delta_shares|feasibility|rejected_routes|scenario_pnl.risk_off|scenario_pnl.squeeze|worst_case_pnl|self_check,decision|selected_route|instrument|short_shares|put_contracts|premium_paid|bearish_delta_shares|feasibility|rejected_routes|scenario_pnl.risk_off|scenario_pnl.squeeze|worst_case_pnl|self_check,
SB-AGI-038,stockbench-agi-038,AGI,AGI,0,VERIFIED,d67b25971b0b150581c398acf8205f753b172a88db8e98aa5b67b424c9d9e269,fb8821b4cd072af7193977adf1f1d9a2e59e98929d2b3ec0dc30eda61121e1be,b788503d118090bb42e73ea8a174438670f39fa8e1c9bba04d6d74fdcf037065,true,1,1,Listed options strategy / Greeks,judgment_risk_augmentation,early_assignment_dividend_risk,false,decision|selected_route|instrument|call_strike|dividend_per_share|call_time_value|early_assignment_risk|feasibility|rejected_routes|scenario_pnl.rate_shock|scenario_pnl.vol_spike|scenario_pnl.credit_widening|worst_case_pnl|self_check,decision|selected_route|instrument|call_strike|dividend_per_share|call_time_value|early_assignment_risk|feasibility|rejected_routes|scenario_pnl.rate_shock|scenario_pnl.vol_spike|scenario_pnl.credit_widening|worst_case_pnl|self_check,
SB-AGI-039,stockbench-agi-039,AGI,AGI,0,VERIFIED,cafe0921723e2aa75bb1374649c199ea8c1f768280aa08cb08abff42247df60a,f121c00fd45e5c2f52d43dcc4bc33bec65f637c6b4b2773292d7c32aeff4438b,dcc019b9e378cb4e5127d40d9e817835534ad1e6dbb5204af42885c3d577b960,true,1,1,Futures / commodities / spreads / rolls,execution_action_quality,span_margin_calendar_spread,false,decision|selected_route|spread_count|expected_carry_usd|margin_used|feasibility|rejected_routes|scenario_pnl.gap_down|scenario_pnl.melt_up|scenario_pnl.range_chop|scenario_pnl.sector_rotation|worst_case_pnl|self_check,decision|selected_route|spread_count|expected_carry_usd|margin_used|feasibility|rejected_routes|scenario_pnl.gap_down|scenario_pnl.melt_up|scenario_pnl.range_chop|scenario_pnl.sector_rotation|worst_case_pnl|self_check,
SB-AGI-040,stockbench-agi-040,AGI,AGI,0,VERIFIED,dec9628ab64db5e0ff34c9197aca1548f1fd6056ae81d2c68c37fcc999c9572c,43e40bad8372149a6afa5e7adeb34e142b43f0952f1061855fcf025b9e64a82c,efa9f21b6372abd1648b8d409212382fb7d3cf24573cb8ec817ee8b74ece4e1d,true,1,1,Portfolio risk / rebalancing,execution_action_quality,beta_dollar_rebalance,true,decision|selected_route|es_contracts|beta_reduction_usd|beta_reduction_pct|margin_used|expected_cost|feasibility|rejected_routes|scenario_pnl.risk_off|scenario_pnl.squeeze|worst_case_pnl|self_check,decision|selected_route|es_contracts|beta_reduction_usd|beta_reduction_pct|margin_used|expected_cost|feasibility|rejected_routes|scenario_pnl.risk_off|scenario_pnl.squeeze|worst_case_pnl|self_check,
SB-AGI-041,stockbench-agi-041,AGI,AGI,0,VERIFIED,ecde6070a4bc89c175d78b4cb9861882fc753456e377c07c33770c42d42dffd2,3f8ae9c8d136eaddc37e2cec670cf26a3412be1122778204959efe560b7be1c2,48551296642e4c2793570ce0fc652b456244ad14b9ceb63ff7392e2ee799a11b,true,1,1,Shorting / borrow / margin / locates,judgment_risk_augmentation,borrow_cost_vs_trade_edge,true,decision|selected_route|instrument|short_shares|put_contracts|premium_paid|bearish_delta_shares|feasibility|rejected_routes|scenario_pnl.rate_shock|scenario_pnl.vol_spike|scenario_pnl.credit_widening|worst_case_pnl|self_check,decision|selected_route|instrument|short_shares|put_contracts|premium_paid|bearish_delta_shares|feasibility|rejected_routes|scenario_pnl.rate_shock|scenario_pnl.vol_spike|scenario_pnl.credit_widening|worst_case_pnl|self_check,
SB-AGI-042,stockbench-agi-042,AGI,AGI,0,VERIFIED,7e76f8c3b94e49adbefdc1296b42d2025ff772d82f547e31426cf486a9ae1f60,ec1b237ff611a8117078e021b0271c3a0271deca5617bd0876c1de32bc35bcca,1b344cc449404b9c9bf5160fe37091a6762adcf24f5815f1b55897ea9703f343,true,1,1,Listed options strategy / Greeks,execution_action_quality,early_assignment_dividend_risk,false,decision|selected_route|instrument|call_strike|dividend_per_share|call_time_value|early_assignment_risk|feasibility|rejected_routes|scenario_pnl.gap_down|scenario_pnl.melt_up|scenario_pnl.range_chop|scenario_pnl.sector_rotation|worst_case_pnl|self_check,decision|selected_route|instrument|call_strike|dividend_per_share|call_time_value|early_assignment_risk|feasibility|rejected_routes|scenario_pnl.gap_down|scenario_pnl.melt_up|scenario_pnl.range_chop|scenario_pnl.sector_rotation|worst_case_pnl|self_check,
SB-AGI-043,stockbench-agi-043,AGI,AGI,0,VERIFIED,ff5791d0d49936ac557cbec0a778322657242b5028477f98b5cee8c8ac2b8751,db12ad06b414711e9f269ffe5c311f3c0b4407679aca1f5ce142cb324a9fc1a8,8902f5257e9e53e98673a012a7c81d6669eb3de2d5cbe8b5ee36e22d1c941ef4,true,1,1,Futures / commodities / spreads / rolls,execution_action_quality,span_margin_calendar_spread,false,decision|selected_route|spread_count|expected_carry_usd|margin_used|feasibility|rejected_routes|scenario_pnl.risk_off|scenario_pnl.squeeze|worst_case_pnl|self_check,decision|selected_route|spread_count|expected_carry_usd|margin_used|feasibility|rejected_routes|scenario_pnl.risk_off|scenario_pnl.squeeze|worst_case_pnl|self_check,
SB-AGI-044,stockbench-agi-044,AGI,AGI,0,VERIFIED,030a992b1cf5c880749d19a24d9746df8b4a2a37a9876deea4d925b2e550531e,7075f115c018694b3632cdc3ac60f9e2491277ec44ae770b19f2f874c744d91c,3629cd07ee0aa9967b91ac48904b9aaf36567823ce14df827a309e7aeb52cd01,true,1,1,Portfolio risk / rebalancing,judgment_risk_augmentation,beta_dollar_rebalance,true,decision|selected_route|es_contracts|beta_reduction_usd|beta_reduction_pct|margin_used|expected_cost|feasibility|rejected_routes|scenario_pnl.rate_shock|scenario_pnl.vol_spike|scenario_pnl.credit_widening|worst_case_pnl|self_check,decision|selected_route|es_contracts|beta_reduction_usd|beta_reduction_pct|margin_used|expected_cost|feasibility|rejected_routes|scenario_pnl.rate_shock|scenario_pnl.vol_spike|scenario_pnl.credit_widening|worst_case_pnl|self_check,
SB-AGI-045,stockbench-agi-045,AGI,AGI,0,VERIFIED,6e36d99ecae2c434c411cd8e27b107ae667639a0d971b4040d23ce042783b174,6070990d75cf942b046b586ad3ffb0733232ab42827cee440869c2e35ca8031c,a8c25b7dd81808e3b87e83156e00f737e95f73afe7404744abec293d1498b145,true,1,1,Shorting / borrow / margin / locates,execution_action_quality,borrow_cost_vs_trade_edge,true,decision|selected_route|instrument|short_shares|put_contracts|premium_paid|bearish_delta_shares|feasibility|rejected_routes|scenario_pnl.gap_down|scenario_pnl.melt_up|scenario_pnl.range_chop|scenario_pnl.sector_rotation|worst_case_pnl|self_check,decision|selected_route|instrument|short_shares|put_contracts|premium_paid|bearish_delta_shares|feasibility|rejected_routes|scenario_pnl.gap_down|scenario_pnl.melt_up|scenario_pnl.range_chop|scenario_pnl.sector_rotation|worst_case_pnl|self_check,
SB-AGI-046,stockbench-agi-046,AGI,AGI,0,VERIFIED,cca1f0164ea0a149c3038e0b42cb377f63f4ca3c1d284b26a9aaaf36c1b4d633,bbce51818cedf043fa7fe021242e70ce172574b976aec324a927b927e194998c,b0cd6acc7c7385edfb3bf64cee8864f56f01e62a9298c3e1329e65c651b869e0,true,1,1,Listed options strategy / Greeks,execution_action_quality,early_assignment_dividend_risk,false,decision|selected_route|instrument|call_strike|dividend_per_share|call_time_value|early_assignment_risk|feasibility|rejected_routes|scenario_pnl.risk_off|scenario_pnl.squeeze|worst_case_pnl|self_check,decision|selected_route|instrument|call_strike|dividend_per_share|call_time_value|early_assignment_risk|feasibility|rejected_routes|scenario_pnl.risk_off|scenario_pnl.squeeze|worst_case_pnl|self_check,
SB-AGI-047,stockbench-agi-047,AGI,AGI,0,VERIFIED,81d53b235b8f6a909cb13c8ad283f7816b32ce243f38106d7508d251b75d3d93,0301fe930f03e346b712aba9188e202dd572bd2187bf2fc7a646044f60c158e2,a3e9197825ef0292c7dfce034228d9989fea1d1bc62e899d1a4d70c858452e50,true,1,1,Futures / commodities / spreads / rolls,judgment_risk_augmentation,span_margin_calendar_spread,false,decision|selected_route|spread_count|expected_carry_usd|margin_used|feasibility|rejected_routes|scenario_pnl.rate_shock|scenario_pnl.vol_spike|scenario_pnl.credit_widening|worst_case_pnl|self_check,decision|selected_route|spread_count|expected_carry_usd|margin_used|feasibility|rejected_routes|scenario_pnl.rate_shock|scenario_pnl.vol_spike|scenario_pnl.credit_widening|worst_case_pnl|self_check,
SB-AGI-048,stockbench-agi-048,AGI,AGI,0,VERIFIED,194019041d44b62015db10d6c3671804bc5f73c9c3a461770ea8e4bed5e76410,12208cc88f7757ac7282edccb61b3febbe729a83f74f54b2624c276b59419fe5,526c259664c94d58f57c5598a145330f97036b2a2311c2992264341a7c0fbd09,true,1,1,Portfolio risk / rebalancing,execution_action_quality,beta_dollar_rebalance,true,decision|selected_route|es_contracts|beta_reduction_usd|beta_reduction_pct|margin_used|expected_cost|feasibility|rejected_routes|scenario_pnl.gap_down|scenario_pnl.melt_up|scenario_pnl.range_chop|scenario_pnl.sector_rotation|worst_case_pnl|self_check,decision|selected_route|es_contracts|beta_reduction_usd|beta_reduction_pct|margin_used|expected_cost|feasibility|rejected_routes|scenario_pnl.gap_down|scenario_pnl.melt_up|scenario_pnl.range_chop|scenario_pnl.sector_rotation|worst_case_pnl|self_check,
SB-AGI-049,stockbench-agi-049,AGI,AGI,0,VERIFIED,f371e911c043aaee109a9c3bcc052d828f0b5eb3afe9f755ed18d90071e71ea3,e90628f109be7c055288388d54b1448158f8488d47926ee499a54a694485858a,308e7da04fc377a431ed9658fbaff16b23bf114607f5330f58548ccc6ef31ea7,true,1,1,Shorting / borrow / margin / locates,execution_action_quality,borrow_cost_vs_trade_edge,true,decision|selected_route|instrument|short_shares|put_contracts|premium_paid|bearish_delta_shares|feasibility|rejected_routes|scenario_pnl.risk_off|scenario_pnl.squeeze|worst_case_pnl|self_check,decision|selected_route|instrument|short_shares|put_contracts|premium_paid|bearish_delta_shares|feasibility|rejected_routes|scenario_pnl.risk_off|scenario_pnl.squeeze|worst_case_pnl|self_check,
SB-AGI-050,stockbench-agi-050,AGI,AGI,0,VERIFIED,dec15ed24b4a7446637362acb47a253341bee384829525e60bca28fda4f45956,53d43f8ba157f8e0ee8c8e27910990242a00742223c042115216dd6d65427092,ca36bb9f2e6396e447cf031fcc05ccede50a77cb7cfa1b976c5925b0d92182a4,true,1,1,Listed options strategy / Greeks,judgment_risk_augmentation,early_assignment_dividend_risk,false,decision|selected_route|instrument|call_strike|dividend_per_share|call_time_value|early_assignment_risk|feasibility|rejected_routes|scenario_pnl.rate_shock|scenario_pnl.vol_spike|scenario_pnl.credit_widening|worst_case_pnl|self_check,decision|selected_route|instrument|call_strike|dividend_per_share|call_time_value|early_assignment_risk|feasibility|rejected_routes|scenario_pnl.rate_shock|scenario_pnl.vol_spike|scenario_pnl.credit_widening|worst_case_pnl|self_check,
SB-AGI-051,stockbench-agi-051,AGI,AGI,0,VERIFIED,fd6eb1f252011a18b6fac1c8793e5b011800cec77e88aaf4bcdf00e386d05673,486b11614faa53240dd776eee93725eaf1066a65ffef2390ef5a60a18d00b13b,299006ce3192b359991f2cf9787260529bbc61d1fc4f3013a1a05c5302c685ff,true,1,1,Futures / commodities / spreads / rolls,execution_action_quality,span_margin_calendar_spread,false,decision|selected_route|spread_count|expected_carry_usd|margin_used|feasibility|rejected_routes|scenario_pnl.gap_down|scenario_pnl.melt_up|scenario_pnl.range_chop|scenario_pnl.sector_rotation|worst_case_pnl|self_check,decision|selected_route|spread_count|expected_carry_usd|margin_used|feasibility|rejected_routes|scenario_pnl.gap_down|scenario_pnl.melt_up|scenario_pnl.range_chop|scenario_pnl.sector_rotation|worst_case_pnl|self_check,
SB-AGI-052,stockbench-agi-052,AGI,AGI,0,VERIFIED,60417fb449fd1a2b583297057eec9d720b8e82894e48f05901c71bd4bb4a0041,1ce31e0342df5c174854a973a5ef82755bd4a1642b05970010b5a716dd59c147,b8bb17aa94cdec76bdae6cf74c4f84a0bcd397862949342ce17b590027f483a4,true,1,1,Portfolio risk / rebalancing,execution_action_quality,beta_dollar_rebalance,true,decision|selected_route|es_contracts|beta_reduction_usd|beta_reduction_pct|margin_used|expected_cost|feasibility|rejected_routes|scenario_pnl.risk_off|scenario_pnl.squeeze|worst_case_pnl|self_check,decision|selected_route|es_contracts|beta_reduction_usd|beta_reduction_pct|margin_used|expected_cost|feasibility|rejected_routes|scenario_pnl.risk_off|scenario_pnl.squeeze|worst_case_pnl|self_check,
SB-AGI-053,stockbench-agi-053,AGI,AGI,0,VERIFIED,e934628aff4056b345d7fa4e447b28cec4dd1a69fb383c92bc19364e4e75b590,3c413c84ae71c3f49cb8311df691cd3b2a12a60466dd4eb8af59493dd833cfcb,d473a75f2b254dc6edca7d78312664e63855c3a49f1b10ab9902addfe93a9e7b,true,1,1,Shorting / borrow / margin / locates,judgment_risk_augmentation,borrow_cost_vs_trade_edge,true,decision|selected_route|instrument|short_shares|put_contracts|premium_paid|bearish_delta_shares|feasibility|rejected_routes|scenario_pnl.rate_shock|scenario_pnl.vol_spike|scenario_pnl.credit_widening|worst_case_pnl|self_check,decision|selected_route|instrument|short_shares|put_contracts|premium_paid|bearish_delta_shares|feasibility|rejected_routes|scenario_pnl.rate_shock|scenario_pnl.vol_spike|scenario_pnl.credit_widening|worst_case_pnl|self_check,
SB-AGI-054,stockbench-agi-054,AGI,AGI,0,VERIFIED,10ba6eea23aca6090a766662d855e5cde2a661652eb2b0d7605adcc549871b3c,15c0f5535c0ff5be935d14c1513e47a9659d4735b4ddf251718f9595438d3045,fd3f910ad4e7743a4597ef96a9410158b8b0aba7971d96e30005fb52f93af40b,true,1,1,Listed options strategy / Greeks,execution_action_quality,early_assignment_dividend_risk,false,decision|selected_route|instrument|call_strike|dividend_per_share|call_time_value|early_assignment_risk|feasibility|rejected_routes|scenario_pnl.gap_down|scenario_pnl.melt_up|scenario_pnl.range_chop|scenario_pnl.sector_rotation|worst_case_pnl|self_check,decision|selected_route|instrument|call_strike|dividend_per_share|call_time_value|early_assignment_risk|feasibility|rejected_routes|scenario_pnl.gap_down|scenario_pnl.melt_up|scenario_pnl.range_chop|scenario_pnl.sector_rotation|worst_case_pnl|self_check,
SB-AGI-055,stockbench-agi-055,AGI,AGI,0,VERIFIED,02d2c51205d843301b466bcbb5d2d8ef94dbec7dc86cf98fa49e9330cabdffe5,53ed7aa6c3e6de2057b6b394ffed2c31e59d8aa385356aa6fbdc01f0d35c268c,4b9d7fd806d99e026d60077757a00dca380e5224f17c267551524c969ceb85e7,true,1,1,Futures / commodities / spreads / rolls,execution_action_quality,span_margin_calendar_spread,false,decision|selected_route|spread_count|expected_carry_usd|margin_used|feasibility|rejected_routes|scenario_pnl.risk_off|scenario_pnl.squeeze|worst_case_pnl|self_check,decision|selected_route|spread_count|expected_carry_usd|margin_used|feasibility|rejected_routes|scenario_pnl.risk_off|scenario_pnl.squeeze|worst_case_pnl|self_check,
SB-AGI-056,stockbench-agi-056,AGI,AGI,0,VERIFIED,538f7a4fd35a82ce8990b855141b95347b7e23744476924d4e8efdee41cd0e84,d774b792bada10c5a76aca31013eefaeb8d691660cab861631cae12a0c5e953b,821315b21b32b5d1e02f73da002783b99e9c5ec8622b01cf679748a53a6979a1,true,1,1,Portfolio risk / rebalancing,judgment_risk_augmentation,beta_dollar_rebalance,true,decision|selected_route|es_contracts|beta_reduction_usd|beta_reduction_pct|margin_used|expected_cost|feasibility|rejected_routes|scenario_pnl.rate_shock|scenario_pnl.vol_spike|scenario_pnl.credit_widening|worst_case_pnl|self_check,decision|selected_route|es_contracts|beta_reduction_usd|beta_reduction_pct|margin_used|expected_cost|feasibility|rejected_routes|scenario_pnl.rate_shock|scenario_pnl.vol_spike|scenario_pnl.credit_widening|worst_case_pnl|self_check,
SB-AGI-057,stockbench-agi-057,AGI,AGI,0,VERIFIED,6f83cb54674d73a0e33639cfb64984872f213a0b3a15145c518d3ee1029fa9ff,568a0b1baabb97beb5f3201716ae72cd193bc42652e996b1696fe8d3b6f1d4fc,8f843a46d356a8f668505d355e6a49945b0b74afc8d973d2bd42a0a9bea42083,true,1,1,Shorting / borrow / margin / locates,execution_action_quality,borrow_cost_vs_trade_edge,true,decision|selected_route|instrument|short_shares|put_contracts|premium_paid|bearish_delta_shares|feasibility|rejected_routes|scenario_pnl.gap_down|scenario_pnl.melt_up|scenario_pnl.range_chop|scenario_pnl.sector_rotation|worst_case_pnl|self_check,decision|selected_route|instrument|short_shares|put_contracts|premium_paid|bearish_delta_shares|feasibility|rejected_routes|scenario_pnl.gap_down|scenario_pnl.melt_up|scenario_pnl.range_chop|scenario_pnl.sector_rotation|worst_case_pnl|self_check,
SB-AGI-058,stockbench-agi-058,AGI,AGI,0,VERIFIED,2bf8f664251cdec66fc14b818f8b9aad102365556a56b1d2b1aec663d987546c,fc67be553b021e37c6e96af031fdac2f443e2ab3c256f2f3ca46214a47104e9c,73c2e41691d4617e105dea8d0e07df20af3409cc9c6e6bba60b3c92b435ca743,true,1,1,Listed options strategy / Greeks,execution_action_quality,early_assignment_dividend_risk,false,decision|selected_route|instrument|call_strike|dividend_per_share|call_time_value|early_assignment_risk|feasibility|rejected_routes|scenario_pnl.risk_off|scenario_pnl.squeeze|worst_case_pnl|self_check,decision|selected_route|instrument|call_strike|dividend_per_share|call_time_value|early_assignment_risk|feasibility|rejected_routes|scenario_pnl.risk_off|scenario_pnl.squeeze|worst_case_pnl|self_check,
SB-AGI-059,stockbench-agi-059,AGI,AGI,0,VERIFIED,5a2fbba969866b1d2c5c6eadd144f0d6ff3a3111a8893f15e2c8076467529a3c,3c84ad1c9061ba402a3411e86a5b48515d17e27e70aa5d0ca496194455d6a75c,3e9dfffee913441b0a31dc7465d4d39db0ce39f5968c471cadb06d779f2f66ab,true,1,1,Futures / commodities / spreads / rolls,judgment_risk_augmentation,span_margin_calendar_spread,false,decision|selected_route|spread_count|expected_carry_usd|margin_used|feasibility|rejected_routes|scenario_pnl.rate_shock|scenario_pnl.vol_spike|scenario_pnl.credit_widening|worst_case_pnl|self_check,decision|selected_route|spread_count|expected_carry_usd|margin_used|feasibility|rejected_routes|scenario_pnl.rate_shock|scenario_pnl.vol_spike|scenario_pnl.credit_widening|worst_case_pnl|self_check,
SB-AGI-060,stockbench-agi-060,AGI,AGI,0,VERIFIED,5f193bf9de663fb1cd67a745afb59ecb4ac62508703b64a61774ffcf9f4572af,744ef1bf7370afdcf5957e0e8c90e5c481f2f73c8538e7cb58c7856c2d42e38b,62300c76afc1185992f81e48035201778bd684962b08a97ed3634c22d6f04341,true,1,1,Portfolio risk / rebalancing,execution_action_quality,beta_dollar_rebalance,true,decision|selected_route|es_contracts|beta_reduction_usd|beta_reduction_pct|margin_used|expected_cost|feasibility|rejected_routes|scenario_pnl.gap_down|scenario_pnl.melt_up|scenario_pnl.range_chop|scenario_pnl.sector_rotation|worst_case_pnl|self_check,decision|selected_route|es_contracts|beta_reduction_usd|beta_reduction_pct|margin_used|expected_cost|feasibility|rejected_routes|scenario_pnl.gap_down|scenario_pnl.melt_up|scenario_pnl.range_chop|scenario_pnl.sector_rotation|worst_case_pnl|self_check,
SB-AGI-061,stockbench-agi-061,AGI,AGI,0,VERIFIED,27f15d11a280db89cb7c7d06e3fde733dbcbcd2ef0cae85c263d6bbfb2b79f82,c6f450f842e0429f75a927959a9be39cf2f7e08e7ddfbf7efa9cb3e60f2808b6,7719e11d1999ae3b3576df5a4b45e4981e1b42d12442841acbc5e6d19ff68a75,true,1,1,Shorting / borrow / margin / locates,execution_action_quality,borrow_cost_vs_trade_edge,true,decision|selected_route|instrument|short_shares|put_contracts|premium_paid|bearish_delta_shares|feasibility|rejected_routes|scenario_pnl.risk_off|scenario_pnl.squeeze|worst_case_pnl|self_check,decision|selected_route|instrument|short_shares|put_contracts|premium_paid|bearish_delta_shares|feasibility|rejected_routes|scenario_pnl.risk_off|scenario_pnl.squeeze|worst_case_pnl|self_check,
SB-AGI-062,stockbench-agi-062,AGI,AGI,0,VERIFIED,88dbbe930d18209f0dd03bf0634e94ad151028944563457ad7f0c45c160bb3ae,d86762969a7479fb5980cd60fdd9a71c84bbc3e72927dc6b5d0ecaf6f1544564,20ab13e4484225549f1bab79ff256b3747f9b1b612cdd5588b950c30190eb4a0,true,1,1,Listed options strategy / Greeks,judgment_risk_augmentation,early_assignment_dividend_risk,false,decision|selected_route|instrument|call_strike|dividend_per_share|call_time_value|early_assignment_risk|feasibility|rejected_routes|scenario_pnl.rate_shock|scenario_pnl.vol_spike|scenario_pnl.credit_widening|worst_case_pnl|self_check,decision|selected_route|instrument|call_strike|dividend_per_share|call_time_value|early_assignment_risk|feasibility|rejected_routes|scenario_pnl.rate_shock|scenario_pnl.vol_spike|scenario_pnl.credit_widening|worst_case_pnl|self_check,
SB-AGI-063,stockbench-agi-063,AGI,AGI,0,VERIFIED,d4f0d6a8b578c103827a173f72fd4e72c5548d764393122caba7953ebda9ec47,54b6ecb6641f9d6767adea715b2acb35d2bb8433935d4f37e773f770cb58bc25,afa38d2895947515f0a1c21751d3396f39568fca0f3ffbe983278de21b136345,true,1,1,Futures / commodities / spreads / rolls,execution_action_quality,span_margin_calendar_spread,false,decision|selected_route|spread_count|expected_carry_usd|margin_used|feasibility|rejected_routes|scenario_pnl.gap_down|scenario_pnl.melt_up|scenario_pnl.range_chop|scenario_pnl.sector_rotation|worst_case_pnl|self_check,decision|selected_route|spread_count|expected_carry_usd|margin_used|feasibility|rejected_routes|scenario_pnl.gap_down|scenario_pnl.melt_up|scenario_pnl.range_chop|scenario_pnl.sector_rotation|worst_case_pnl|self_check,
SB-AGI-064,stockbench-agi-064,AGI,AGI,0,VERIFIED,6d1311eddcc7e430733f485cd2026547ecdc7b9e66379018c6ed9b21721f1ea8,6874157b518406b82f1796f6b5d2bf522d8610b7b4cb44f33142072b1c808773,0941088888cf78f07005de46a68ae8784235feadf9efe3433a3472254ffb1826,true,1,1,Portfolio risk / rebalancing,execution_action_quality,beta_dollar_rebalance,true,decision|selected_route|es_contracts|beta_reduction_usd|beta_reduction_pct|margin_used|expected_cost|feasibility|rejected_routes|scenario_pnl.risk_off|scenario_pnl.squeeze|worst_case_pnl|self_check,decision|selected_route|es_contracts|beta_reduction_usd|beta_reduction_pct|margin_used|expected_cost|feasibility|rejected_routes|scenario_pnl.risk_off|scenario_pnl.squeeze|worst_case_pnl|self_check,
SB-AGI-065,stockbench-agi-065,AGI,AGI,0,VERIFIED,7c3bd819251fd83f3bef7d1c9ad8cdfa4107959521d965c62b548b777f6eccf9,a5fda174cd9e5d35bbbac1c4ab39acbc890503c0a433e010cfa0bb9f1def9420,e3cfbfa127faa29ae080a8b8a448b6dd8d162ecb96fa8cd6faaa6251dc12c051,true,1,1,Shorting / borrow / margin / locates,judgment_risk_augmentation,borrow_cost_vs_trade_edge,true,decision|selected_route|instrument|short_shares|put_contracts|premium_paid|bearish_delta_shares|feasibility|rejected_routes|scenario_pnl.rate_shock|scenario_pnl.vol_spike|scenario_pnl.credit_widening|worst_case_pnl|self_check,decision|selected_route|instrument|short_shares|put_contracts|premium_paid|bearish_delta_shares|feasibility|rejected_routes|scenario_pnl.rate_shock|scenario_pnl.vol_spike|scenario_pnl.credit_widening|worst_case_pnl|self_check,
SB-AGI-066,stockbench-agi-066,AGI,AGI,0,VERIFIED,edcd7837aa59a778e667fef311879e64d00eb6e5b58af335bc885a4c3f04cd02,a1477a5e01bcc2ca1b379957e3d572a78125496c18daa9bb475fedd6d60dc627,9fd3f9f6d7b32f178ea8cc0ff952344d84dc961b4d788de1288dfa063f7e0f69,true,1,1,Listed options strategy / Greeks,execution_action_quality,early_assignment_dividend_risk,false,decision|selected_route|instrument|call_strike|dividend_per_share|call_time_value|early_assignment_risk|feasibility|rejected_routes|scenario_pnl.gap_down|scenario_pnl.melt_up|scenario_pnl.range_chop|scenario_pnl.sector_rotation|worst_case_pnl|self_check,decision|selected_route|instrument|call_strike|dividend_per_share|call_time_value|early_assignment_risk|feasibility|rejected_routes|scenario_pnl.gap_down|scenario_pnl.melt_up|scenario_pnl.range_chop|scenario_pnl.sector_rotation|worst_case_pnl|self_check,
SB-AGI-067,stockbench-agi-067,AGI,AGI,0,VERIFIED,81bfed00f170f6eb108e39df105a44e9e6ecc80583dae083ab0264b521eea178,aa7165a6230c03046448f65ed1fc8858569bc61140ad01f7561991561d41e6c1,fe503d2076f04330e5b922de9b0adb71947b2898a6232792146fbe66e553d8dc,true,1,1,Futures / commodities / spreads / rolls,execution_action_quality,span_margin_calendar_spread,false,decision|selected_route|spread_count|expected_carry_usd|margin_used|feasibility|rejected_routes|scenario_pnl.risk_off|scenario_pnl.squeeze|worst_case_pnl|self_check,decision|selected_route|spread_count|expected_carry_usd|margin_used|feasibility|rejected_routes|scenario_pnl.risk_off|scenario_pnl.squeeze|worst_case_pnl|self_check,
SB-AGI-068,stockbench-agi-068,AGI,AGI,0,VERIFIED,e4cb7e22a0ee40118be063800935bbe8322d7898133dd48acca3d5589b490246,d1f04e7f2bc234b5a9042d1c9e37f67e73b3aecf749a3d46b74828600fc7da53,62a43b387659b67c70c119bf75d96e479f2ed631ebb6a3d22fbc5eee746afb28,true,1,1,Portfolio risk / rebalancing,judgment_risk_augmentation,beta_dollar_rebalance,true,decision|selected_route|es_contracts|beta_reduction_usd|beta_reduction_pct|margin_used|expected_cost|feasibility|rejected_routes|scenario_pnl.rate_shock|scenario_pnl.vol_spike|scenario_pnl.credit_widening|worst_case_pnl|self_check,decision|selected_route|es_contracts|beta_reduction_usd|beta_reduction_pct|margin_used|expected_cost|feasibility|rejected_routes|scenario_pnl.rate_shock|scenario_pnl.vol_spike|scenario_pnl.credit_widening|worst_case_pnl|self_check,
SB-AGI-069,stockbench-agi-069,AGI,AGI,0,VERIFIED,71238a587b1ca3e6d0f3ed8ac93ac775da86fe35e68d64b22b4ed69c073343b3,d6d2c5567c1d1f5c183cf3f6b6f854f436d427cef82a5a80be63dfeb3528ab88,871a0e83d628e0890b68e9ab30d084f677ab3889abb3612d863e0d00e2cc47f2,true,1,1,Shorting / borrow / margin / locates,execution_action_quality,borrow_cost_vs_trade_edge,true,decision|selected_route|instrument|short_shares|put_contracts|premium_paid|bearish_delta_shares|feasibility|rejected_routes|scenario_pnl.gap_down|scenario_pnl.melt_up|scenario_pnl.range_chop|scenario_pnl.sector_rotation|worst_case_pnl|self_check,decision|selected_route|instrument|short_shares|put_contracts|premium_paid|bearish_delta_shares|feasibility|rejected_routes|scenario_pnl.gap_down|scenario_pnl.melt_up|scenario_pnl.range_chop|scenario_pnl.sector_rotation|worst_case_pnl|self_check,
SB-AGI-070,stockbench-agi-070,AGI,AGI,0,VERIFIED,609975c461e9d471ed1a004f16f8a3294751e08cc827459f847bba77d1ee93b9,0ff6e1e59f25f408ab480ff34ab7dab8a9f7f2f081ce63915e6a048d3973470e,10ae1304a8ecd5a391c97fa52c68612563bc8aea82c392bf794f617e687f8d74,true,1,1,Listed options strategy / Greeks,execution_action_quality,early_assignment_dividend_risk,false,decision|selected_route|instrument|call_strike|dividend_per_share|call_time_value|early_assignment_risk|feasibility|rejected_routes|scenario_pnl.risk_off|scenario_pnl.squeeze|worst_case_pnl|self_check,decision|selected_route|instrument|call_strike|dividend_per_share|call_time_value|early_assignment_risk|feasibility|rejected_routes|scenario_pnl.risk_off|scenario_pnl.squeeze|worst_case_pnl|self_check,
SB-AGI-071,stockbench-agi-071,AGI,AGI,0,VERIFIED,9306091c5c4d5c0aec3c0c1a8474783d7e921ee3abb033391e24555fe1237de1,f446aed5ba38dfc1eb1cc131bffc697063355a6e907bb89908a487bbd1af3ec5,2680b76d57d3f41ccd7b699ff7e36a81dc807db69ee3c4dbdbed2bdd970f908a,true,1,1,Futures / commodities / spreads / rolls,judgment_risk_augmentation,span_margin_calendar_spread,false,decision|selected_route|spread_count|expected_carry_usd|margin_used|feasibility|rejected_routes|scenario_pnl.rate_shock|scenario_pnl.vol_spike|scenario_pnl.credit_widening|worst_case_pnl|self_check,decision|selected_route|spread_count|expected_carry_usd|margin_used|feasibility|rejected_routes|scenario_pnl.rate_shock|scenario_pnl.vol_spike|scenario_pnl.credit_widening|worst_case_pnl|self_check,
SB-AGI-072,stockbench-agi-072,AGI,AGI,0,VERIFIED,7aabb1ded0dcf52a3539f141867ceaf603fb867b1ff9b3ea177bccbf2a697f29,64728fbc1b06fce28ccb158116410b00f20d619af1141dffa1ae284656be4eb9,198e7da9a025d1f8f6e3bb4e951bf58eaede471bcb0813d63935120a016f3996,true,1,1,Portfolio risk / rebalancing,execution_action_quality,beta_dollar_rebalance,true,decision|selected_route|es_contracts|beta_reduction_usd|beta_reduction_pct|margin_used|expected_cost|feasibility|rejected_routes|scenario_pnl.gap_down|scenario_pnl.melt_up|scenario_pnl.range_chop|scenario_pnl.sector_rotation|worst_case_pnl|self_check,decision|selected_route|es_contracts|beta_reduction_usd|beta_reduction_pct|margin_used|expected_cost|feasibility|rejected_routes|scenario_pnl.gap_down|scenario_pnl.melt_up|scenario_pnl.range_chop|scenario_pnl.sector_rotation|worst_case_pnl|self_check,
SB-AGI-073,stockbench-agi-073,AGI,AGI,0,VERIFIED,de5a6c2d26c468c76b53aee7edd83cb20377d88ca17b8c47eec98e7227155fad,1873591036f2bcc77ecac8e80a409e79d26190db6ed8a12acf5c5bddaa08c5f9,f683c1e829f0662e12fe0a63bdd2607643f2f2e1b08b5ae41437ef49c3283c02,true,1,1,Shorting / borrow / margin / locates,execution_action_quality,borrow_cost_vs_trade_edge,true,decision|selected_route|instrument|short_shares|put_contracts|premium_paid|bearish_delta_shares|feasibility|rejected_routes|scenario_pnl.risk_off|scenario_pnl.squeeze|worst_case_pnl|self_check,decision|selected_route|instrument|short_shares|put_contracts|premium_paid|bearish_delta_shares|feasibility|rejected_routes|scenario_pnl.risk_off|scenario_pnl.squeeze|worst_case_pnl|self_check,
SB-AGI-074,stockbench-agi-074,AGI,AGI,0,VERIFIED,f7430194b797d07651cffe5888a5c7e80ebe0cb42bff1684fddc29e50600248e,792f188da5ee4aa6793b14f532fc97e9fc2b4e8238fced0076af13e82f2050b7,d5dc85c7ad224bfa65d68013942553abdbf9952d84c8b5994df68fd1cf6645f8,true,1,1,Listed options strategy / Greeks,judgment_risk_augmentation,early_assignment_dividend_risk,false,decision|selected_route|instrument|call_strike|dividend_per_share|call_time_value|early_assignment_risk|feasibility|rejected_routes|scenario_pnl.rate_shock|scenario_pnl.vol_spike|scenario_pnl.credit_widening|worst_case_pnl|self_check,decision|selected_route|instrument|call_strike|dividend_per_share|call_time_value|early_assignment_risk|feasibility|rejected_routes|scenario_pnl.rate_shock|scenario_pnl.vol_spike|scenario_pnl.credit_widening|worst_case_pnl|self_check,
SB-AGI-075,stockbench-agi-075,AGI,AGI,0,VERIFIED,f2777fd8b17cf4ee02875c15a304cb5a744563fb235111234eb2833c18d53237,1bb4eb758327e46dd9f09351be88e4228846ea51c280f289319bdb19ca478db5,e11e813081676f65efda32d439cb5846e716511b94cedeccffedf3aecb3f0e91,true,1,1,Futures / commodities / spreads / rolls,execution_action_quality,span_margin_calendar_spread,false,decision|selected_route|spread_count|expected_carry_usd|margin_used|feasibility|rejected_routes|scenario_pnl.gap_down|scenario_pnl.melt_up|scenario_pnl.range_chop|scenario_pnl.sector_rotation|worst_case_pnl|self_check,decision|selected_route|spread_count|expected_carry_usd|margin_used|feasibility|rejected_routes|scenario_pnl.gap_down|scenario_pnl.melt_up|scenario_pnl.range_chop|scenario_pnl.sector_rotation|worst_case_pnl|self_check,
SB-AGI-076,stockbench-agi-076,AGI,AGI,0,VERIFIED,ac4a442b14e6abbcbe4760c60e69704f184068ad2ee7782e7d4df10bbf9bc68e,9bddcdd35868a9f34499b636813ecae5359e5ab1f875828ce1c00c3dd602dbd5,48034a99b5a47a7741ffa6d75b6fa190bd52744357e22460f63650402b6318b6,true,1,1,Portfolio risk / rebalancing,execution_action_quality,beta_dollar_rebalance,true,decision|selected_route|es_contracts|beta_reduction_usd|beta_reduction_pct|margin_used|expected_cost|feasibility|rejected_routes|scenario_pnl.risk_off|scenario_pnl.squeeze|worst_case_pnl|self_check,decision|selected_route|es_contracts|beta_reduction_usd|beta_reduction_pct|margin_used|expected_cost|feasibility|rejected_routes|scenario_pnl.risk_off|scenario_pnl.squeeze|worst_case_pnl|self_check,
SB-AGI-077,stockbench-agi-077,AGI,AGI,0,VERIFIED,707b174cece9e8de66f849374fb7cd67e10a41d47626b4babc72dab893410576,98fc4d33458cde4edec0a7796ed8cc7c7ba2869a53f08fe0677f4a8c5791f445,ae228064f85544827475dc262d5974d801c02d4ca61597b717b0b794ff1593fe,true,1,1,Shorting / borrow / margin / locates,judgment_risk_augmentation,borrow_cost_vs_trade_edge,true,decision|selected_route|instrument|short_shares|put_contracts|premium_paid|bearish_delta_shares|feasibility|rejected_routes|scenario_pnl.rate_shock|scenario_pnl.vol_spike|scenario_pnl.credit_widening|worst_case_pnl|self_check,decision|selected_route|instrument|short_shares|put_contracts|premium_paid|bearish_delta_shares|feasibility|rejected_routes|scenario_pnl.rate_shock|scenario_pnl.vol_spike|scenario_pnl.credit_widening|worst_case_pnl|self_check,
SB-AGI-078,stockbench-agi-078,AGI,AGI,0,VERIFIED,149cd47c04ee51f271b019be090e08e386811d7a278bb4e4192b2318cca8c380,e5e37d8e6ee1a229d7466e8a26e71a21cc676629e3d597438633b142a87f719d,6a3c8b2d753d7f119ef76b2ebdd93769d0720fefcf07cd6e9166106c44ab2e05,true,1,1,Listed options strategy / Greeks,execution_action_quality,early_assignment_dividend_risk,false,decision|selected_route|instrument|call_strike|dividend_per_share|call_time_value|early_assignment_risk|feasibility|rejected_routes|scenario_pnl.gap_down|scenario_pnl.melt_up|scenario_pnl.range_chop|scenario_pnl.sector_rotation|worst_case_pnl|self_check,decision|selected_route|instrument|call_strike|dividend_per_share|call_time_value|early_assignment_risk|feasibility|rejected_routes|scenario_pnl.gap_down|scenario_pnl.melt_up|scenario_pnl.range_chop|scenario_pnl.sector_rotation|worst_case_pnl|self_check,
SB-AGI-079,stockbench-agi-079,AGI,AGI,0,VERIFIED,41dd6f2c2ad66d094eda8bf30a2c77b40c869902fbd83a1406a250ae3e93e90e,cbb9f8b295f784bfb02896c9631ef72968eee0454e52d813cf4da3bf8ca7be90,ad0ae653582653d1b98d6fae9aaf0479604bbddb842fffe6744cb05460be74b6,true,1,1,Futures / commodities / spreads / rolls,execution_action_quality,span_margin_calendar_spread,false,decision|selected_route|spread_count|expected_carry_usd|margin_used|feasibility|rejected_routes|scenario_pnl.risk_off|scenario_pnl.squeeze|worst_case_pnl|self_check,decision|selected_route|spread_count|expected_carry_usd|margin_used|feasibility|rejected_routes|scenario_pnl.risk_off|scenario_pnl.squeeze|worst_case_pnl|self_check,
SB-AGI-080,stockbench-agi-080,AGI,AGI,0,VERIFIED,aa524bd7b4178b56149366adb489f8fff709dcb4a6000fe95694ed6c47fc0004,372331105e5b2e76e1edaed87fd87ed2662dd2037cca1d82f0780106e6bc60b3,b05cfde572756e40977c193d0331e3fc7d040fcea2e4789e35d768e97fbc5011,true,1,1,Portfolio risk / rebalancing,judgment_risk_augmentation,beta_dollar_rebalance,true,decision|selected_route|es_contracts|beta_reduction_usd|beta_reduction_pct|margin_used|expected_cost|feasibility|rejected_routes|scenario_pnl.rate_shock|scenario_pnl.vol_spike|scenario_pnl.credit_widening|worst_case_pnl|self_check,decision|selected_route|es_contracts|beta_reduction_usd|beta_reduction_pct|margin_used|expected_cost|feasibility|rejected_routes|scenario_pnl.rate_shock|scenario_pnl.vol_spike|scenario_pnl.credit_widening|worst_case_pnl|self_check,
SB-AGI-081,stockbench-agi-081,AGI,AGI,0,VERIFIED,3978606599849ceccc3377e769438bb163f3c7869dc25f7e53673410a7a02897,37d96d60cb52774f25dc4346ff18b5a8e94bf0bf8fe378e6f20aae3925942e96,bae99cb71a94eae1d5701a634b45fddce54210296f20c9251db912aa20f0eda8,true,1,1,Shorting / borrow / margin / locates,execution_action_quality,borrow_cost_vs_trade_edge,true,decision|selected_route|instrument|short_shares|put_contracts|premium_paid|bearish_delta_shares|feasibility|rejected_routes|scenario_pnl.gap_down|scenario_pnl.melt_up|scenario_pnl.range_chop|scenario_pnl.sector_rotation|worst_case_pnl|self_check,decision|selected_route|instrument|short_shares|put_contracts|premium_paid|bearish_delta_shares|feasibility|rejected_routes|scenario_pnl.gap_down|scenario_pnl.melt_up|scenario_pnl.range_chop|scenario_pnl.sector_rotation|worst_case_pnl|self_check,
SB-AGI-082,stockbench-agi-082,AGI,AGI,0,VERIFIED,107c5fc0764d955c65cdfb4c8a1589c30162add73f324653fef09d0132080e1e,94b5c32522277e9b8b12c821a311f96444b511fb511a74be2d033d1a9ddbd957,16a8ab11ad51116e3a78dea2ed20ee679894aa8114e38c1e6297fc1adecab7d0,true,1,1,Listed options strategy / Greeks,execution_action_quality,early_assignment_dividend_risk,false,decision|selected_route|instrument|call_strike|dividend_per_share|call_time_value|early_assignment_risk|feasibility|rejected_routes|scenario_pnl.risk_off|scenario_pnl.squeeze|worst_case_pnl|self_check,decision|selected_route|instrument|call_strike|dividend_per_share|call_time_value|early_assignment_risk|feasibility|rejected_routes|scenario_pnl.risk_off|scenario_pnl.squeeze|worst_case_pnl|self_check,
SB-AGI-083,stockbench-agi-083,AGI,AGI,0,VERIFIED,51cbe6e793e0dbef4e859429d78d6f1eb9d29ae457b95d81197de5099ca06bee,558a7b886f28bcbb611bb40d3c52db5e1898926ef7044dfe689ec0fe47c02837,595053e733564c376a24f86ee8e15dd98cae1907ec47372eba1f4eca6a73fa79,true,1,1,Futures / commodities / spreads / rolls,judgment_risk_augmentation,span_margin_calendar_spread,false,decision|selected_route|spread_count|expected_carry_usd|margin_used|feasibility|rejected_routes|scenario_pnl.rate_shock|scenario_pnl.vol_spike|scenario_pnl.credit_widening|worst_case_pnl|self_check,decision|selected_route|spread_count|expected_carry_usd|margin_used|feasibility|rejected_routes|scenario_pnl.rate_shock|scenario_pnl.vol_spike|scenario_pnl.credit_widening|worst_case_pnl|self_check,
SB-AGI-084,stockbench-agi-084,AGI,AGI,0,VERIFIED,9ce20a96184cf9a712b8bef6cdd745b121b883dfb5bc648e0eab0bb1f2c19a65,ef8d04643df333325fa9b4d6e116af4fd81cb6f2095315aeff7c6df68f13a373,a134847a7acd7a3a77701b3c7fe274b956c035fa36f85614b267c7482faec3cf,true,1,1,Portfolio risk / rebalancing,execution_action_quality,beta_dollar_rebalance,true,decision|selected_route|es_contracts|beta_reduction_usd|beta_reduction_pct|margin_used|expected_cost|feasibility|rejected_routes|scenario_pnl.gap_down|scenario_pnl.melt_up|scenario_pnl.range_chop|scenario_pnl.sector_rotation|worst_case_pnl|self_check,decision|selected_route|es_contracts|beta_reduction_usd|beta_reduction_pct|margin_used|expected_cost|feasibility|rejected_routes|scenario_pnl.gap_down|scenario_pnl.melt_up|scenario_pnl.range_chop|scenario_pnl.sector_rotation|worst_case_pnl|self_check,
SB-AGI-085,stockbench-agi-085,AGI,AGI,0,VERIFIED,2a0d33505bc65ea70b6a5d94350fdf095f44c40f1c2a217073e7aac6d1f19465,4160945f4aa32e56a570842cc5b9d2fb41ef587b1299b07485d797780efe9314,29182fd680fcaff928ccb9ec78f17c2a8a35d93ff663c81196e98b4f3d9b3d91,true,1,1,Shorting / borrow / margin / locates,execution_action_quality,borrow_cost_vs_trade_edge,true,decision|selected_route|instrument|short_shares|put_contracts|premium_paid|bearish_delta_shares|feasibility|rejected_routes|scenario_pnl.risk_off|scenario_pnl.squeeze|worst_case_pnl|self_check,decision|selected_route|instrument|short_shares|put_contracts|premium_paid|bearish_delta_shares|feasibility|rejected_routes|scenario_pnl.risk_off|scenario_pnl.squeeze|worst_case_pnl|self_check,
SB-AGI-086,stockbench-agi-086,AGI,AGI,0,VERIFIED,dcf5d740315e7736ef35416698b91d6d812c77577f3350a6763c61e6da71b716,db3b3e7f988c13f411239462b24b37e879882a0b0288382a9cd6d667de15b79c,6239d8c3317be5fbb2d0b3742dfb3bf6222be379b3ffa0144be9beef6c2307c9,true,1,1,Listed options strategy / Greeks,judgment_risk_augmentation,early_assignment_dividend_risk,false,decision|selected_route|instrument|call_strike|dividend_per_share|call_time_value|early_assignment_risk|feasibility|rejected_routes|scenario_pnl.rate_shock|scenario_pnl.vol_spike|scenario_pnl.credit_widening|worst_case_pnl|self_check,decision|selected_route|instrument|call_strike|dividend_per_share|call_time_value|early_assignment_risk|feasibility|rejected_routes|scenario_pnl.rate_shock|scenario_pnl.vol_spike|scenario_pnl.credit_widening|worst_case_pnl|self_check,
SB-AGI-087,stockbench-agi-087,AGI,AGI,0,VERIFIED,0b86bbd77f33e9b1bafad303c8425c8db308b462599f8c34784ad12c1d2f6afc,21221eee4d77def6136dcbc3e68eedaa9be04f10255723accf8e09b034baf622,51a52a6d28603c5c1e0655a1a99e2ab8caea09e3a706213feabddf5636b138c6,true,1,1,Futures / commodities / spreads / rolls,execution_action_quality,span_margin_calendar_spread,false,decision|selected_route|spread_count|expected_carry_usd|margin_used|feasibility|rejected_routes|scenario_pnl.gap_down|scenario_pnl.melt_up|scenario_pnl.range_chop|scenario_pnl.sector_rotation|worst_case_pnl|self_check,decision|selected_route|spread_count|expected_carry_usd|margin_used|feasibility|rejected_routes|scenario_pnl.gap_down|scenario_pnl.melt_up|scenario_pnl.range_chop|scenario_pnl.sector_rotation|worst_case_pnl|self_check,
SB-AGI-088,stockbench-agi-088,AGI,AGI,0,VERIFIED,8406ccfea4eba879cfecdf01683779e9c536f16ea73e94363179c0f61da6ec3e,dfe61a8caa3ff20d2a40d1518265e0434b54f1af272d6a62a639449c5db7f69f,a404d61a6f2cbf26424ecfee51ca66cf4c1c8b7c85e17e2902f60a1bea608dd1,true,1,1,Portfolio risk / rebalancing,execution_action_quality,beta_dollar_rebalance,true,decision|selected_route|es_contracts|beta_reduction_usd|beta_reduction_pct|margin_used|expected_cost|feasibility|rejected_routes|scenario_pnl.risk_off|scenario_pnl.squeeze|worst_case_pnl|self_check,decision|selected_route|es_contracts|beta_reduction_usd|beta_reduction_pct|margin_used|expected_cost|feasibility|rejected_routes|scenario_pnl.risk_off|scenario_pnl.squeeze|worst_case_pnl|self_check,
SB-AGI-089,stockbench-agi-089,AGI,AGI,0,VERIFIED,1d76c84c78453da9240483c9f87a490cca9330d83f5f7be48e74834f26f9b653,3b4a9bec006781989b0088251f620d4e9af11536a9e9f2f9c5d38dd836b35db9,8de84e52ead0f9704c4140227916335d36780b1a8fe8870b9f3ff89554769e82,true,1,1,Shorting / borrow / margin / locates,judgment_risk_augmentation,borrow_cost_vs_trade_edge,true,decision|selected_route|instrument|short_shares|put_contracts|premium_paid|bearish_delta_shares|feasibility|rejected_routes|scenario_pnl.rate_shock|scenario_pnl.vol_spike|scenario_pnl.credit_widening|worst_case_pnl|self_check,decision|selected_route|instrument|short_shares|put_contracts|premium_paid|bearish_delta_shares|feasibility|rejected_routes|scenario_pnl.rate_shock|scenario_pnl.vol_spike|scenario_pnl.credit_widening|worst_case_pnl|self_check,
SB-AGI-090,stockbench-agi-090,AGI,AGI,0,VERIFIED,9cd55b9afeebfd14a92f0392b748f9a0a5d3054537583e29fe650477a59bd2f4,ffd7c3dcee54c37619ab48156ab6d9fcd7daa8de304cb0556986f596bbb79ade,7ba0808abafb2f4dad766059b4fff49dfeed6b160a20ba5c2f7333eb2b19fa20,true,1,1,Listed options strategy / Greeks,execution_action_quality,early_assignment_dividend_risk,false,decision|selected_route|instrument|call_strike|dividend_per_share|call_time_value|early_assignment_risk|feasibility|rejected_routes|scenario_pnl.gap_down|scenario_pnl.melt_up|scenario_pnl.range_chop|scenario_pnl.sector_rotation|worst_case_pnl|self_check,decision|selected_route|instrument|call_strike|dividend_per_share|call_time_value|early_assignment_risk|feasibility|rejected_routes|scenario_pnl.gap_down|scenario_pnl.melt_up|scenario_pnl.range_chop|scenario_pnl.sector_rotation|worst_case_pnl|self_check,
SB-AGI-091,stockbench-agi-091,AGI,AGI,0,VERIFIED,992fba76d0f4cf3606a1cdafdbde9c2103751e79a09cabfca99e182ca081802f,eab19e9a3c869f3482589010893ac4fe6187e2df7eddfe12e6576d914f31deed,f83c6d390de9d97639567f17237a4ae4a652f146eb84ff2cb65bd544bbb36ab3,true,1,1,Futures / commodities / spreads / rolls,execution_action_quality,span_margin_calendar_spread,false,decision|selected_route|spread_count|expected_carry_usd|margin_used|feasibility|rejected_routes|scenario_pnl.risk_off|scenario_pnl.squeeze|worst_case_pnl|self_check,decision|selected_route|spread_count|expected_carry_usd|margin_used|feasibility|rejected_routes|scenario_pnl.risk_off|scenario_pnl.squeeze|worst_case_pnl|self_check,
SB-AGI-092,stockbench-agi-092,AGI,AGI,0,VERIFIED,66bdcf07c6ad269d56a03d38f785803166a789ff8e38b968408948852e992a22,83ce6ec3cc2af8fc47fe9d94cf56f7278f433346ae553404b12a833dc938386c,8682272e4e119d2e5ec064163bb7aba42cb24ada0b9f1bd40b429b4af657b87a,true,1,1,Portfolio risk / rebalancing,judgment_risk_augmentation,beta_dollar_rebalance,true,decision|selected_route|es_contracts|beta_reduction_usd|beta_reduction_pct|margin_used|expected_cost|feasibility|rejected_routes|scenario_pnl.rate_shock|scenario_pnl.vol_spike|scenario_pnl.credit_widening|worst_case_pnl|self_check,decision|selected_route|es_contracts|beta_reduction_usd|beta_reduction_pct|margin_used|expected_cost|feasibility|rejected_routes|scenario_pnl.rate_shock|scenario_pnl.vol_spike|scenario_pnl.credit_widening|worst_case_pnl|self_check,
SB-AGI-093,stockbench-agi-093,AGI,AGI,0,VERIFIED,a5bfff6539237204a09d216f738a84e1e6c6e5d8da4d16ff961891000b5f4134,7c1428e101ef3a7ea93a14ac40d8793ee726d021d06a3b8835ebe005b9084842,52f4e5f52df457e74a9d54860e312a46d4e6c9ff01c1ed39e6e11a1d87a55c3d,true,1,1,Execution / liquidity / microstructure,execution_action_quality,invalid_route_session_trap,true,decision|selected_route|instrument|order_shares|limit_price|venue|feasibility|rejected_routes|scenario_pnl.gap_down|scenario_pnl.melt_up|scenario_pnl.range_chop|scenario_pnl.sector_rotation|worst_case_pnl|self_check,decision|selected_route|instrument|order_shares|limit_price|venue|feasibility|rejected_routes|scenario_pnl.gap_down|scenario_pnl.melt_up|scenario_pnl.range_chop|scenario_pnl.sector_rotation|worst_case_pnl|self_check,
SB-AGI-094,stockbench-agi-094,AGI,AGI,0,VERIFIED,f8a9af8913e593af1c58be033c985942823ed06d4cd1bb213aa80b220839d2d8,dd4ab10581fc37879607cb8786e2808ee0a1d5b17a3d87d63835bc1cebe466ce,bb5063a3fb3ee930b501ee83dd5bbf47041a08c75461ae9a6606f8729e99b24e,true,1,1,Feasibility / rejection / no-trade traps,execution_action_quality,unsupported_product_permission,true,decision|selected_route|instrument|requested_shares|feasibility|rejected_routes|scenario_pnl.risk_off|scenario_pnl.squeeze|worst_case_pnl|self_check,decision|selected_route|instrument|requested_shares|feasibility|rejected_routes|scenario_pnl.risk_off|scenario_pnl.squeeze|worst_case_pnl|self_check,
SB-AGI-095,stockbench-agi-095,AGI,AGI,0,VERIFIED,6e4e4307a78c8a9fb3f36019584825b8230c983091b854553024e56e148e752e,be25269a527c5f91fbc80c1986b52c5a369c86bf2122594158a3e2c809e7fc8f,86f11d30a4f91e0472f51d0b4b1f3d592fdba5be95ddd14a3719465a12431a02,true,1,1,Shorting / borrow / margin / locates,judgment_risk_augmentation,locate_recall_options_substitution,true,decision|selected_route|instrument|short_shares|put_contracts|premium_paid|bearish_delta_shares|feasibility|rejected_routes|scenario_pnl.rate_shock|scenario_pnl.vol_spike|scenario_pnl.credit_widening|worst_case_pnl|self_check,decision|selected_route|instrument|short_shares|put_contracts|premium_paid|bearish_delta_shares|feasibility|rejected_routes|scenario_pnl.rate_shock|scenario_pnl.vol_spike|scenario_pnl.credit_widening|worst_case_pnl|self_check,
SB-AGI-096,stockbench-agi-096,AGI,AGI,0,VERIFIED,13a5b58040e6f2c548a4c9b018f619aca2809d06ad4774b9fa68370e55306c96,e9b55b241dfc9d9cd66941efce7d03fc587cf59c1ea501d824c951256d828a36,2bb4596512d5df1a893554c4abef008ce66f962d48dfc13e2593a3857924b939,true,1,1,Listed options strategy / Greeks,execution_action_quality,covered_call_assignment,true,decision|selected_route|instrument|call_strike|dividend_per_share|call_time_value|early_assignment_risk|feasibility|rejected_routes|scenario_pnl.gap_down|scenario_pnl.melt_up|scenario_pnl.range_chop|scenario_pnl.sector_rotation|worst_case_pnl|self_check,decision|selected_route|instrument|call_strike|dividend_per_share|call_time_value|early_assignment_risk|feasibility|rejected_routes|scenario_pnl.gap_down|scenario_pnl.melt_up|scenario_pnl.range_chop|scenario_pnl.sector_rotation|worst_case_pnl|self_check,
SB-AGI-097,stockbench-agi-097,AGI,AGI,0,VERIFIED,76f5f52b1e757d3a5867a77bab9f9d95d53f250aed483db600cd0cdfbf71d25b,605f500404656bdd8dd065695a66aa7cb21102b7bb6df47fa89d66d83c77ccf1,8ccb6856183c40e6cdb196c22895a48429919fc4630fea69cc25c71cf957d02f,true,1,1,Futures / commodities / spreads / rolls,execution_action_quality,futures_roll_calendar,false,decision|selected_route|contracts|roll_cost_usd|fees_usd|total_cost_usd|feasibility|rejected_routes|scenario_pnl.risk_off|scenario_pnl.squeeze|worst_case_pnl|self_check,decision|selected_route|contracts|roll_cost_usd|fees_usd|total_cost_usd|feasibility|rejected_routes|scenario_pnl.risk_off|scenario_pnl.squeeze|worst_case_pnl|self_check,
SB-AGI-098,stockbench-agi-098,AGI,AGI,0,VERIFIED,9d36977fa0646dafd639fe0317bade87fd84b36bd13b763c6e24afd4b76dc5d2,6d76e14522eb34ddca6f276e8b3782761508020457bd01a9ccb41dc781c5443c,c037b7e5569a5b04312c610eea742a865d1e4af36e79d061e76051e51eafd9ee,true,1,1,Spot FX / CFDs / multi-currency,judgment_risk_augmentation,multi_currency_cash_buffer,true,decision|selected_route|eur_amount|usd_cost|settlement_date_rule|feasibility|rejected_routes|scenario_pnl.rate_shock|scenario_pnl.vol_spike|scenario_pnl.credit_widening|worst_case_pnl|self_check,decision|selected_route|eur_amount|usd_cost|settlement_date_rule|feasibility|rejected_routes|scenario_pnl.rate_shock|scenario_pnl.vol_spike|scenario_pnl.credit_widening|worst_case_pnl|self_check,
SB-AGI-099,stockbench-agi-099,AGI,AGI,0,VERIFIED,61304f0440de4d7a9da1372d09e1c56100176d55a4e9e7267e73143d443b4f59,b937b1160ae8bbb90ceef7cce9e5d90b0d06fd3ef562eb037d8786934427d90a,6226fdfc70ce47b19b12ff15cd97e6be0649dc4ae572199d911e0d9cd5cbf9a4,true,1,1,Portfolio risk / rebalancing,execution_action_quality,risk_budget_rebalance,false,decision|selected_route|es_contracts|beta_reduction_usd|beta_reduction_pct|margin_used|expected_cost|feasibility|rejected_routes|scenario_pnl.gap_down|scenario_pnl.melt_up|scenario_pnl.range_chop|scenario_pnl.sector_rotation|worst_case_pnl|self_check,decision|selected_route|es_contracts|beta_reduction_usd|beta_reduction_pct|margin_used|expected_cost|feasibility|rejected_routes|scenario_pnl.gap_down|scenario_pnl.melt_up|scenario_pnl.range_chop|scenario_pnl.sector_rotation|worst_case_pnl|self_check,
SB-AGI-100,stockbench-agi-100,AGI,AGI,0,VERIFIED,93f38aa75ef85b8f5731502b2f4dc479718e9993a9f397e41b4b428e4b114fd6,e2d955da4ae1baea342c7b5bc7458e3b55cd59aeabd35543840f6df0d23175b2,357832aebd9eb6cbab134fd5c131a049399226f377e206d7a18b142a35d3ad13,true,1,1,Execution / liquidity / microstructure,execution_action_quality,order_book_liquidity_limit,true,decision|instrument|side|clip_size_shares|filled_shares|average_price|limit_price|feasibility|rejected_routes|scenario_pnl.risk_off|scenario_pnl.squeeze|worst_case_pnl|self_check,decision|instrument|side|clip_size_shares|filled_shares|average_price|limit_price|feasibility|rejected_routes|scenario_pnl.risk_off|scenario_pnl.squeeze|worst_case_pnl|self_check,
SB-AGI-101,stockbench-agi-101,AGI,AGI,0,VERIFIED,569049960f03c58733a3d8ee8b3b4e11354eb67f183f1c1b1405e33723f7ce5d,4f21a605ac701e27e58dc88234197b3ffb4dcef787cbe901dc780aa86e0341f5,53abf3b391975bad11675178aa79cc9f378b3f96b5af26a000409f1427a542c8,true,1,1,Corporate actions / settlement / calendar / jurisdiction,judgment_risk_augmentation,t_plus_one_settlement_sequence,true,decision|selected_route|trade_value_usd|settlement_rule|settlement_cash_date|feasibility|rejected_routes|scenario_pnl.rate_shock|scenario_pnl.vol_spike|scenario_pnl.credit_widening|worst_case_pnl|self_check,decision|selected_route|trade_value_usd|settlement_rule|settlement_cash_date|feasibility|rejected_routes|scenario_pnl.rate_shock|scenario_pnl.vol_spike|scenario_pnl.credit_widening|worst_case_pnl|self_check,
SB-AGI-102,stockbench-agi-102,AGI,AGI,0,VERIFIED,e3126db8d1d1d4b5f7edbe7263fbf22b69be29e3d6ba40aad6f7907f4b86fd0b,5084222486c9d44ce71bf3d830e6765b4de904933f8f224132b1c06b0492156b,45402ee769f4c81dbc9faf536e21f6c169660021130e8e3cb64ae6d4b51de4c9,true,1,1,Feasibility / rejection / no-trade traps,execution_action_quality,unsupported_product_permission,true,decision|selected_route|instrument|requested_shares|feasibility|rejected_routes|scenario_pnl.gap_down|scenario_pnl.melt_up|scenario_pnl.range_chop|scenario_pnl.sector_rotation|worst_case_pnl|self_check,decision|selected_route|instrument|requested_shares|feasibility|rejected_routes|scenario_pnl.gap_down|scenario_pnl.melt_up|scenario_pnl.range_chop|scenario_pnl.sector_rotation|worst_case_pnl|self_check,
SB-AGI-103,stockbench-agi-103,AGI,AGI,0,VERIFIED,7c1a1428ce5f580209b1497985276c73f499d314c037f8886a2f8f3ac5ad0f8d,6935aee6f898dbf12576970ed54374750d24e3b974ca96cb4c8a8dd7641ff847,712584efa3740abbbee426eab5a6db0b34f1ef497085f3fce90bacb2b4361148,true,1,1,Shorting / borrow / margin / locates,execution_action_quality,locate_recall_options_substitution,true,decision|selected_route|instrument|short_shares|put_contracts|premium_paid|bearish_delta_shares|feasibility|rejected_routes|scenario_pnl.risk_off|scenario_pnl.squeeze|worst_case_pnl|self_check,decision|selected_route|instrument|short_shares|put_contracts|premium_paid|bearish_delta_shares|feasibility|rejected_routes|scenario_pnl.risk_off|scenario_pnl.squeeze|worst_case_pnl|self_check,
SB-AGI-104,stockbench-agi-104,AGI,AGI,0,VERIFIED,4f34a2ad8d1004dcd5a5d3931eab0ef0583962510ff18e269a88a5e40648defb,eb09b756c47de8ac0e5220044d9cff1b89de743708d7c4b6d812b0311f303216,e346465f85574d081a5ed6b73a033db703ae03a33351836425b152fc3c9e7d9f,true,1,1,Listed options strategy / Greeks,judgment_risk_augmentation,covered_call_assignment,true,decision|selected_route|instrument|call_strike|dividend_per_share|call_time_value|early_assignment_risk|feasibility|rejected_routes|scenario_pnl.rate_shock|scenario_pnl.vol_spike|scenario_pnl.credit_widening|worst_case_pnl|self_check,decision|selected_route|instrument|call_strike|dividend_per_share|call_time_value|early_assignment_risk|feasibility|rejected_routes|scenario_pnl.rate_shock|scenario_pnl.vol_spike|scenario_pnl.credit_widening|worst_case_pnl|self_check,
SB-AGI-105,stockbench-agi-105,AGI,AGI,0,VERIFIED,c882711dbec8e103283f719dd1208db99e29d3300ddefc5a290bb94cc53f37e5,3a7b77d360f7b0295dc9d12b078fad71cd612be5de2b21b29868bf28ffdcfe98,43a7f74f9af74aacc28db07cd2c96ca0473fbee1e90b1312116681e947835287,true,1,1,Futures / commodities / spreads / rolls,execution_action_quality,futures_roll_calendar,false,decision|selected_route|contracts|roll_cost_usd|fees_usd|total_cost_usd|feasibility|rejected_routes|scenario_pnl.gap_down|scenario_pnl.melt_up|scenario_pnl.range_chop|scenario_pnl.sector_rotation|worst_case_pnl|self_check,decision|selected_route|contracts|roll_cost_usd|fees_usd|total_cost_usd|feasibility|rejected_routes|scenario_pnl.gap_down|scenario_pnl.melt_up|scenario_pnl.range_chop|scenario_pnl.sector_rotation|worst_case_pnl|self_check,
SB-AGI-106,stockbench-agi-106,AGI,AGI,0,VERIFIED,4ff69cae0fc06c004ba27a2d45df44bfa5e7e4bcb617d9d210e7878c97297eb9,0310bf7033701bd0aca84741f220d873c3f3131148ee1e0f8d713440411358ea,18adb71207f61d4c8b346b74ddf0d1dd40b5adfd172fcf9ab53a56263bf1ed8d,true,1,1,Spot FX / CFDs / multi-currency,execution_action_quality,multi_currency_cash_buffer,true,decision|selected_route|eur_amount|usd_cost|settlement_date_rule|feasibility|rejected_routes|scenario_pnl.risk_off|scenario_pnl.squeeze|worst_case_pnl|self_check,decision|selected_route|eur_amount|usd_cost|settlement_date_rule|feasibility|rejected_routes|scenario_pnl.risk_off|scenario_pnl.squeeze|worst_case_pnl|self_check,
SB-AGI-107,stockbench-agi-107,AGI,AGI,0,VERIFIED,b8a0d1a5d42379f8f1fd499b599e9dbb40e11ef1051cc6d0f925965b066e4500,12121b3efb040f4e10f4f9ccbc3b39eb9bf3e837defa0e57e336a62836d4e068,e071d5b3bf0eb87acb4350d9595b7073b06ce74f8fa92d7bb2254c0a68120ede,true,1,1,Portfolio risk / rebalancing,judgment_risk_augmentation,risk_budget_rebalance,false,decision|selected_route|es_contracts|beta_reduction_usd|beta_reduction_pct|margin_used|expected_cost|feasibility|rejected_routes|scenario_pnl.rate_shock|scenario_pnl.vol_spike|scenario_pnl.credit_widening|worst_case_pnl|self_check,decision|selected_route|es_contracts|beta_reduction_usd|beta_reduction_pct|margin_used|expected_cost|feasibility|rejected_routes|scenario_pnl.rate_shock|scenario_pnl.vol_spike|scenario_pnl.credit_widening|worst_case_pnl|self_check,
SB-AGI-108,stockbench-agi-108,AGI,AGI,0,VERIFIED,f93121ff0697131cbe034a81fe2fa6eb431926db9603ff7dc612225a7ee9802d,e94104490b25acce37eb6ad0d622c2845c86d47e2fc0a41724c4716c007cc1e0,923987ef8aa3a6c2087909b2ef2be297a2eae665dc49fd5d5328b1a3758ffa46,true,1,1,Execution / liquidity / microstructure,execution_action_quality,order_book_liquidity_limit,true,decision|instrument|side|clip_size_shares|filled_shares|average_price|limit_price|feasibility|rejected_routes|scenario_pnl.gap_down|scenario_pnl.melt_up|scenario_pnl.range_chop|scenario_pnl.sector_rotation|worst_case_pnl|self_check,decision|instrument|side|clip_size_shares|filled_shares|average_price|limit_price|feasibility|rejected_routes|scenario_pnl.gap_down|scenario_pnl.melt_up|scenario_pnl.range_chop|scenario_pnl.sector_rotation|worst_case_pnl|self_check,
SB-AGI-109,stockbench-agi-109,AGI,AGI,0,VERIFIED,fb7cd10d051aa21233b713c11f0ea0ed21fdc1d1ad8e014e11a05330bcc82ffc,0b1661ff5a3e9fed6bfeaeb4571e663a42f269550b068a00df3d5e05c0c3e2d5,bbcd9377dd38a64701eb4011a51ac977b718c258b257eb02948c9d0d87a51e5d,true,1,1,Corporate actions / settlement / calendar / jurisdiction,execution_action_quality,t_plus_one_settlement_sequence,true,decision|selected_route|trade_value_usd|settlement_rule|settlement_cash_date|feasibility|rejected_routes|scenario_pnl.risk_off|scenario_pnl.squeeze|worst_case_pnl|self_check,decision|selected_route|trade_value_usd|settlement_rule|settlement_cash_date|feasibility|rejected_routes|scenario_pnl.risk_off|scenario_pnl.squeeze|worst_case_pnl|self_check,
SB-AGI-110,stockbench-agi-110,AGI,AGI,0,VERIFIED,3fb70c2df2d4312a95f935936f076a3275967e3ca33f72181f57c5abed97bc26,9e80d3aed3403a2dc55ee609a2e96097444c1639d47d4b5674dd268e8d72e886,af886654bd73b1331ca49a5400b58b00074b159cdd8334c994cf035f1882a5b3,true,1,1,Feasibility / rejection / no-trade traps,judgment_risk_augmentation,unsupported_product_permission,true,decision|selected_route|instrument|requested_shares|feasibility|rejected_routes|scenario_pnl.rate_shock|scenario_pnl.vol_spike|scenario_pnl.credit_widening|worst_case_pnl|self_check,decision|selected_route|instrument|requested_shares|feasibility|rejected_routes|scenario_pnl.rate_shock|scenario_pnl.vol_spike|scenario_pnl.credit_widening|worst_case_pnl|self_check,
