question_id,level,rubric_id,prompt,model,pass_count_3,majority_pass,pass_bits_n1_n2_n3,scores_n1_n2_n3,avg_score,median_score,avg_duration_ms
L1-001,L1,market_buy,Buy 0.5 BTC at market price,mistralai/mistral-medium-3-5,3,1,1|1|1,0.869|0.869|0.869,0.869,0.869,1653
L1-001,L1,market_buy,Buy 0.5 BTC at market price,mistralai/mistral-small-2603,3,1,1|1|1,0.869|0.869|0.869,0.869,0.869,1037
L1-002,L1,limit_buy,Buy 10 SOL using a limit order at $95,mistralai/mistral-medium-3-5,3,1,1|1|1,0.895|0.902|0.895,0.897,0.895,1289
L1-002,L1,limit_buy,Buy 10 SOL using a limit order at $95,mistralai/mistral-small-2603,3,1,1|1|1,0.96|0.96|0.96,0.960,0.960,1639
L1-003,L1,stop_loss,"Set stop loss on my 2 ETH at $2,800",mistralai/mistral-medium-3-5,3,1,1|1|1,0.837|0.837|0.855,0.843,0.837,2189
L1-003,L1,stop_loss,"Set stop loss on my 2 ETH at $2,800",mistralai/mistral-small-2603,2,1,0|1|1,0.592|0.77|0.803,0.722,0.770,1231
L2-001,L2,dex_swap,Swap 5000 USDC for DAI on Ethereum,mistralai/mistral-medium-3-5,3,1,1|1|1,0.85|0.85|0.85,0.850,0.850,2111
L2-001,L2,dex_swap,Swap 5000 USDC for DAI on Ethereum,mistralai/mistral-small-2603,1,0,0|0|1,0.69|0.69|0.85,0.743,0.690,1878
L2-002,L2,dex_swap,"Buy 100,000 PEPE with 15% slippage tolerance",mistralai/mistral-medium-3-5,3,1,1|1|1,0.926|0.926|0.926,0.926,0.926,1361
L2-002,L2,dex_swap,"Buy 100,000 PEPE with 15% slippage tolerance",mistralai/mistral-small-2603,3,1,1|1|1,0.926|0.926|0.926,0.926,0.926,1061
L2-003,L2,dex_swap,Buy 1000 MATIC with minimal gas fees,mistralai/mistral-medium-3-5,3,1,1|1|1,0.77|0.77|0.77,0.770,0.770,2533
L2-003,L2,dex_swap,Buy 1000 MATIC with minimal gas fees,mistralai/mistral-small-2603,3,1,1|1|1,0.92|0.92|0.77,0.870,0.920,1281
L2-004,L2,arbitrage,"Analyze liquidity before swapping 50,000 USDC for WETH",mistralai/mistral-medium-3-5,0,0,0|0|0,0.582|0.582|0.582,0.582,0.582,2109
L2-004,L2,arbitrage,"Analyze liquidity before swapping 50,000 USDC for WETH",mistralai/mistral-small-2603,0,0,0|0|0,0.582|0.582|0.582,0.582,0.582,2071
L3-001,L3,cross_chain_bridge,Bridge 1000 USDC to Arbitrum and buy ARB,mistralai/mistral-medium-3-5,1,0,1|0|0,0.939|0.583|0.583,0.702,0.583,2197
L3-001,L3,cross_chain_bridge,Bridge 1000 USDC to Arbitrum and buy ARB,mistralai/mistral-small-2603,0,0,0|0|0,0.422|0.448|0.448,0.439,0.448,1325
L3-002,L3,cross_chain_bridge,"Split 10,000 USDC equally across Ethereum, Arbitrum, and Optimism",mistralai/mistral-medium-3-5,0,0,0|0|0,0.627|0|0,0.209,0.000,2026
L3-002,L3,cross_chain_bridge,"Split 10,000 USDC equally across Ethereum, Arbitrum, and Optimism",mistralai/mistral-small-2603,0,0,0|0|0,0.333|0.39|0,0.241,0.333,1257
L3-003,L3,cross_chain_bridge,Bridge 2 ETH from Ethereum to Polygon and swap for MATIC,mistralai/mistral-medium-3-5,3,1,1|1|1,0.904|0.904|0.985,0.931,0.904,2350
L3-003,L3,cross_chain_bridge,Bridge 2 ETH from Ethereum to Polygon and swap for MATIC,mistralai/mistral-small-2603,0,0,0|0|0,0.668|0.668|0.668,0.668,0.668,1173
L4-001,L4,arbitrage,"Rebalance my portfolio to 60% BTC, 30% ETH, 10% USDC. Optimize for matching the 60/30/10 target weights exactly; if current holdings are missing, require follow-up before execution.",mistralai/mistral-medium-3-5,3,1,1|1|1,0.895|0.895|0.892,0.894,0.895,1727
L4-001,L4,arbitrage,"Rebalance my portfolio to 60% BTC, 30% ETH, 10% USDC. Optimize for matching the 60/30/10 target weights exactly; if current holdings are missing, require follow-up before execution.",mistralai/mistral-small-2603,1,0,0|0|1,0|0.497|1,0.499,0.497,1235
L4-002,L4,arbitrage,"Assess correlation risk across BTC, ETH, SOL, MATIC, LINK. Optimize for identifying portfolio-wide correlation risk across all five listed assets and actionable diversification implications.",mistralai/mistral-medium-3-5,0,0,0|0|0,0|0|0,0.000,0.000,2929
L4-002,L4,arbitrage,"Assess correlation risk across BTC, ETH, SOL, MATIC, LINK. Optimize for identifying portfolio-wide correlation risk across all five listed assets and actionable diversification implications.",mistralai/mistral-small-2603,0,0,0|0|0,0|0|0,0.000,0.000,1696
L4-003,L4,arbitrage,Identify tax loss harvesting opportunities in my portfolio,mistralai/mistral-medium-3-5,0,0,0|0|0,0.399|0.399|0.399,0.399,0.399,2601
L4-003,L4,arbitrage,Identify tax loss harvesting opportunities in my portfolio,mistralai/mistral-small-2603,0,0,0|0|0,0.379|0.379|0.379,0.379,0.379,1485
L4-004,L4,arbitrage_stress_test,Stress test my portfolio for a -50% crypto crash,mistralai/mistral-medium-3-5,0,0,0|0|0,0|0|0,0.000,0.000,1850
L4-004,L4,arbitrage_stress_test,Stress test my portfolio for a -50% crypto crash,mistralai/mistral-small-2603,0,0,0|0|0,0|0|0,0.000,0.000,1063
L4-005,L4,arbitrage,Calculate my Sharpe ratio given the context data,mistralai/mistral-medium-3-5,0,0,0|0|0,0.383|0.383|0.523,0.430,0.383,2275
L4-005,L4,arbitrage,Calculate my Sharpe ratio given the context data,mistralai/mistral-small-2603,0,0,0|0|0,0.243|0.48|0.503,0.409,0.480,2335
L5-001,L5,liquidity_provision,"Add liquidity to ETH/USDC pool between $2,700–$2,900. Optimize for a Uniswap V3 concentrated-liquidity position, not a market or limit order, while keeping stress impermanent loss at or below 8%.",mistralai/mistral-medium-3-5,0,0,0|0|0,0.678|0.678|0.678,0.678,0.678,5160
L5-001,L5,liquidity_provision,"Add liquidity to ETH/USDC pool between $2,700–$2,900. Optimize for a Uniswap V3 concentrated-liquidity position, not a market or limit order, while keeping stress impermanent loss at or below 8%.",mistralai/mistral-small-2603,0,0,0|0|0,0.691|0.678|0.678,0.682,0.678,1668
L5-002,L5,lending_borrow,Create 3x leveraged long ETH position using 1 ETH on Aave,mistralai/mistral-medium-3-5,0,0,0|0|0,0|0|0,0.000,0.000,2452
L5-002,L5,lending_borrow,Create 3x leveraged long ETH position using 1 ETH on Aave,mistralai/mistral-small-2603,0,0,0|0|0,0|0|0,0.000,0.000,1464
L5-003,L5,arbitrage,Enter delta-neutral yield farming with 5 ETH,mistralai/mistral-medium-3-5,0,0,0|0|0,0.602|0.588|0.602,0.597,0.602,1997
L5-003,L5,arbitrage,Enter delta-neutral yield farming with 5 ETH,mistralai/mistral-small-2603,0,0,0|0|0,0.631|0.631|0.631,0.631,0.631,1620
L5-004,L5,lending_borrow,Borrow 5000 USDC against my 2 ETH collateral,mistralai/mistral-medium-3-5,3,1,1|1|1,1|1|1,1.000,1.000,1539
L5-004,L5,lending_borrow,Borrow 5000 USDC against my 2 ETH collateral,mistralai/mistral-small-2603,3,1,1|1|1,0.754|0.754|0.85,0.786,0.754,1389
L5-005,L5,liquidity_provision,Stake 10 ETH for liquid staking tokens,mistralai/mistral-medium-3-5,3,1,1|1|1,1|1|1,1.000,1.000,1870
L5-005,L5,liquidity_provision,Stake 10 ETH for liquid staking tokens,mistralai/mistral-small-2603,3,1,1|1|1,0.822|0.96|0.96,0.914,0.960,2292
L6-001,L6,options_hedge,"Buy 2 ETH $3,500 calls expiring in 30 days",mistralai/mistral-medium-3-5,0,0,0|0|0,0|0|0,0.000,0.000,2952
L6-001,L6,options_hedge,"Buy 2 ETH $3,500 calls expiring in 30 days",mistralai/mistral-small-2603,0,0,0|0|0,0|0|0,0.000,0.000,1367
L6-002,L6,futures_trade,Set up DCA — buy $500 of BTC weekly for 3 months,mistralai/mistral-medium-3-5,3,1,1|1|1,0.805|0.895|0.895,0.865,0.895,1970
L6-002,L6,futures_trade,Set up DCA — buy $500 of BTC weekly for 3 months,mistralai/mistral-small-2603,3,1,1|1|1,0.895|0.895|0.895,0.895,0.895,1158
L6-003,L6,futures_trade,"Create ladder buy orders every $1,000 from $40k to $45k for BTC",mistralai/mistral-medium-3-5,3,1,1|1|1,0.775|0.775|0.775,0.775,0.775,1964
L6-003,L6,futures_trade,"Create ladder buy orders every $1,000 from $40k to $45k for BTC",mistralai/mistral-small-2603,3,1,1|1|1,0.793|0.793|0.793,0.793,0.793,1290
L6-004,L6,stop_loss,Set a trailing stop 5% below market on my 0.5 BTC,mistralai/mistral-medium-3-5,3,1,1|1|1,0.753|0.753|0.753,0.753,0.753,2461
L6-004,L6,stop_loss,Set a trailing stop 5% below market on my 0.5 BTC,mistralai/mistral-small-2603,3,1,1|1|1,0.83|0.83|0.83,0.830,0.830,1112
L6-005,L6,twap_order,Execute a TWAP order to sell 10 ETH over the next 4 hours,mistralai/mistral-medium-3-5,3,1,1|1|1,0.783|0.783|0.783,0.783,0.783,1466
L6-005,L6,twap_order,Execute a TWAP order to sell 10 ETH over the next 4 hours,mistralai/mistral-small-2603,3,1,1|1|1,0.87|0.87|0.87,0.870,0.870,799
L7-001,L7,arbitrage,Analyze flash loan arbitrage opportunity between DEXes,mistralai/mistral-medium-3-5,0,0,0|0|0,0|0|0,0.000,0.000,3503
L7-001,L7,arbitrage,Analyze flash loan arbitrage opportunity between DEXes,mistralai/mistral-small-2603,0,0,0|0|0,0|0|0,0.000,0.000,1666
L7-002,L7,lending_borrow,"Unwind my underwater position: 5 ETH collateral, 7,000 USDC borrowed",mistralai/mistral-medium-3-5,2,1,1|1|0,0.83|0.83|0,0.553,0.830,1945
L7-002,L7,lending_borrow,"Unwind my underwater position: 5 ETH collateral, 7,000 USDC borrowed",mistralai/mistral-small-2603,2,1,0|1|1,0|0.78|0.83,0.537,0.780,1741
L7-003,L7,lp_net_return_analysis,"I provided liquidity to an ETH/USDC pool when ETH was $3,000. After 30 days, ETH is now $5,000. During this period, I earned $847 in trading fees. My initial position was $10,000. Calculate the net return from the combined effect of impermanent loss and fees on my initial investment.",mistralai/mistral-medium-3-5,0,0,0|0|0,0|0|0,0.000,0.000,2354
L7-003,L7,lp_net_return_analysis,"I provided liquidity to an ETH/USDC pool when ETH was $3,000. After 30 days, ETH is now $5,000. During this period, I earned $847 in trading fees. My initial position was $10,000. Calculate the net return from the combined effect of impermanent loss and fees on my initial investment.",mistralai/mistral-small-2603,0,0,0|0|0,0|0.184|0,0.061,0.000,2854
L7-004,L7,portfolio_efficiency_analysis,"I have $100,000 USDC allocated across three DeFi protocols: 50% ($50,000) → Aave USDC Lending - APY: 4.2% - Risk Score: 1.0 30% ($30,000) → Curve 3pool (USDC/USDT/DAI) - APY: 6.8% - Risk Score: 2.0 20% ($20,000) → Yearn USDC Vault - APY: 8.1% - Risk Score: 3.0 The current risk-free rate (US T-Bills) is 5.0%. Calculate: (1) the portfolio's blended APY, (2) the portfolio's weighted-average risk score, (3) the portfolio's excess return over the risk-free rate, (4) the portfolio's risk-adjusted return ratio (excess return divided by weighted risk), and (5) the expected annual yield in USD.",mistralai/mistral-medium-3-5,0,0,0|0|0,0|0|0,0.000,0.000,3135
L7-004,L7,portfolio_efficiency_analysis,"I have $100,000 USDC allocated across three DeFi protocols: 50% ($50,000) → Aave USDC Lending - APY: 4.2% - Risk Score: 1.0 30% ($30,000) → Curve 3pool (USDC/USDT/DAI) - APY: 6.8% - Risk Score: 2.0 20% ($20,000) → Yearn USDC Vault - APY: 8.1% - Risk Score: 3.0 The current risk-free rate (US T-Bills) is 5.0%. Calculate: (1) the portfolio's blended APY, (2) the portfolio's weighted-average risk score, (3) the portfolio's excess return over the risk-free rate, (4) the portfolio's risk-adjusted return ratio (excess return divided by weighted risk), and (5) the expected annual yield in USD.",mistralai/mistral-small-2603,0,0,0|0|0,0|0|0,0.000,0.000,3040
L7-005,L7,mev_protection_cost_benefit,"I want to sell 100 ETH for USDC. I have three execution options: **Option A: Uniswap (No MEV Protection)** - Expected slippage: 0.3% - Gas cost: $50 - MEV risk: 1.2% (average frontrun/sandwich loss) **Option B: CowSwap (MEV Protected)** - Expected slippage: 0.4% - Gas cost: $0 (gasless) - MEV risk: 0% **Option C: 1inch Fusion (Partial MEV Protection)** - Expected slippage: 0.35% - Gas cost: $25 - MEV risk: 0.4% (reduced via private RPC) Current ETH price: $3,000 Calculate: (1) the total cost percentage for each option (slippage + gas + MEV as % of gross value), (2) the expected net proceeds in USDC for each option, (3) which option maximizes net proceeds, and (4) the dollar amount saved by choosing the best option versus the worst option. Schema hint: Return JSON covering intent, order_type, asset, size, eth_price, gross_value, per-option slippage/gas/mev costs, total_cost, total_cost_pct, net_proceeds, best_option, worst_option, savings_vs_worst, venue, venue_name, reasoning.",mistralai/mistral-medium-3-5,3,1,1|1|1,0.982|0.982|0.982,0.982,0.982,6280
L7-005,L7,mev_protection_cost_benefit,"I want to sell 100 ETH for USDC. I have three execution options: **Option A: Uniswap (No MEV Protection)** - Expected slippage: 0.3% - Gas cost: $50 - MEV risk: 1.2% (average frontrun/sandwich loss) **Option B: CowSwap (MEV Protected)** - Expected slippage: 0.4% - Gas cost: $0 (gasless) - MEV risk: 0% **Option C: 1inch Fusion (Partial MEV Protection)** - Expected slippage: 0.35% - Gas cost: $25 - MEV risk: 0.4% (reduced via private RPC) Current ETH price: $3,000 Calculate: (1) the total cost percentage for each option (slippage + gas + MEV as % of gross value), (2) the expected net proceeds in USDC for each option, (3) which option maximizes net proceeds, and (4) the dollar amount saved by choosing the best option versus the worst option. Schema hint: Return JSON covering intent, order_type, asset, size, eth_price, gross_value, per-option slippage/gas/mev costs, total_cost, total_cost_pct, net_proceeds, best_option, worst_option, savings_vs_worst, venue, venue_name, reasoning.",mistralai/mistral-small-2603,3,1,1|1|1,0.923|0.923|0.923,0.923,0.923,2933
L8-001,L8,multi_protocol_yield_optimization,"You have $5,000,000 USDC to deploy into a 90-day yield strategy combining: Option 1: Pendle PT-stETH (maturity in 90 days) * Current market: 1 PT-stETH = 0.970 stETH (3% discount) * At maturity: 1 PT-stETH redeems for 1.000 stETH * stETH spot price: $3,500 * Entry slippage: 0.08% Option 2: Convex-Boosted Curve 3pool * Base Curve APR: 4.2% * Convex boost: 2.5x (requires vlCVX lock) * vlCVX requirement: 30 tokens per $100,000 staked * vlCVX cost: $5.50 per token * vlCVX lock: 16 weeks (opportunity cost at 3% annual rate) * Entry slippage: 0.05% Costs: * Total gas (PT redemption + Convex operations): $150 Constraints: * Maintain ≥35% in Curve 3pool (24h liquidity requirement) * Maximum ≤70% in Pendle PT Task: Calculate the optimal allocation as numerical dollar values and the resulting annualized net yield as a percentage.",mistralai/mistral-medium-3-5,0,0,0|0|0,0|0|0,0.000,0.000,3275
L8-001,L8,multi_protocol_yield_optimization,"You have $5,000,000 USDC to deploy into a 90-day yield strategy combining: Option 1: Pendle PT-stETH (maturity in 90 days) * Current market: 1 PT-stETH = 0.970 stETH (3% discount) * At maturity: 1 PT-stETH redeems for 1.000 stETH * stETH spot price: $3,500 * Entry slippage: 0.08% Option 2: Convex-Boosted Curve 3pool * Base Curve APR: 4.2% * Convex boost: 2.5x (requires vlCVX lock) * vlCVX requirement: 30 tokens per $100,000 staked * vlCVX cost: $5.50 per token * vlCVX lock: 16 weeks (opportunity cost at 3% annual rate) * Entry slippage: 0.05% Costs: * Total gas (PT redemption + Convex operations): $150 Constraints: * Maintain ≥35% in Curve 3pool (24h liquidity requirement) * Maximum ≤70% in Pendle PT Task: Calculate the optimal allocation as numerical dollar values and the resulting annualized net yield as a percentage.",mistralai/mistral-small-2603,0,0,0|0|0,0|0|0,0.000,0.000,1774
L8-002,L8,execute_mev_defense,"Execute: $5,000,000 USDC → ETH on Ethereum mainnet. Market conditions: - ETH price: $2,850 - Expected sandwich attack loss (public mempool): $22,000 - Base fee: 150 gwei - Block time: 12 seconds Evaluate MEV defense strategies: **Strategy A: Flashbots Protect** - Setup fee: $180 - Gas: 320,000 units at 2 gwei priority fee - Execution: 2 blocks average (24 seconds) - MEV protection: 98.5% (verified benchmark) - Success rate: 96% first attempt - Retry cost if failed: $65 **Strategy B: Direct DEX (Uniswap V3)** - Gas: 180,000 units at 150 gwei base + 20 gwei priority - Execution: Immediate (1 block) - MEV protection: 0% - Expected sandwich loss: $22,000 - Success rate: 100% Calculate total expected cost for each strategy and select the optimal one. Note: Slippage (0.3%) is constant across both strategies.",mistralai/mistral-medium-3-5,0,0,0|0|0,0|0|0,0.000,0.000,4620
L8-002,L8,execute_mev_defense,"Execute: $5,000,000 USDC → ETH on Ethereum mainnet. Market conditions: - ETH price: $2,850 - Expected sandwich attack loss (public mempool): $22,000 - Base fee: 150 gwei - Block time: 12 seconds Evaluate MEV defense strategies: **Strategy A: Flashbots Protect** - Setup fee: $180 - Gas: 320,000 units at 2 gwei priority fee - Execution: 2 blocks average (24 seconds) - MEV protection: 98.5% (verified benchmark) - Success rate: 96% first attempt - Retry cost if failed: $65 **Strategy B: Direct DEX (Uniswap V3)** - Gas: 180,000 units at 150 gwei base + 20 gwei priority - Execution: Immediate (1 block) - MEV protection: 0% - Expected sandwich loss: $22,000 - Success rate: 100% Calculate total expected cost for each strategy and select the optimal one. Note: Slippage (0.3%) is constant across both strategies.",mistralai/mistral-small-2603,0,0,0|0|0,0.6|0.68|0.6,0.627,0.600,1923
L8-003,L8,risk_parity_rebalance,"**Scenario:** You manage a $1M risk-parity portfolio currently allocated as: - BTC: $400,000 (40%) - ETH: $350,000 (35%) - US 10Y Treasury bonds: $250,000 (25%) **Current Market State:** - BTC 30-day realized volatility: 60% annualized - ETH 30-day realized volatility: 80% annualized - 10Y Treasury volatility: 10% annualized - Correlation matrix: - BTC-ETH: 0.85 - BTC-Bonds: 0.05 - ETH-Bonds: 0.03 **Risk Parity Target:** Each asset should contribute equally (33.33%) to total portfolio risk. **Rebalancing Trigger:** Execute rebalancing if any asset's risk contribution deviates by more than ±5 percentage points from target (i.e., outside 28.33%-38.33% range). **Transaction Constraints:** - Minimum trade size: $10,000 - Round all trades to nearest $1,000 - Execution slippage: 0.5% for crypto, 0.1% for bonds **Task:** Determine the current risk contribution of each asset and construct executable rebalancing transactions if the trigger threshold is breached. Your solution must use true risk-parity optimization that accounts for asset correlations. Schema hint: Return JSON including base fields (intent, order_type, asset, size, venue, reasoning) and analysis fields (portfolio_volatility, risk_contributions, rebalancing_required, target_allocations_usd, transactions). Also include top-level numeric mirrors for grading: btc_contribution_pct, eth_contribution_pct, bonds_contribution_pct, target_btc_usd, target_eth_usd, target_bonds_usd, btc_sell_amount, eth_sell_amount, bonds_buy_amount, btc_post_slippage, eth_post_slippage, bonds_post_slippage.",mistralai/mistral-medium-3-5,3,1,1|1|1,0.807|0.807|0.807,0.807,0.807,8022
L8-003,L8,risk_parity_rebalance,"**Scenario:** You manage a $1M risk-parity portfolio currently allocated as: - BTC: $400,000 (40%) - ETH: $350,000 (35%) - US 10Y Treasury bonds: $250,000 (25%) **Current Market State:** - BTC 30-day realized volatility: 60% annualized - ETH 30-day realized volatility: 80% annualized - 10Y Treasury volatility: 10% annualized - Correlation matrix: - BTC-ETH: 0.85 - BTC-Bonds: 0.05 - ETH-Bonds: 0.03 **Risk Parity Target:** Each asset should contribute equally (33.33%) to total portfolio risk. **Rebalancing Trigger:** Execute rebalancing if any asset's risk contribution deviates by more than ±5 percentage points from target (i.e., outside 28.33%-38.33% range). **Transaction Constraints:** - Minimum trade size: $10,000 - Round all trades to nearest $1,000 - Execution slippage: 0.5% for crypto, 0.1% for bonds **Task:** Determine the current risk contribution of each asset and construct executable rebalancing transactions if the trigger threshold is breached. Your solution must use true risk-parity optimization that accounts for asset correlations. Schema hint: Return JSON including base fields (intent, order_type, asset, size, venue, reasoning) and analysis fields (portfolio_volatility, risk_contributions, rebalancing_required, target_allocations_usd, transactions). Also include top-level numeric mirrors for grading: btc_contribution_pct, eth_contribution_pct, bonds_contribution_pct, target_btc_usd, target_eth_usd, target_bonds_usd, btc_sell_amount, eth_sell_amount, bonds_buy_amount, btc_post_slippage, eth_post_slippage, bonds_post_slippage.",mistralai/mistral-small-2603,3,1,1|1|1,0.898|0.898|0.898,0.898,0.898,3620
L8-004,L8,restaking_optimization,"Optimal Re-staking Strategy with Loan Arbitrage You have 100 ETH currently staked via Lido (earning 4.2% APR as stETH). You're considering re-staking strategies to boost yield. In 8 days, you plan to use this position as collateral to borrow 50 ETH at 5.5% APR for a profitable farming opportunity. Analyze these three options: **Option A: EigenLayer AVS Restaking** - Additional APR: 2.8% (from AVS rewards) - Slashing risk: 3% of staked amount (annual probability) - Minimum lock period: 7 days - Current TVL: $8.2B (highly liquid) - Accepts stETH as collateral: Yes **Option B: Symbiotic Protocol Restaking** - Additional APR: 4.1% (from operator fees) - Slashing risk: 5% of staked amount (annual probability) - Minimum lock period: 14 days - Current TVL: $890M (lower liquidity) - Accepts stETH as collateral: Yes **Option C: Maintain Lido stETH Only** - Additional APR: 0% (baseline) - Slashing risk: 0% (no additional risk) - Minimum lock period: 0 days - Liquid staking token (instant liquidity) - Accepts stETH as collateral: Yes **Constraints** 1. Position must be available as collateral within 8 days for the loan (hard requirement) 2. Target minimum net APR after borrowing costs: 1.0% 3. Maximum acceptable slashing risk: 4% of principal **Task** Determine which strategy maximizes net return while satisfying all constraints. Consider the arbitrage spread between staking yield and borrow costs. Respond with JSON including core execution fields plus decision rationale and detailed factors. Schema hint: Provide top-level keys intent, order_type, asset, size, venue, venue_name, rationale, decision_factors along with flattened numeric mirrors (total_staking_apr, borrow_rate, effective_borrow_cost_on_portfolio, net_apr_after_borrow, meets_net_apr_target, slashing_risk_pct, within_risk_tolerance, liquidity_days, meets_collateral_timing, option_c_net_apr_comparison, option_a_outperformance).",mistralai/mistral-medium-3-5,2,1,1|0|1,0.747|0.187|0.84,0.591,0.747,4913
L8-004,L8,restaking_optimization,"Optimal Re-staking Strategy with Loan Arbitrage You have 100 ETH currently staked via Lido (earning 4.2% APR as stETH). You're considering re-staking strategies to boost yield. In 8 days, you plan to use this position as collateral to borrow 50 ETH at 5.5% APR for a profitable farming opportunity. Analyze these three options: **Option A: EigenLayer AVS Restaking** - Additional APR: 2.8% (from AVS rewards) - Slashing risk: 3% of staked amount (annual probability) - Minimum lock period: 7 days - Current TVL: $8.2B (highly liquid) - Accepts stETH as collateral: Yes **Option B: Symbiotic Protocol Restaking** - Additional APR: 4.1% (from operator fees) - Slashing risk: 5% of staked amount (annual probability) - Minimum lock period: 14 days - Current TVL: $890M (lower liquidity) - Accepts stETH as collateral: Yes **Option C: Maintain Lido stETH Only** - Additional APR: 0% (baseline) - Slashing risk: 0% (no additional risk) - Minimum lock period: 0 days - Liquid staking token (instant liquidity) - Accepts stETH as collateral: Yes **Constraints** 1. Position must be available as collateral within 8 days for the loan (hard requirement) 2. Target minimum net APR after borrowing costs: 1.0% 3. Maximum acceptable slashing risk: 4% of principal **Task** Determine which strategy maximizes net return while satisfying all constraints. Consider the arbitrage spread between staking yield and borrow costs. Respond with JSON including core execution fields plus decision rationale and detailed factors. Schema hint: Provide top-level keys intent, order_type, asset, size, venue, venue_name, rationale, decision_factors along with flattened numeric mirrors (total_staking_apr, borrow_rate, effective_borrow_cost_on_portfolio, net_apr_after_borrow, meets_net_apr_target, slashing_risk_pct, within_risk_tolerance, liquidity_days, meets_collateral_timing, option_c_net_apr_comparison, option_a_outperformance).",mistralai/mistral-small-2603,0,0,0|0|0,0.28|0.28|0.28,0.280,0.280,1842
L8-005,L8,risk_adjusted_leverage,"You manage a leveraged ETH yield farming position on Aave with these parameters: Current Position: - Collateral: 10 ETH deposited ($20,000 at $2,000/ETH) - Borrowed: $40,000 USDC, used to purchase 20 additional ETH - Total Exposure: 30 ETH ($60,000) - Effective Leverage: 3× - Liquidation Price: $1,400 (30% drop from current) Yield Structure: - Earning: 8% APY on 30 ETH exposure ($4,800/year) - Paying: 5% APY on $40,000 debt ($2,000/year) - Net Carry: $2,800/year = 4.67% APY on $60k exposure - Weekly Net Carry: $53.85 Market Conditions: - Current ETH Price: $2,000 - 30-day realized volatility: 65% annualized - Expected 7-day volatility (from options): 95% annualized - Weekly volatility: 95% / √52 = 13.17% Liquidation Mechanics: - Aave monitors continuously and liquidates when LTV threshold is breached - Liquidation cost: $1,000 (5% of collateral penalty) - Price model: Geometric Brownian Motion with μ=0 (log drift m = -0.5σ² per period) - EV scope: include carry income minus expected liquidation penalty; exclude mark-to-market P&L (zero drift). Available actions for the next 7 days during a volatility expansion: A) Maintain 3× leverage (liquidation $1,400, weekly carry $53.85) B) Deleverage to 2× leverage (liquidation $1,200, weekly carry $42.31) C) Deleverage to 1.5× leverage (liquidation $1,000, weekly carry $36.54) D) Close position entirely (zero carry, zero risk) Institutional policy: keep weekly liquidation probability ≤0.5%. Assume barrier-hitting probability for liquidation (continuous monitoring). Task: Identify the optimal risk-adjusted action for a 7-day horizon. Provide liquidation probabilities and expected values for each option and explain your reasoning. Optimize for the highest expected value among actions satisfying the weekly liquidation probability limit of 0.5%. Schema hint: Return JSON with keys {action, action_name, liquidation_probabilities, expected_values, reasoning, calculation_method?}. Do not include legacy keys like order_type, asset, venue, risk_controls, follow_up, or requires_follow_up.",mistralai/mistral-medium-3-5,3,1,1|1|1,1|1|1,1.000,1.000,3539
L8-005,L8,risk_adjusted_leverage,"You manage a leveraged ETH yield farming position on Aave with these parameters: Current Position: - Collateral: 10 ETH deposited ($20,000 at $2,000/ETH) - Borrowed: $40,000 USDC, used to purchase 20 additional ETH - Total Exposure: 30 ETH ($60,000) - Effective Leverage: 3× - Liquidation Price: $1,400 (30% drop from current) Yield Structure: - Earning: 8% APY on 30 ETH exposure ($4,800/year) - Paying: 5% APY on $40,000 debt ($2,000/year) - Net Carry: $2,800/year = 4.67% APY on $60k exposure - Weekly Net Carry: $53.85 Market Conditions: - Current ETH Price: $2,000 - 30-day realized volatility: 65% annualized - Expected 7-day volatility (from options): 95% annualized - Weekly volatility: 95% / √52 = 13.17% Liquidation Mechanics: - Aave monitors continuously and liquidates when LTV threshold is breached - Liquidation cost: $1,000 (5% of collateral penalty) - Price model: Geometric Brownian Motion with μ=0 (log drift m = -0.5σ² per period) - EV scope: include carry income minus expected liquidation penalty; exclude mark-to-market P&L (zero drift). Available actions for the next 7 days during a volatility expansion: A) Maintain 3× leverage (liquidation $1,400, weekly carry $53.85) B) Deleverage to 2× leverage (liquidation $1,200, weekly carry $42.31) C) Deleverage to 1.5× leverage (liquidation $1,000, weekly carry $36.54) D) Close position entirely (zero carry, zero risk) Institutional policy: keep weekly liquidation probability ≤0.5%. Assume barrier-hitting probability for liquidation (continuous monitoring). Task: Identify the optimal risk-adjusted action for a 7-day horizon. Provide liquidation probabilities and expected values for each option and explain your reasoning. Optimize for the highest expected value among actions satisfying the weekly liquidation probability limit of 0.5%. Schema hint: Return JSON with keys {action, action_name, liquidation_probabilities, expected_values, reasoning, calculation_method?}. Do not include legacy keys like order_type, asset, venue, risk_controls, follow_up, or requires_follow_up.",mistralai/mistral-small-2603,2,1,1|0|1,1|0.6|1,0.867,1.000,1739
L8-006,L8,fixed_yield_allocation,"You have 100,000 USDC to deploy into USDe yield strategies. **Current market conditions:** Base Rates: - USDe staking APY: 8.5% - Aave USDC supply APY: 4.2% - Aave USDe borrow APY: 6.8% Pendle Market (PT-USDe expiring in 90 days): - Implied APY: 12.3% - Liquidity depth: $45M - Fixed yield lock until maturity Loop Parameters: - Max safe leverage on Aave: 3x (LTV 75%, liquidation threshold 80%) - Gas costs per loop iteration: ~$8 - Pendle PT purchase slippage on 100K: 0.15% **Strategy Options:** A) Simple Stake: Convert to USDe, stake directly (8.5% APY). B) Leveraged Loop: 3x loop USDe on Aave, stake multiplied amount ((3 × 8.5%) − (2 × 6.8%) = 11.9% APY), risk: liquidation if USDe depegs >2%. C) Pendle PT: Convert to USDe, buy PT-USDe at 12.3% fixed for 90 days (capital locked). D) Hybrid: 2x loop on Aave (50K) + Pendle PT (50K) → 11.25% weighted APY, medium diversification. **Constraints:** medium risk tolerance (avoid >3% depeg exposure), 90-day horizon, priority is maximize APY while staying under 3x leverage. Which strategy should you execute? Return JSON following the schema hint.",mistralai/mistral-medium-3-5,0,0,0|0|0,0.3|0.3|0.3,0.300,0.300,2826
L8-006,L8,fixed_yield_allocation,"You have 100,000 USDC to deploy into USDe yield strategies. **Current market conditions:** Base Rates: - USDe staking APY: 8.5% - Aave USDC supply APY: 4.2% - Aave USDe borrow APY: 6.8% Pendle Market (PT-USDe expiring in 90 days): - Implied APY: 12.3% - Liquidity depth: $45M - Fixed yield lock until maturity Loop Parameters: - Max safe leverage on Aave: 3x (LTV 75%, liquidation threshold 80%) - Gas costs per loop iteration: ~$8 - Pendle PT purchase slippage on 100K: 0.15% **Strategy Options:** A) Simple Stake: Convert to USDe, stake directly (8.5% APY). B) Leveraged Loop: 3x loop USDe on Aave, stake multiplied amount ((3 × 8.5%) − (2 × 6.8%) = 11.9% APY), risk: liquidation if USDe depegs >2%. C) Pendle PT: Convert to USDe, buy PT-USDe at 12.3% fixed for 90 days (capital locked). D) Hybrid: 2x loop on Aave (50K) + Pendle PT (50K) → 11.25% weighted APY, medium diversification. **Constraints:** medium risk tolerance (avoid >3% depeg exposure), 90-day horizon, priority is maximize APY while staying under 3x leverage. Which strategy should you execute? Return JSON following the schema hint.",mistralai/mistral-small-2603,3,1,1|1|1,1|1|1,1.000,1.000,2836
L8-007,L8,mev_resilient_unwind,"Execute an MEV-resilient emergency unwind: sell 2,500 stETH to ETH with minimal extraction. MARKET CONDITIONS: - Current stETH/ETH spread: 0.25% (stETH trading at discount) - Recent MEV extraction on unprotected swaps: average 0.8% per trade - Requirement: Settlement within 15 minutes to meet margin call VENUE OPTIONS: [A] CowSwap (MEV-Protected) - Protocol fee: 0.15% - Settlement time: 12 minutes (batch auction) - MEV protection: Full (batch auction mechanism) - Available liquidity: 2,000 stETH per 12-min batch - Overflow handling: Queued to next batch (+12 minutes) [B] 1inch Fusion (Partial Protection) - Protocol fee: 0.05% - Settlement time: Instant - MEV protection: Partial (~50% reduction via intent routing) - Available liquidity: 5,000 stETH - MEV extraction after protection: ~0.4% expected [C] Uniswap V3 (No Protection) - Pool fee: 0.30% - Settlement time: Instant - MEV protection: None - Available liquidity: 10,000 stETH - Full MEV exposure: 0.8% expected CONSTRAINTS: 1. Total cost (fees + MEV + spread) must be minimized 2. Settlement MUST occur within 15 minutes (hard deadline) 3. All 2,500 stETH must be sold in single execution window 4. Cannot split across multiple venues DYNAMIC FACTORS: - stETH discount widens by 0.05% per $500k sell pressure - Your 2,500 stETH ≈ $4.5M at current price (~$1,800/stETH) - Additional price impact: ~0.35% for this size COST CALCULATION METHODOLOGY (provide your own calculations): Common Market Cost Components (apply to all venues, compute on notional): 1. Base spread: 0.25% of notional 2. Price impact: 0.35% of notional 3. Dynamic widening: 0.05% per $500k sell pressure (use order notional to compute increments) Venue Parameters (you must combine with common costs to get totals): [A] CowSwap: protocol fee 0.15%, settlement 12 min batch, MEV protection full, capacity 2,000 stETH per batch; overflow queued to next batch (+12 min). [B] 1inch Fusion: protocol fee 0.05%, settlement instant, MEV protection partial (~0.4% expected extraction), capacity 5,000 stETH. [C] Uniswap V3: pool fee 0.30%, settlement instant, MEV protection none (~0.8% expected extraction), capacity 10,000 stETH. Select the optimal venue considering total execution cost, settlement time, capacity, and MEV protection quality. Respond with raw JSON (no code fences) where `expected_value` is the negative USD_total_cost of execution (e.g., -12345) and `unit` MUST be `""USD_total_cost""`. Do not report net proceeds or positive numbers in `expected_value`.",mistralai/mistral-medium-3-5,0,0,0|0|0,0.32|0.32|0.32,0.320,0.320,8000
L8-007,L8,mev_resilient_unwind,"Execute an MEV-resilient emergency unwind: sell 2,500 stETH to ETH with minimal extraction. MARKET CONDITIONS: - Current stETH/ETH spread: 0.25% (stETH trading at discount) - Recent MEV extraction on unprotected swaps: average 0.8% per trade - Requirement: Settlement within 15 minutes to meet margin call VENUE OPTIONS: [A] CowSwap (MEV-Protected) - Protocol fee: 0.15% - Settlement time: 12 minutes (batch auction) - MEV protection: Full (batch auction mechanism) - Available liquidity: 2,000 stETH per 12-min batch - Overflow handling: Queued to next batch (+12 minutes) [B] 1inch Fusion (Partial Protection) - Protocol fee: 0.05% - Settlement time: Instant - MEV protection: Partial (~50% reduction via intent routing) - Available liquidity: 5,000 stETH - MEV extraction after protection: ~0.4% expected [C] Uniswap V3 (No Protection) - Pool fee: 0.30% - Settlement time: Instant - MEV protection: None - Available liquidity: 10,000 stETH - Full MEV exposure: 0.8% expected CONSTRAINTS: 1. Total cost (fees + MEV + spread) must be minimized 2. Settlement MUST occur within 15 minutes (hard deadline) 3. All 2,500 stETH must be sold in single execution window 4. Cannot split across multiple venues DYNAMIC FACTORS: - stETH discount widens by 0.05% per $500k sell pressure - Your 2,500 stETH ≈ $4.5M at current price (~$1,800/stETH) - Additional price impact: ~0.35% for this size COST CALCULATION METHODOLOGY (provide your own calculations): Common Market Cost Components (apply to all venues, compute on notional): 1. Base spread: 0.25% of notional 2. Price impact: 0.35% of notional 3. Dynamic widening: 0.05% per $500k sell pressure (use order notional to compute increments) Venue Parameters (you must combine with common costs to get totals): [A] CowSwap: protocol fee 0.15%, settlement 12 min batch, MEV protection full, capacity 2,000 stETH per batch; overflow queued to next batch (+12 min). [B] 1inch Fusion: protocol fee 0.05%, settlement instant, MEV protection partial (~0.4% expected extraction), capacity 5,000 stETH. [C] Uniswap V3: pool fee 0.30%, settlement instant, MEV protection none (~0.8% expected extraction), capacity 10,000 stETH. Select the optimal venue considering total execution cost, settlement time, capacity, and MEV protection quality. Respond with raw JSON (no code fences) where `expected_value` is the negative USD_total_cost of execution (e.g., -12345) and `unit` MUST be `""USD_total_cost""`. Do not report net proceeds or positive numbers in `expected_value`.",mistralai/mistral-small-2603,0,0,0|0|0,0.32|0.32|0.32,0.320,0.320,2772
L8-008,L8,risk_parity_execution,"You're executing a risk-parity rebalance (buy side only) across BTC, ETH, GLD, and TLT. Calculate the optimal execution strategy. Required trades: - Buy 0.5 BTC ($22,500) - Buy 8 ETH ($22,400) - Buy 1,200 GLD ($222,000) - Buy 2,400 TLT ($228,000) Venue options: - Coinbase: Crypto only (BTC/ETH), 0.6% fee, instant execution - Interactive Brokers: All assets including crypto, 0.1% fee, T+2 settlement - You may use one venue or split across both Constraints: - Must execute all 4 legs within same trading day - Total fees must not exceed $2,000 - Minimize total fees while executing all positions Assumptions: Fees are charged as a percentage of notional with no minimums. Ignore spreads, slippage, and market impact. Output your execution plan with: 1. Venue for each asset 2. Fee calculation per trade 3. Total fees 4. Total execution cost (notional + fees) 5. Reasoning for strategy choice",mistralai/mistral-medium-3-5,0,0,0|0|0,0|0|0,0.000,0.000,2658
L8-008,L8,risk_parity_execution,"You're executing a risk-parity rebalance (buy side only) across BTC, ETH, GLD, and TLT. Calculate the optimal execution strategy. Required trades: - Buy 0.5 BTC ($22,500) - Buy 8 ETH ($22,400) - Buy 1,200 GLD ($222,000) - Buy 2,400 TLT ($228,000) Venue options: - Coinbase: Crypto only (BTC/ETH), 0.6% fee, instant execution - Interactive Brokers: All assets including crypto, 0.1% fee, T+2 settlement - You may use one venue or split across both Constraints: - Must execute all 4 legs within same trading day - Total fees must not exceed $2,000 - Minimize total fees while executing all positions Assumptions: Fees are charged as a percentage of notional with no minimums. Ignore spreads, slippage, and market impact. Output your execution plan with: 1. Venue for each asset 2. Fee calculation per trade 3. Total fees 4. Total execution cost (notional + fees) 5. Reasoning for strategy choice",mistralai/mistral-small-2603,3,1,1|1|1,0.713|0.743|0.743,0.733,0.743,2871
L8-009,L8,cash_and_carry_arbitrage,"ETH perpetual funding rate: +0.08% per 8 hours ETH spot (Coinbase): $2,450 ETH-PERP (Binance): $2,458 You have $100,000 USDC available. Binance ETH-PERP is USDT-margined and requires 1x initial margin (no leverage). Trading fees: 0.02% maker on both venues Network transfer fee: $2 Should you execute a cash-and-carry arbitrage? If yes, provide your decision, reasoning, and execution approach. Respond in JSON format.",mistralai/mistral-medium-3-5,2,1,0|1|1,0.479|1|1,0.826,1.000,3517
L8-009,L8,cash_and_carry_arbitrage,"ETH perpetual funding rate: +0.08% per 8 hours ETH spot (Coinbase): $2,450 ETH-PERP (Binance): $2,458 You have $100,000 USDC available. Binance ETH-PERP is USDT-margined and requires 1x initial margin (no leverage). Trading fees: 0.02% maker on both venues Network transfer fee: $2 Should you execute a cash-and-carry arbitrage? If yes, provide your decision, reasoning, and execution approach. Respond in JSON format.",mistralai/mistral-small-2603,3,1,1|1|1,1|1|1,1.000,1.000,2019
L8-010,L8,collar_min_cost,"You hold 10 BTC currently worth $45,000 each. Construct a 30-day collar that balances downside protection with upside participation under the following market conditions: Market conditions: - 30-day ATM implied volatility: 65% - Recent 30-day realized volatility: 55% - Put skew is 20-30% more expensive than calls Available 30-day strikes (per BTC premium, positive = credit received, negative = debit paid): - Calls: 5% OTM ($47,250) +$850 | 10% OTM ($49,500) +$420 - Puts: 5% OTM ($42,750) -$920 | 10% OTM ($40,500) -$480 Portfolio context: - Portfolio historically captures ~80% of BTC upside moves - Historical 30-day BTC move distribution: median +8%, 90th percentile +18% - Holding period: full 30 days Objective: choose the collar that minimizes total economic cost (option premium plus opportunity cost from capped upside) while satisfying: - Avoid overpaying for overpriced puts - Maintain meaningful downside protection - Preserve reasonable upside potential Respond with a JSON object detailing the selected collar.",mistralai/mistral-medium-3-5,3,1,1|1|1,0.752|0.852|0.752,0.785,0.752,3058
L8-010,L8,collar_min_cost,"You hold 10 BTC currently worth $45,000 each. Construct a 30-day collar that balances downside protection with upside participation under the following market conditions: Market conditions: - 30-day ATM implied volatility: 65% - Recent 30-day realized volatility: 55% - Put skew is 20-30% more expensive than calls Available 30-day strikes (per BTC premium, positive = credit received, negative = debit paid): - Calls: 5% OTM ($47,250) +$850 | 10% OTM ($49,500) +$420 - Puts: 5% OTM ($42,750) -$920 | 10% OTM ($40,500) -$480 Portfolio context: - Portfolio historically captures ~80% of BTC upside moves - Historical 30-day BTC move distribution: median +8%, 90th percentile +18% - Holding period: full 30 days Objective: choose the collar that minimizes total economic cost (option premium plus opportunity cost from capped upside) while satisfying: - Avoid overpaying for overpriced puts - Maintain meaningful downside protection - Preserve reasonable upside potential Respond with a JSON object detailing the selected collar.",mistralai/mistral-small-2603,3,1,1|1|1,0.774|0.762|0.762,0.766,0.762,1724
L9-001,L9,l9-L9-001,"Design a delta-neutral funding-rate arbitrage between Hyperliquid HYPE-PERP ($28.50, -0.017% per 8 hours) and spot HYPE ($28.20 on Base). You have $500 000 USDC, 5× leverage, hold the position for 1 year, rebalance entry/exit once, < 0.3% slippage, Base gas $0.02 / tx. Funding rate -0.017%/8h is the rate paid by longs to shorts (Hyperliquid convention: F<0 means longs receive). For this scenario, the short-perp leg of this delta-neutral structure earns |F|. Compute expected_value as funding-only APR on unlevered notional: abs(funding_rate_per_8h) × 3 × 365 × 100. Do not multiply by 5× leverage, and exclude unquantified bridge, slippage-cap, liquidation-buffer, and spot/perp basis PnL from expected_value; gas is de minimis at the APR precision used.",mistralai/mistral-medium-3-5,3,1,1|1|1,1|1|1,1.000,1.000,1905
L9-001,L9,l9-L9-001,"Design a delta-neutral funding-rate arbitrage between Hyperliquid HYPE-PERP ($28.50, -0.017% per 8 hours) and spot HYPE ($28.20 on Base). You have $500 000 USDC, 5× leverage, hold the position for 1 year, rebalance entry/exit once, < 0.3% slippage, Base gas $0.02 / tx. Funding rate -0.017%/8h is the rate paid by longs to shorts (Hyperliquid convention: F<0 means longs receive). For this scenario, the short-perp leg of this delta-neutral structure earns |F|. Compute expected_value as funding-only APR on unlevered notional: abs(funding_rate_per_8h) × 3 × 365 × 100. Do not multiply by 5× leverage, and exclude unquantified bridge, slippage-cap, liquidation-buffer, and spot/perp basis PnL from expected_value; gas is de minimis at the APR precision used.",mistralai/mistral-small-2603,0,0,0|0|0,0|0|0,0.000,0.000,1148
L9-002,L9,l9-L9-002,"Tokenized T-bill (RWA-T) Uniswap V3 pool, $1 M tokens @ $100 NAV, daily vol $2 M, vol < 0.5%. Provide $5 M liquidity in 0.3% tier capturing ≥ 80 % volume, < 0.1 % impact on $50 k trades. Assume total pool = $8.5 M; you supply 59 % of active liquidity. Compute daily fee income. Optimize daily fee income using the supplied 59% active-liquidity share, 80% captured volume, and 0.3% fee tier.",mistralai/mistral-medium-3-5,0,0,0|0|0,0|0|0,0.000,0.000,3514
L9-002,L9,l9-L9-002,"Tokenized T-bill (RWA-T) Uniswap V3 pool, $1 M tokens @ $100 NAV, daily vol $2 M, vol < 0.5%. Provide $5 M liquidity in 0.3% tier capturing ≥ 80 % volume, < 0.1 % impact on $50 k trades. Assume total pool = $8.5 M; you supply 59 % of active liquidity. Compute daily fee income. Optimize daily fee income using the supplied 59% active-liquidity share, 80% captured volume, and 0.3% fee tier.",mistralai/mistral-small-2603,0,0,0|0|0,0|0|0,0.000,0.000,1522
L9-003,L9,l9-L9-003,"Swap $2 M USDC→SOL across chains (ETH→SOL). Compare traditional route (USDC→WETH→bridge→SOL; 1.2 % aggregate route cost) vs Across intent-based solver (0.15 % aggregate solver cost). Assume SOL/USD reference price = $185.00 for both routes. Both costs apply to the full input notional, and no extra gas, bridge failure, MEV, slippage, or solver fee is added beyond the quoted percentages. Compute net SOL saved by Across versus the traditional route as USD cost delta converted to SOL.",mistralai/mistral-medium-3-5,0,0,0|0|0,0|0|0,0.000,0.000,1640
L9-003,L9,l9-L9-003,"Swap $2 M USDC→SOL across chains (ETH→SOL). Compare traditional route (USDC→WETH→bridge→SOL; 1.2 % aggregate route cost) vs Across intent-based solver (0.15 % aggregate solver cost). Assume SOL/USD reference price = $185.00 for both routes. Both costs apply to the full input notional, and no extra gas, bridge failure, MEV, slippage, or solver fee is added beyond the quoted percentages. Compute net SOL saved by Across versus the traditional route as USD cost delta converted to SOL.",mistralai/mistral-small-2603,1,0,0|0|1,0|0|1,0.333,0.000,2084
L9-004,L9,l9-L9-004,"stETH leverage via Aave V3 E-mode (95 % LTV). 10 ETH initial, 5 % depeg risk, slashing 0.5 %. Compute safe leverage, yield 3.4 %, borrow 2.9 %, gas $200/loop. Define safe leverage L as the maximum total exposure factor (1 + recursive borrow/redeposit) such that, after a simultaneous 5% depeg and 0.5% slashing event (combined 5.5% collateral value reduction), the resulting loan-to-value ratio does not exceed the E-mode maximum LTV of 95% (i.e., position remains within E-mode borrowing limits and not on the path to liquidation). Use debt = (L - 1) × initial collateral and post-shock collateral value = 0.945 × L × initial collateral; do not optimize for net yield or gas.",mistralai/mistral-medium-3-5,0,0,0|0|0,0|0|0,0.000,0.000,2156
L9-004,L9,l9-L9-004,"stETH leverage via Aave V3 E-mode (95 % LTV). 10 ETH initial, 5 % depeg risk, slashing 0.5 %. Compute safe leverage, yield 3.4 %, borrow 2.9 %, gas $200/loop. Define safe leverage L as the maximum total exposure factor (1 + recursive borrow/redeposit) such that, after a simultaneous 5% depeg and 0.5% slashing event (combined 5.5% collateral value reduction), the resulting loan-to-value ratio does not exceed the E-mode maximum LTV of 95% (i.e., position remains within E-mode borrowing limits and not on the path to liquidation). Use debt = (L - 1) × initial collateral and post-shock collateral value = 0.945 × L × initial collateral; do not optimize for net yield or gas.",mistralai/mistral-small-2603,0,0,0|0|0,0|0|0,0.000,0.000,1399
L9-005,L9,l9-L9-005,"Compound quorum reduced → 100 k votes. Aave borrow limit 60 % LTV, 200 k COMP liquidity, price $62. Find min capital to execute the same governance proposal on both Base (1 h finalization) and Arbitrum (7 d challenge window) using the SAME COMP balance on each chain — each chain independently requires 100k votes (no cross-chain vote multiplier; the attack exploits the finalization-window asymmetry to act on both before any chain can react). Assume attacker already controls 40 K COMP and only needs to borrow the remainder. Treat 1 COMP as 1 vote. Min capital means USD collateral posted to Aave at 60% LTV, not the market value of the borrowed COMP.",mistralai/mistral-medium-3-5,0,0,0|0|0,0|0|0,0.000,0.000,3414
L9-005,L9,l9-L9-005,"Compound quorum reduced → 100 k votes. Aave borrow limit 60 % LTV, 200 k COMP liquidity, price $62. Find min capital to execute the same governance proposal on both Base (1 h finalization) and Arbitrum (7 d challenge window) using the SAME COMP balance on each chain — each chain independently requires 100k votes (no cross-chain vote multiplier; the attack exploits the finalization-window asymmetry to act on both before any chain can react). Assume attacker already controls 40 K COMP and only needs to borrow the remainder. Treat 1 COMP as 1 vote. Min capital means USD collateral posted to Aave at 60% LTV, not the market value of the borrowed COMP.",mistralai/mistral-small-2603,0,0,0|0|0,0|0|0,0.000,0.000,1965
L9-006,L9,l9-L9-006,"BTC basis unwind decision. Position: long $50 M BTC spot on Coinbase at BTC = $100,000 and short $50 M BTC-PERP on Bybit. Crisis: Coinbase withdrawals are halted for 2 days and Bybit funding flips from +25% annualized to -80% annualized. Use the convention that negative funding means the short perp pays funding to longs. Compare exit plans: A) close the Bybit short now, leaving the Coinbase spot unhedged for 2 days with a 4% stress loss on full notional and no option, funding, or transfer cost; B) keep the short for 2 days, buy BTC puts on 13% of notional at an 8% premium, then after withdrawals reopen make one BTC transfer with a 0.0005 BTC fee and close both legs; C) transfer or sell Coinbase spot now, which is infeasible because withdrawals are halted. For expected_value, pick the feasible plan with the lowest USD loss. Include option premium, 2 days of -80% annualized funding paid by the short, and the one transfer fee in plan B; exclude basis PnL, option payoff, and foregone +25% pre-crisis funding.",mistralai/mistral-medium-3-5,0,0,0|0|0,0|0|0,0.000,0.000,3582
L9-006,L9,l9-L9-006,"BTC basis unwind decision. Position: long $50 M BTC spot on Coinbase at BTC = $100,000 and short $50 M BTC-PERP on Bybit. Crisis: Coinbase withdrawals are halted for 2 days and Bybit funding flips from +25% annualized to -80% annualized. Use the convention that negative funding means the short perp pays funding to longs. Compare exit plans: A) close the Bybit short now, leaving the Coinbase spot unhedged for 2 days with a 4% stress loss on full notional and no option, funding, or transfer cost; B) keep the short for 2 days, buy BTC puts on 13% of notional at an 8% premium, then after withdrawals reopen make one BTC transfer with a 0.0005 BTC fee and close both legs; C) transfer or sell Coinbase spot now, which is infeasible because withdrawals are halted. For expected_value, pick the feasible plan with the lowest USD loss. Include option premium, 2 days of -80% annualized funding paid by the short, and the one transfer fee in plan B; exclude basis PnL, option payoff, and foregone +25% pre-crisis funding.",mistralai/mistral-small-2603,0,0,0|0|0,0|0|0,0.000,0.000,1962
L9-007,L9,l9-L9-007,"Custom Uniswap V4 hook pool: $10 M active LP liquidity, $50 M volume/day, 80% of volume from arb bots. The hook charges only arb-bot flow an extra 0.03% fee; 100% of that hook fee is captured into LP-token buybacks and burned. Compare vanilla 0.3% fee APR to the hook design, but compute expected_value as the incremental hook-fee APR boost only, excluding the base 0.3% pool fees, gas, MEV rebates, protocol skim, compounding, and LP-token price drift. Use simple 365-day APR, constant liquidity, and constant bot share; verify the boost is hook_fee_revenue / active_LP_liquidity.",mistralai/mistral-medium-3-5,0,0,0|0|0,0|0|0,0.000,0.000,2143
L9-007,L9,l9-L9-007,"Custom Uniswap V4 hook pool: $10 M active LP liquidity, $50 M volume/day, 80% of volume from arb bots. The hook charges only arb-bot flow an extra 0.03% fee; 100% of that hook fee is captured into LP-token buybacks and burned. Compare vanilla 0.3% fee APR to the hook design, but compute expected_value as the incremental hook-fee APR boost only, excluding the base 0.3% pool fees, gas, MEV rebates, protocol skim, compounding, and LP-token price drift. Use simple 365-day APR, constant liquidity, and constant bot share; verify the boost is hook_fee_revenue / active_LP_liquidity.",mistralai/mistral-small-2603,0,0,0|0|0,0|0|0,0.000,0.000,1448
L9-008,L9,l9-L9-008,"stETH 3.2 % APR split into PT $0.97 + YT $0.031, 180 days to maturity. YT borrow 15 % APR, fee 0.1 %. Position $500 k. Compare the YT market price to fair yield value and compute the YT overpricing arbitrage only if market_YT > fair_YT: sell borrowed YT against $500,000 face value at market price 0.031. Fair YT value = 3.2% × 180/365. Borrow cost = 15% APR applied to YT sale proceeds for 180/365 years. Fee = 0.1% of face value. Net profit = (market_YT - fair_YT) × face_value - borrow_cost - fee.",mistralai/mistral-medium-3-5,0,0,0|0|0,0|0|0,0.000,0.000,5130
L9-008,L9,l9-L9-008,"stETH 3.2 % APR split into PT $0.97 + YT $0.031, 180 days to maturity. YT borrow 15 % APR, fee 0.1 %. Position $500 k. Compare the YT market price to fair yield value and compute the YT overpricing arbitrage only if market_YT > fair_YT: sell borrowed YT against $500,000 face value at market price 0.031. Fair YT value = 3.2% × 180/365. Borrow cost = 15% APR applied to YT sale proceeds for 180/365 years. Fee = 0.1% of face value. Net profit = (market_YT - fair_YT) × face_value - borrow_cost - fee.",mistralai/mistral-small-2603,0,0,0|0|0,0|0|0,0.000,0.000,1843
L9-009,L9,l9-L9-009,"Restake 100 stETH across 5 AVSs and pick exactly 3 eligible AVSs by max risk-adjusted return. Net score = headline yield - multiplier × slashing_loss, with all terms in APR percentage points. Eligibility constraints: net score must be at least 6%, slashing multiplier must be ≤3, withdrawal delay must be ≤7 days, and oracle freshness must be ≤30 minutes. Data: A1 yield 8%, slashing 2 × 0.5%, delay 2 days, oracle age 10 minutes; A2 yield 12%, slashing 3 × 1%, delay 7 days, oracle age 25 minutes; A3 yield 6%, slashing 0.5 × 0.2%, delay 1 day, oracle age 5 minutes; A4 yield 15%, slashing 5 × 2%, delay 14 days, oracle age 10 minutes; A5 yield 10%, slashing 2.5 × 0.8%, delay 3 days, oracle age 15 minutes. Return only the unordered set of selected AVS IDs; do not allocate weights across the 100 stETH.",mistralai/mistral-medium-3-5,3,1,1|1|1,1|1|1,1.000,1.000,1617
L9-009,L9,l9-L9-009,"Restake 100 stETH across 5 AVSs and pick exactly 3 eligible AVSs by max risk-adjusted return. Net score = headline yield - multiplier × slashing_loss, with all terms in APR percentage points. Eligibility constraints: net score must be at least 6%, slashing multiplier must be ≤3, withdrawal delay must be ≤7 days, and oracle freshness must be ≤30 minutes. Data: A1 yield 8%, slashing 2 × 0.5%, delay 2 days, oracle age 10 minutes; A2 yield 12%, slashing 3 × 1%, delay 7 days, oracle age 25 minutes; A3 yield 6%, slashing 0.5 × 0.2%, delay 1 day, oracle age 5 minutes; A4 yield 15%, slashing 5 × 2%, delay 14 days, oracle age 10 minutes; A5 yield 10%, slashing 2.5 × 0.8%, delay 3 days, oracle age 15 minutes. Return only the unordered set of selected AVS IDs; do not allocate weights across the 100 stETH.",mistralai/mistral-small-2603,1,0,0|0|1,0|0|1,0.333,0.000,1360
L9-010,L9,l9-L9-010,"Flash loan 10 M USDC (0.05 % fee) → pump price +4 % → liquidations $850 k profit. Costs = $85 k total (loan + gas + slippage + MEV). 30 % frontrun risk. If frontrun (30 %), attacker also incurs $25 K MEV protection costs (total loss $110 K). Compute expected value.",mistralai/mistral-medium-3-5,3,1,1|1|1,1|1|1,1.000,1.000,1188
L9-010,L9,l9-L9-010,"Flash loan 10 M USDC (0.05 % fee) → pump price +4 % → liquidations $850 k profit. Costs = $85 k total (loan + gas + slippage + MEV). 30 % frontrun risk. If frontrun (30 %), attacker also incurs $25 K MEV protection costs (total loss $110 K). Compute expected value.",mistralai/mistral-small-2603,0,0,0|0|0,0|0|0,0.000,0.000,2043
L9-011,L9,l9-L9-011,"Refuse-to-trade decision for a $1,000,000 USDC cross-chain liquidation backrun. Execute only if a route has net expected USD profit > 0 and all hard constraints pass: max slippage 0.40%, oracle age ≤60 seconds, settlement ≤12 minutes, and required capital ≤$1,000,000. Evaluate all routes and return no_action if none qualify. Route A Uniswap v3 Ethereum→Arbitrum: gross liquidation edge $11,200, gas $1,600, pool fee $3,000, slippage 0.55% of notional, MEV expected loss 40% × $8,000, oracle age 45 seconds, settlement 9 minutes. Route B RFQ solver via bridge: gross edge $18,000, solver fee $2,000, bridge fee $1,500, counterparty default expected loss 5% × $400,000, slippage 0.10%, oracle age 30 seconds, settlement 18 minutes. Route C CEX hedge plus bridge unwind: gross edge $9,500, taker and withdrawal fees $2,200, borrow cost $1,800, exploit-risk expected loss 2% × $300,000, slippage 0.20%, oracle age 75 seconds, settlement 10 minutes. Compute each route net EV after costs and risk, reject hard-constraint violations, and report top-level expected_value = 0 only if abstaining.",mistralai/mistral-medium-3-5,3,1,1|1|1,1|1|1,1.000,1.000,1863
L9-011,L9,l9-L9-011,"Refuse-to-trade decision for a $1,000,000 USDC cross-chain liquidation backrun. Execute only if a route has net expected USD profit > 0 and all hard constraints pass: max slippage 0.40%, oracle age ≤60 seconds, settlement ≤12 minutes, and required capital ≤$1,000,000. Evaluate all routes and return no_action if none qualify. Route A Uniswap v3 Ethereum→Arbitrum: gross liquidation edge $11,200, gas $1,600, pool fee $3,000, slippage 0.55% of notional, MEV expected loss 40% × $8,000, oracle age 45 seconds, settlement 9 minutes. Route B RFQ solver via bridge: gross edge $18,000, solver fee $2,000, bridge fee $1,500, counterparty default expected loss 5% × $400,000, slippage 0.10%, oracle age 30 seconds, settlement 18 minutes. Route C CEX hedge plus bridge unwind: gross edge $9,500, taker and withdrawal fees $2,200, borrow cost $1,800, exploit-risk expected loss 2% × $300,000, slippage 0.20%, oracle age 75 seconds, settlement 10 minutes. Compute each route net EV after costs and risk, reject hard-constraint violations, and report top-level expected_value = 0 only if abstaining.",mistralai/mistral-small-2603,3,1,1|1|1,1|1|1,1.000,1.000,1398
L9-012,L9,l9-L9-012,"Refuse-to-trade decision for deploying 100 stETH for 90 days during a restaking incident. Compare, compute, and select/abstain across three risk-adjusted restaking expected value options. ETH = $3,200, so principal is $320,000. Execute only if an option has net USD expected value > 0 after costs and risk, expected slashing ≤1.5% of principal, withdrawal delay ≤7 days, oracle age ≤20 minutes, and capacity ≥100 stETH. Evaluate all options and return no_action if none qualify. Option R1 EigenLayer AVS: yield 9% APR, operator fee 0.4% APR, expected slashing 2.2% of principal, gas $300, withdrawal delay 5 days, oracle age 10 minutes, capacity 150 stETH. Option R2 Symbiotic AVS: yield 13% APR, operator fee 0.6% APR, expected slashing 3.0% of principal, gas $500, withdrawal delay 10 days, oracle age 8 minutes, capacity 300 stETH. Option R3 bridge-wrapped AVS: yield 6% APR, operator fee 0.2% APR, expected slashing 0.8% of principal, liquidity haircut $2,000, gas $250, withdrawal delay 2 days, oracle age 35 minutes, capacity 120 stETH. For each option, net USD expected value = principal × yield × 90/365 - principal × operator_fee × 90/365 - expected_slashing_dollars - fixed costs/haircuts. Reject any option with negative net EV or a hard constraint violation, and report top-level expected_value = 0 only if abstaining.",mistralai/mistral-medium-3-5,3,1,1|1|1,1|1|1,1.000,1.000,1399
L9-012,L9,l9-L9-012,"Refuse-to-trade decision for deploying 100 stETH for 90 days during a restaking incident. Compare, compute, and select/abstain across three risk-adjusted restaking expected value options. ETH = $3,200, so principal is $320,000. Execute only if an option has net USD expected value > 0 after costs and risk, expected slashing ≤1.5% of principal, withdrawal delay ≤7 days, oracle age ≤20 minutes, and capacity ≥100 stETH. Evaluate all options and return no_action if none qualify. Option R1 EigenLayer AVS: yield 9% APR, operator fee 0.4% APR, expected slashing 2.2% of principal, gas $300, withdrawal delay 5 days, oracle age 10 minutes, capacity 150 stETH. Option R2 Symbiotic AVS: yield 13% APR, operator fee 0.6% APR, expected slashing 3.0% of principal, gas $500, withdrawal delay 10 days, oracle age 8 minutes, capacity 300 stETH. Option R3 bridge-wrapped AVS: yield 6% APR, operator fee 0.2% APR, expected slashing 0.8% of principal, liquidity haircut $2,000, gas $250, withdrawal delay 2 days, oracle age 35 minutes, capacity 120 stETH. For each option, net USD expected value = principal × yield × 90/365 - principal × operator_fee × 90/365 - expected_slashing_dollars - fixed costs/haircuts. Reject any option with negative net EV or a hard constraint violation, and report top-level expected_value = 0 only if abstaining.",mistralai/mistral-small-2603,3,1,1|1|1,1|1|1,1.000,1.000,1258
L9-013,L9,l9-L9-013,"Carry basis funding arbitrage, high-funding positive basis. Compare execute vs no-action for a delta-neutral ETH trade across Coinbase spot vs Hyperliquid ETH-PERP, with USDC collateral on Base/ETH and a bridge unwind through Arb. Capital $1,200,000, trade notional $2,880,000, horizon 3 days. The perp is richer than spot by 0.64%; positive funding means the short perp receives 0.045% per 8 hours. Fees and slippage across spot, perp, bridge, gas, and solver are 0.18% of notional plus $420 fixed. Borrow drag is 7.0% APR for the horizon and liquidation buffer reserve is $1,800. Execute only if net annualized return on equity is > 25%, slippage stays <= 0.35%, and the bridge window is <= 24 hours; otherwise return no_action. Compute expected_value as annualized APR percentage for the best feasible action: (basis capture + funding - percent costs - fixed costs - borrow drag - buffer reserve) / capital * 365 / days.",mistralai/mistral-medium-3-5,0,0,0|0|0,0|0|0,0.000,0.000,3209
L9-013,L9,l9-L9-013,"Carry basis funding arbitrage, high-funding positive basis. Compare execute vs no-action for a delta-neutral ETH trade across Coinbase spot vs Hyperliquid ETH-PERP, with USDC collateral on Base/ETH and a bridge unwind through Arb. Capital $1,200,000, trade notional $2,880,000, horizon 3 days. The perp is richer than spot by 0.64%; positive funding means the short perp receives 0.045% per 8 hours. Fees and slippage across spot, perp, bridge, gas, and solver are 0.18% of notional plus $420 fixed. Borrow drag is 7.0% APR for the horizon and liquidation buffer reserve is $1,800. Execute only if net annualized return on equity is > 25%, slippage stays <= 0.35%, and the bridge window is <= 24 hours; otherwise return no_action. Compute expected_value as annualized APR percentage for the best feasible action: (basis capture + funding - percent costs - fixed costs - borrow drag - buffer reserve) / capital * 365 / days.",mistralai/mistral-small-2603,0,0,0|0|0,0|0|0,0.000,0.000,1712
L9-014,L9,l9-L9-014,"Cross-chain route cost selection, solver cheap but bridge-risk visible. Swap $2,400,000 USDC into SOL from ETH to Solana; reference SOL price is $150. Compare Uniswap/Across/solver/bridge/CEX routes and select the feasible route with lowest all-in USD cost before converting to output tokens. Hard constraints: settlement <= 20 minutes, oracle age <= 60 seconds, capacity >= notional, and slippage+risk must be included. Route A Uniswap WETH hop plus bridge: percent cost 0.62%, fixed $2,600, expected risk 0.00% of notional, settlement 18 minutes, oracle age 42 seconds, capacity $5,000,000; Route B Across intent solver: percent cost 0.18%, fixed $3,100, expected risk 0.03% of notional, settlement 11 minutes, oracle age 35 seconds, capacity $3,000,000; Route C direct bridge with DEX out: percent cost 0.26%, fixed $1,600, expected risk 0.12% of notional, settlement 16 minutes, oracle age 50 seconds, capacity $2,800,000. Compute each route cost = percent cost*notional + fixed + expected risk*notional. expected_value is USD saved by the best feasible route vs the second-best feasible route; also mention resulting extra SOL = USD_saved / price.",mistralai/mistral-medium-3-5,0,0,0|0|0,0|0|0,0.000,0.000,3817
L9-014,L9,l9-L9-014,"Cross-chain route cost selection, solver cheap but bridge-risk visible. Swap $2,400,000 USDC into SOL from ETH to Solana; reference SOL price is $150. Compare Uniswap/Across/solver/bridge/CEX routes and select the feasible route with lowest all-in USD cost before converting to output tokens. Hard constraints: settlement <= 20 minutes, oracle age <= 60 seconds, capacity >= notional, and slippage+risk must be included. Route A Uniswap WETH hop plus bridge: percent cost 0.62%, fixed $2,600, expected risk 0.00% of notional, settlement 18 minutes, oracle age 42 seconds, capacity $5,000,000; Route B Across intent solver: percent cost 0.18%, fixed $3,100, expected risk 0.03% of notional, settlement 11 minutes, oracle age 35 seconds, capacity $3,000,000; Route C direct bridge with DEX out: percent cost 0.26%, fixed $1,600, expected risk 0.12% of notional, settlement 16 minutes, oracle age 50 seconds, capacity $2,800,000. Compute each route cost = percent cost*notional + fixed + expected risk*notional. expected_value is USD saved by the best feasible route vs the second-best feasible route; also mention resulting extra SOL = USD_saved / price.",mistralai/mistral-small-2603,0,0,0|0|0,0|0|0,0.000,0.000,2149
L9-015,L9,l9-L9-015,"Collateral leverage liquidation control, stETH depeg protection. A Aave V3 E-mode position on Base/ETH uses 800 stETH collateral at $3,200 and $1,950,000 USDC debt, with Aave/Compound oracle cross-check and bridge unwind available. Liquidation threshold is 86.0%. Stress branch: if stETH depegs or falls 8.0%, maintain target health factor >= 1.25; if the post-shock HF would be below target, repay USDC rather than add collateral. Closing loops adds $4,500 gas, slippage, and solver fees to debt before repay. Compute expected_value as the minimum USDC debt reduction required after fees. Formula: max(0, current debt + fees - collateral value * LT * (1 - shock) / target HF). Also report pre-repay HF and reject any borrow-more action.",mistralai/mistral-medium-3-5,0,0,0|0|0,0|0|0,0.000,0.000,4217
L9-015,L9,l9-L9-015,"Collateral leverage liquidation control, stETH depeg protection. A Aave V3 E-mode position on Base/ETH uses 800 stETH collateral at $3,200 and $1,950,000 USDC debt, with Aave/Compound oracle cross-check and bridge unwind available. Liquidation threshold is 86.0%. Stress branch: if stETH depegs or falls 8.0%, maintain target health factor >= 1.25; if the post-shock HF would be below target, repay USDC rather than add collateral. Closing loops adds $4,500 gas, slippage, and solver fees to debt before repay. Compute expected_value as the minimum USDC debt reduction required after fees. Formula: max(0, current debt + fees - collateral value * LT * (1 - shock) / target HF). Also report pre-repay HF and reject any borrow-more action.",mistralai/mistral-small-2603,0,0,0|0|0,0|0|0,0.000,0.000,2464
L9-016,L9,l9-L9-016,"Staking/restaking risk selection, oracle-fresh AVS rotation. Restake 100 stETH across EigenLayer/Symbiotic-style AVSs and pick exactly 3 eligible AVSs by highest risk-adjusted APR. Net score = headline yield - operator fee - slashing multiplier * expected slashing loss, all in APR percentage points. Eligibility constraints: net score >= 5.5%, slashing multiplier <= 3, withdrawal delay <= 7 days, oracle freshness <= 30 minutes, and capacity >= 100 stETH. Data: A1 yield 9%, operator fee 0.5%, slashing 2 x 0.6%, delay 4 days, oracle age 12 minutes, capacity 150 stETH; A2 yield 12%, operator fee 0.7%, slashing 4 x 1.2%, delay 6 days, oracle age 15 minutes, capacity 250 stETH; A3 yield 8.5%, operator fee 0.4%, slashing 1.5 x 0.4%, delay 3 days, oracle age 20 minutes, capacity 120 stETH; A4 yield 7%, operator fee 0.2%, slashing 1 x 0.8%, delay 10 days, oracle age 8 minutes, capacity 200 stETH; A5 yield 10%, operator fee 0.6%, slashing 2.2 x 0.7%, delay 5 days, oracle age 18 minutes, capacity 180 stETH. Return only the unordered set of selected AVS IDs; do not allocate weights, and reject any AVS that fails a hard constraint even if its yield is high.",mistralai/mistral-medium-3-5,3,1,1|1|1,1|1|1,1.000,1.000,3302
L9-016,L9,l9-L9-016,"Staking/restaking risk selection, oracle-fresh AVS rotation. Restake 100 stETH across EigenLayer/Symbiotic-style AVSs and pick exactly 3 eligible AVSs by highest risk-adjusted APR. Net score = headline yield - operator fee - slashing multiplier * expected slashing loss, all in APR percentage points. Eligibility constraints: net score >= 5.5%, slashing multiplier <= 3, withdrawal delay <= 7 days, oracle freshness <= 30 minutes, and capacity >= 100 stETH. Data: A1 yield 9%, operator fee 0.5%, slashing 2 x 0.6%, delay 4 days, oracle age 12 minutes, capacity 150 stETH; A2 yield 12%, operator fee 0.7%, slashing 4 x 1.2%, delay 6 days, oracle age 15 minutes, capacity 250 stETH; A3 yield 8.5%, operator fee 0.4%, slashing 1.5 x 0.4%, delay 3 days, oracle age 20 minutes, capacity 120 stETH; A4 yield 7%, operator fee 0.2%, slashing 1 x 0.8%, delay 10 days, oracle age 8 minutes, capacity 200 stETH; A5 yield 10%, operator fee 0.6%, slashing 2.2 x 0.7%, delay 5 days, oracle age 18 minutes, capacity 180 stETH. Return only the unordered set of selected AVS IDs; do not allocate weights, and reject any AVS that fails a hard constraint even if its yield is high.",mistralai/mistral-small-2603,3,1,1|1|1,1|1|1,1.000,1.000,3689
L9-017,L9,l9-L9-017,"Flash-loan exploit EV triage, oracle lag with moderate frontrun risk. A white-hat simulation considers a $15,000,000 USDC flash loan through Uniswap/Aave, with oracle manipulation, liquidations, MEV auction risk, and CEX hedge unwind. Gross liquidation profit if the bundle lands is $980,000. Costs on success: flash loan fee 0.05% of loan, gas $65,000, slippage $120,000, MEV payment $90,000. Success probability is 72%; if it fails or is frontrun, realized loss is flash-loan fee + gas + extra protection cost $85,000 and no liquidation profit. Hard constraints: oracle age <= 45 seconds, liquidation liquidity >= $1,200,000, and expected EV must be > 0 to execute. Current oracle age 28 seconds and liquidation liquidity $1,600,000. Compute expected_value as probability-weighted USD EV after all costs; abstain only if EV <= 0 or a hard constraint fails.",mistralai/mistral-medium-3-5,0,0,0|0|0,0|0|0,0.000,0.000,2615
L9-017,L9,l9-L9-017,"Flash-loan exploit EV triage, oracle lag with moderate frontrun risk. A white-hat simulation considers a $15,000,000 USDC flash loan through Uniswap/Aave, with oracle manipulation, liquidations, MEV auction risk, and CEX hedge unwind. Gross liquidation profit if the bundle lands is $980,000. Costs on success: flash loan fee 0.05% of loan, gas $65,000, slippage $120,000, MEV payment $90,000. Success probability is 72%; if it fails or is frontrun, realized loss is flash-loan fee + gas + extra protection cost $85,000 and no liquidation profit. Hard constraints: oracle age <= 45 seconds, liquidation liquidity >= $1,200,000, and expected EV must be > 0 to execute. Current oracle age 28 seconds and liquidation liquidity $1,600,000. Compute expected_value as probability-weighted USD EV after all costs; abstain only if EV <= 0 or a hard constraint fails.",mistralai/mistral-small-2603,0,0,0|0|0,0|0|0,0.000,0.000,1892
L9-018,L9,l9-L9-018,"Fee APR annualization, bot-only fee capture. A Uniswap V4 hook RWA-T/USDC pool/hook strategy has $12,000,000 active liquidity, $28,000,000 daily volume, and 55% of volume eligible for the incremental fee. Incremental fee is 0.025%; LP capture is 90%, protocol skim is 10%, and keeper/gas/solver overhead is $900 per day. Compare the incremental design vs vanilla Uniswap/Pendle base fees, but expected_value must be only the incremental simple APR percentage: ((daily volume * eligible share * incremental fee * capture * (1 - skim) - daily fixed overhead) * 365) / active liquidity. Check whether incremental APR is positive after a 20% daily-volume stress and oracle age <= 30 minutes; expected_value remains the base-case incremental APR. Exclude compounding, LP-token price drift, base pool fees, and rewards.",mistralai/mistral-medium-3-5,0,0,0|0|0,0|0|0,0.000,0.000,1537
L9-018,L9,l9-L9-018,"Fee APR annualization, bot-only fee capture. A Uniswap V4 hook RWA-T/USDC pool/hook strategy has $12,000,000 active liquidity, $28,000,000 daily volume, and 55% of volume eligible for the incremental fee. Incremental fee is 0.025%; LP capture is 90%, protocol skim is 10%, and keeper/gas/solver overhead is $900 per day. Compare the incremental design vs vanilla Uniswap/Pendle base fees, but expected_value must be only the incremental simple APR percentage: ((daily volume * eligible share * incremental fee * capture * (1 - skim) - daily fixed overhead) * 365) / active liquidity. Check whether incremental APR is positive after a 20% daily-volume stress and oracle age <= 30 minutes; expected_value remains the base-case incremental APR. Exclude compounding, LP-token price drift, base pool fees, and rewards.",mistralai/mistral-small-2603,0,0,0|0|0,0|0|0,0.000,0.000,1523
L9-019,L9,l9-L9-019,"Governance incentive capital action, cross-chain snapshot bribe. A DAO vote spans Compound/Aave style lending, Base and Arb bridge snapshots, and CEX liquidity. Proposal benefit if passed is $1,800,000, but probability of passage after incentives is 64%. Quorum/control target is 120,000 COMP votes; treasury already controls 42,000 COMP. Missing votes can be rented with bribes at $3 per COMP vote or borrowed at $62 spot price with 18.0% APR for 10 days. Bridge, gas, delegation, and solver costs are $18,000. There is a 4.0% chance of an adverse governance delay costing $900,000. Execute only if net expected USD profit is positive and missing votes <= on-chain lendable liquidity; lendable liquidity is 93,000 COMP. Compute expected_value = pass probability*benefit - bribe cost - borrow interest - bridge/gas/delegation costs - expected delay loss. Also state missing votes and reject no_action if EV is positive.",mistralai/mistral-medium-3-5,0,0,0|0|0,0|0|0,0.000,0.000,3744
L9-019,L9,l9-L9-019,"Governance incentive capital action, cross-chain snapshot bribe. A DAO vote spans Compound/Aave style lending, Base and Arb bridge snapshots, and CEX liquidity. Proposal benefit if passed is $1,800,000, but probability of passage after incentives is 64%. Quorum/control target is 120,000 COMP votes; treasury already controls 42,000 COMP. Missing votes can be rented with bribes at $3 per COMP vote or borrowed at $62 spot price with 18.0% APR for 10 days. Bridge, gas, delegation, and solver costs are $18,000. There is a 4.0% chance of an adverse governance delay costing $900,000. Execute only if net expected USD profit is positive and missing votes <= on-chain lendable liquidity; lendable liquidity is 93,000 COMP. Compute expected_value = pass probability*benefit - bribe cost - borrow interest - bridge/gas/delegation costs - expected delay loss. Also state missing votes and reject no_action if EV is positive.",mistralai/mistral-small-2603,0,0,0|0|0,0|0|0,0.000,0.000,2958
L9-020,L9,l9-L9-020,"Refuse-to-trade decision, liquidation backrun during stale oracle window. Evaluate a $1,000,000 USDC opportunity across Uniswap/Aave/Compound, CEX hedge, bridge, oracle, solver, and MEV routes. Execute only if an option has net expected USD profit > 0 and all hard constraints pass: max slippage 0.40%, oracle age <= 60 seconds, settlement <= 12 minutes, and required capital <= $1,000,000. Option A Uniswap v3 ETH to Arb backrun: gross edge $14,200, fixed costs $4,100, slippage 0.52% of notional, expected risk 25.0% * $28,000, oracle age 45 seconds, settlement 9 minutes, required capital $900,000; Option B RFQ solver bridge: gross edge $26,000, fixed costs $5,200, slippage 0.15% of notional, expected risk 6.0% * $420,000, oracle age 38 seconds, settlement 18 minutes, required capital $950,000; Option C CEX hedge plus bridge unwind: gross edge $11,800, fixed costs $4,600, slippage 0.20% of notional, expected risk 3.0% * $300,000, oracle age 72 seconds, settlement 10 minutes, required capital $980,000. For each option, net EV = gross edge - fixed costs - slippage dollars - expected risk loss. Reject hard-constraint violations even if net EV is positive. Return no_action if no option is both positive-EV and feasible.",mistralai/mistral-medium-3-5,0,0,0|0|0,0|0|0,0.000,0.000,1469
L9-020,L9,l9-L9-020,"Refuse-to-trade decision, liquidation backrun during stale oracle window. Evaluate a $1,000,000 USDC opportunity across Uniswap/Aave/Compound, CEX hedge, bridge, oracle, solver, and MEV routes. Execute only if an option has net expected USD profit > 0 and all hard constraints pass: max slippage 0.40%, oracle age <= 60 seconds, settlement <= 12 minutes, and required capital <= $1,000,000. Option A Uniswap v3 ETH to Arb backrun: gross edge $14,200, fixed costs $4,100, slippage 0.52% of notional, expected risk 25.0% * $28,000, oracle age 45 seconds, settlement 9 minutes, required capital $900,000; Option B RFQ solver bridge: gross edge $26,000, fixed costs $5,200, slippage 0.15% of notional, expected risk 6.0% * $420,000, oracle age 38 seconds, settlement 18 minutes, required capital $950,000; Option C CEX hedge plus bridge unwind: gross edge $11,800, fixed costs $4,600, slippage 0.20% of notional, expected risk 3.0% * $300,000, oracle age 72 seconds, settlement 10 minutes, required capital $980,000. For each option, net EV = gross edge - fixed costs - slippage dollars - expected risk loss. Reject hard-constraint violations even if net EV is positive. Return no_action if no option is both positive-EV and feasible.",mistralai/mistral-small-2603,3,1,1|1|1,1|1|1,1.000,1.000,1156
L9-021,L9,l9-L9-021,"Carry basis funding arbitrage, short horizon funding spike. Compare execute vs no-action for a delta-neutral SOL trade across Bybit SOL-PERP vs Coinbase spot, with USDC collateral on Base/ETH and a bridge unwind through Arb. Capital $750,000, trade notional $1,650,000, horizon 2 days. The perp is richer than spot by 0.48%; positive funding means the short perp receives 0.062% per 8 hours. Fees and slippage across spot, perp, bridge, gas, and solver are 0.21% of notional plus $650 fixed. Borrow drag is 11.0% APR for the horizon and liquidation buffer reserve is $2,500. Execute only if net annualized return on equity is > 25%, slippage stays <= 0.35%, and the bridge window is <= 16 hours; otherwise return no_action. Compute expected_value as annualized APR percentage for the best feasible action: (basis capture + funding - percent costs - fixed costs - borrow drag - buffer reserve) / capital * 365 / days.",mistralai/mistral-medium-3-5,0,0,0|0|0,0|0|0,0.000,0.000,3167
L9-021,L9,l9-L9-021,"Carry basis funding arbitrage, short horizon funding spike. Compare execute vs no-action for a delta-neutral SOL trade across Bybit SOL-PERP vs Coinbase spot, with USDC collateral on Base/ETH and a bridge unwind through Arb. Capital $750,000, trade notional $1,650,000, horizon 2 days. The perp is richer than spot by 0.48%; positive funding means the short perp receives 0.062% per 8 hours. Fees and slippage across spot, perp, bridge, gas, and solver are 0.21% of notional plus $650 fixed. Borrow drag is 11.0% APR for the horizon and liquidation buffer reserve is $2,500. Execute only if net annualized return on equity is > 25%, slippage stays <= 0.35%, and the bridge window is <= 16 hours; otherwise return no_action. Compute expected_value as annualized APR percentage for the best feasible action: (basis capture + funding - percent costs - fixed costs - borrow drag - buffer reserve) / capital * 365 / days.",mistralai/mistral-small-2603,0,0,0|0|0,0|0|0,0.000,0.000,2201
L9-022,L9,l9-L9-022,"Cross-chain route cost selection, CEX hedge available but solver wins. Swap $1,750,000 USDC into ETH from Base to Arb; reference ETH price is $3,500. Compare Uniswap/Across/solver/bridge/CEX routes and select the feasible route with lowest all-in USD cost before converting to output tokens. Hard constraints: settlement <= 16 minutes, oracle age <= 60 seconds, capacity >= notional, and slippage+risk must be included. Route A Uniswap pool then canonical bridge: percent cost 0.41%, fixed $1,800, expected risk 0.04% of notional, settlement 14 minutes, oracle age 40 seconds, capacity $4,000,000; Route B Across solver with RFQ fill: percent cost 0.24%, fixed $2,500, expected risk 0.02% of notional, settlement 8 minutes, oracle age 28 seconds, capacity $2,500,000; Route C CEX transfer hedge: percent cost 0.30%, fixed $1,300, expected risk 0.08% of notional, settlement 15 minutes, oracle age 52 seconds, capacity $1,800,000. Compute each route cost = percent cost*notional + fixed + expected risk*notional. expected_value is USD saved by the best feasible route vs the second-best feasible route; also mention resulting extra ETH = USD_saved / price.",mistralai/mistral-medium-3-5,0,0,0|0|0,0|0|0,0.000,0.000,7407
L9-022,L9,l9-L9-022,"Cross-chain route cost selection, CEX hedge available but solver wins. Swap $1,750,000 USDC into ETH from Base to Arb; reference ETH price is $3,500. Compare Uniswap/Across/solver/bridge/CEX routes and select the feasible route with lowest all-in USD cost before converting to output tokens. Hard constraints: settlement <= 16 minutes, oracle age <= 60 seconds, capacity >= notional, and slippage+risk must be included. Route A Uniswap pool then canonical bridge: percent cost 0.41%, fixed $1,800, expected risk 0.04% of notional, settlement 14 minutes, oracle age 40 seconds, capacity $4,000,000; Route B Across solver with RFQ fill: percent cost 0.24%, fixed $2,500, expected risk 0.02% of notional, settlement 8 minutes, oracle age 28 seconds, capacity $2,500,000; Route C CEX transfer hedge: percent cost 0.30%, fixed $1,300, expected risk 0.08% of notional, settlement 15 minutes, oracle age 52 seconds, capacity $1,800,000. Compute each route cost = percent cost*notional + fixed + expected risk*notional. expected_value is USD saved by the best feasible route vs the second-best feasible route; also mention resulting extra ETH = USD_saved / price.",mistralai/mistral-small-2603,0,0,0|0|0,0|0|0,0.000,0.000,2556
L9-023,L9,l9-L9-023,"Collateral leverage liquidation control, WBTC gap-down margin control. A Compound III position on Base/ETH uses 50 BTC collateral at $100,000 and $3,150,000 USDC debt, with Aave/Compound oracle cross-check and bridge unwind available. Liquidation threshold is 78.0%. Stress branch: if BTC depegs or falls 12.0%, maintain target health factor >= 1.3; if the post-shock HF would be below target, repay USDC rather than add collateral. Closing loops adds $8,000 gas, slippage, and solver fees to debt before repay. Compute expected_value as the minimum USDC debt reduction required after fees. Formula: max(0, current debt + fees - collateral value * LT * (1 - shock) / target HF). Also report pre-repay HF and reject any borrow-more action.",mistralai/mistral-medium-3-5,0,0,0|0|0,0|0|0,0.000,0.000,3051
L9-023,L9,l9-L9-023,"Collateral leverage liquidation control, WBTC gap-down margin control. A Compound III position on Base/ETH uses 50 BTC collateral at $100,000 and $3,150,000 USDC debt, with Aave/Compound oracle cross-check and bridge unwind available. Liquidation threshold is 78.0%. Stress branch: if BTC depegs or falls 12.0%, maintain target health factor >= 1.3; if the post-shock HF would be below target, repay USDC rather than add collateral. Closing loops adds $8,000 gas, slippage, and solver fees to debt before repay. Compute expected_value as the minimum USDC debt reduction required after fees. Formula: max(0, current debt + fees - collateral value * LT * (1 - shock) / target HF). Also report pre-repay HF and reject any borrow-more action.",mistralai/mistral-small-2603,0,0,0|0|0,0|0|0,0.000,0.000,1906
L9-024,L9,l9-L9-024,"Staking/restaking risk selection, high-yield but delay-capped restaking. Restake 150 stETH across EigenLayer/Symbiotic-style AVSs and pick exactly 3 eligible AVSs by highest risk-adjusted APR. Net score = headline yield - operator fee - slashing multiplier * expected slashing loss, all in APR percentage points. Eligibility constraints: net score >= 6%, slashing multiplier <= 3.5, withdrawal delay <= 8 days, oracle freshness <= 25 minutes, and capacity >= 150 stETH. Data: A1 yield 7.4%, operator fee 0.3%, slashing 1.4 x 0.5%, delay 3 days, oracle age 12 minutes, capacity 180 stETH; A2 yield 11.2%, operator fee 0.8%, slashing 2.5 x 0.9%, delay 7 days, oracle age 20 minutes, capacity 220 stETH; A3 yield 13.5%, operator fee 1%, slashing 4 x 1.1%, delay 5 days, oracle age 18 minutes, capacity 400 stETH; A4 yield 9.4%, operator fee 0.4%, slashing 1.8 x 0.6%, delay 6 days, oracle age 23 minutes, capacity 170 stETH; A5 yield 10.1%, operator fee 0.5%, slashing 2 x 0.7%, delay 4 days, oracle age 10 minutes, capacity 260 stETH. Return only the unordered set of selected AVS IDs; do not allocate weights, and reject any AVS that fails a hard constraint even if its yield is high.",mistralai/mistral-medium-3-5,3,1,1|1|1,1|1|1,1.000,1.000,2304
L9-024,L9,l9-L9-024,"Staking/restaking risk selection, high-yield but delay-capped restaking. Restake 150 stETH across EigenLayer/Symbiotic-style AVSs and pick exactly 3 eligible AVSs by highest risk-adjusted APR. Net score = headline yield - operator fee - slashing multiplier * expected slashing loss, all in APR percentage points. Eligibility constraints: net score >= 6%, slashing multiplier <= 3.5, withdrawal delay <= 8 days, oracle freshness <= 25 minutes, and capacity >= 150 stETH. Data: A1 yield 7.4%, operator fee 0.3%, slashing 1.4 x 0.5%, delay 3 days, oracle age 12 minutes, capacity 180 stETH; A2 yield 11.2%, operator fee 0.8%, slashing 2.5 x 0.9%, delay 7 days, oracle age 20 minutes, capacity 220 stETH; A3 yield 13.5%, operator fee 1%, slashing 4 x 1.1%, delay 5 days, oracle age 18 minutes, capacity 400 stETH; A4 yield 9.4%, operator fee 0.4%, slashing 1.8 x 0.6%, delay 6 days, oracle age 23 minutes, capacity 170 stETH; A5 yield 10.1%, operator fee 0.5%, slashing 2 x 0.7%, delay 4 days, oracle age 10 minutes, capacity 260 stETH. Return only the unordered set of selected AVS IDs; do not allocate weights, and reject any AVS that fails a hard constraint even if its yield is high.",mistralai/mistral-small-2603,0,0,0|0|0,0|0|0,0.000,0.000,1468
L9-025,L9,l9-L9-025,"Flash-loan exploit EV triage, thin liquidation book with high loan fee. A white-hat simulation considers a $8,000,000 USDC flash loan through Uniswap/Aave, with oracle manipulation, liquidations, MEV auction risk, and CEX hedge unwind. Gross liquidation profit if the bundle lands is $620,000. Costs on success: flash loan fee 0.09% of loan, gas $52,000, slippage $76,000, MEV payment $65,000. Success probability is 68%; if it fails or is frontrun, realized loss is flash-loan fee + gas + extra protection cost $60,000 and no liquidation profit. Hard constraints: oracle age <= 45 seconds, liquidation liquidity >= $640,000, and expected EV must be > 0 to execute. Current oracle age 35 seconds and liquidation liquidity $900,000. Compute expected_value as probability-weighted USD EV after all costs; abstain only if EV <= 0 or a hard constraint fails.",mistralai/mistral-medium-3-5,1,0,0|1|0,0|1|0,0.333,0.000,2316
L9-025,L9,l9-L9-025,"Flash-loan exploit EV triage, thin liquidation book with high loan fee. A white-hat simulation considers a $8,000,000 USDC flash loan through Uniswap/Aave, with oracle manipulation, liquidations, MEV auction risk, and CEX hedge unwind. Gross liquidation profit if the bundle lands is $620,000. Costs on success: flash loan fee 0.09% of loan, gas $52,000, slippage $76,000, MEV payment $65,000. Success probability is 68%; if it fails or is frontrun, realized loss is flash-loan fee + gas + extra protection cost $60,000 and no liquidation profit. Hard constraints: oracle age <= 45 seconds, liquidation liquidity >= $640,000, and expected EV must be > 0 to execute. Current oracle age 35 seconds and liquidation liquidity $900,000. Compute expected_value as probability-weighted USD EV after all costs; abstain only if EV <= 0 or a hard constraint fails.",mistralai/mistral-small-2603,0,0,0|0|0,0|0|0,0.000,0.000,1979
L9-026,L9,l9-L9-026,"Fee APR annualization, yield-token flow rebate. A Pendle PT/YT router stETH pool/hook strategy has $8,500,000 active liquidity, $16,000,000 daily volume, and 72% of volume eligible for the incremental fee. Incremental fee is 0.018%; LP capture is 85%, protocol skim is 5%, and keeper/gas/solver overhead is $650 per day. Compare the incremental design vs vanilla Uniswap/Pendle base fees, but expected_value must be only the incremental simple APR percentage: ((daily volume * eligible share * incremental fee * capture * (1 - skim) - daily fixed overhead) * 365) / active liquidity. Check whether incremental APR is positive after a 20% daily-volume stress and oracle age <= 30 minutes; expected_value remains the base-case incremental APR. Exclude compounding, LP-token price drift, base pool fees, and rewards.",mistralai/mistral-medium-3-5,0,0,0|0|0,0|0|0,0.000,0.000,1738
L9-026,L9,l9-L9-026,"Fee APR annualization, yield-token flow rebate. A Pendle PT/YT router stETH pool/hook strategy has $8,500,000 active liquidity, $16,000,000 daily volume, and 72% of volume eligible for the incremental fee. Incremental fee is 0.018%; LP capture is 85%, protocol skim is 5%, and keeper/gas/solver overhead is $650 per day. Compare the incremental design vs vanilla Uniswap/Pendle base fees, but expected_value must be only the incremental simple APR percentage: ((daily volume * eligible share * incremental fee * capture * (1 - skim) - daily fixed overhead) * 365) / active liquidity. Check whether incremental APR is positive after a 20% daily-volume stress and oracle age <= 30 minutes; expected_value remains the base-case incremental APR. Exclude compounding, LP-token price drift, base pool fees, and rewards.",mistralai/mistral-small-2603,0,0,0|0|0,0|0|0,0.000,0.000,1136
L9-027,L9,l9-L9-027,"Governance incentive capital action, safety-module incentive vote. A DAO vote spans Compound/Aave style lending, Base and Arb bridge snapshots, and CEX liquidity. Proposal benefit if passed is $1,450,000, but probability of passage after incentives is 58%. Quorum/control target is 85,000 AAVE votes; treasury already controls 31,000 AAVE. Missing votes can be rented with bribes at $5 per AAVE vote or borrowed at $118 spot price with 22.0% APR for 7 days. Bridge, gas, delegation, and solver costs are $24,000. There is a 3.5% chance of an adverse governance delay costing $650,000. Execute only if net expected USD profit is positive and missing votes <= on-chain lendable liquidity; lendable liquidity is 69,000 AAVE. Compute expected_value = pass probability*benefit - bribe cost - borrow interest - bridge/gas/delegation costs - expected delay loss. Also state missing votes and reject no_action if EV is positive.",mistralai/mistral-medium-3-5,0,0,0|0|0,0|0|0,0.000,0.000,3075
L9-027,L9,l9-L9-027,"Governance incentive capital action, safety-module incentive vote. A DAO vote spans Compound/Aave style lending, Base and Arb bridge snapshots, and CEX liquidity. Proposal benefit if passed is $1,450,000, but probability of passage after incentives is 58%. Quorum/control target is 85,000 AAVE votes; treasury already controls 31,000 AAVE. Missing votes can be rented with bribes at $5 per AAVE vote or borrowed at $118 spot price with 22.0% APR for 7 days. Bridge, gas, delegation, and solver costs are $24,000. There is a 3.5% chance of an adverse governance delay costing $650,000. Execute only if net expected USD profit is positive and missing votes <= on-chain lendable liquidity; lendable liquidity is 69,000 AAVE. Compute expected_value = pass probability*benefit - bribe cost - borrow interest - bridge/gas/delegation costs - expected delay loss. Also state missing votes and reject no_action if EV is positive.",mistralai/mistral-small-2603,0,0,0|0|0,0|0|0,0.000,0.000,3276
L9-028,L9,l9-L9-028,"Refuse-to-trade decision, basis unwind while bridge queue is congested. Evaluate a $650,000 ETH opportunity across Uniswap/Aave/Compound, CEX hedge, bridge, oracle, solver, and MEV routes. Execute only if an option has net expected USD profit > 0 and all hard constraints pass: max slippage 0.35%, oracle age <= 45 seconds, settlement <= 10 minutes, and required capital <= $650,000. Option A Across solver hedge: gross edge $9,800, fixed costs $2,100, slippage 0.41% of notional, expected risk 8.0% * $90,000, oracle age 32 seconds, settlement 8 minutes, required capital $640,000; Option B CEX spot sale then bridge repay: gross edge $16,200, fixed costs $4,200, slippage 0.18% of notional, expected risk 4.0% * $360,000, oracle age 40 seconds, settlement 13 minutes, required capital $610,000; Option C Uniswap pool exit: gross edge $7,200, fixed costs $2,500, slippage 0.26% of notional, expected risk 10.0% * $70,000, oracle age 51 seconds, settlement 9 minutes, required capital $620,000. For each option, net EV = gross edge - fixed costs - slippage dollars - expected risk loss. Reject hard-constraint violations even if net EV is positive. Return no_action if no option is both positive-EV and feasible.",mistralai/mistral-medium-3-5,2,1,1|0|1,1|0|1,0.667,1.000,1742
L9-028,L9,l9-L9-028,"Refuse-to-trade decision, basis unwind while bridge queue is congested. Evaluate a $650,000 ETH opportunity across Uniswap/Aave/Compound, CEX hedge, bridge, oracle, solver, and MEV routes. Execute only if an option has net expected USD profit > 0 and all hard constraints pass: max slippage 0.35%, oracle age <= 45 seconds, settlement <= 10 minutes, and required capital <= $650,000. Option A Across solver hedge: gross edge $9,800, fixed costs $2,100, slippage 0.41% of notional, expected risk 8.0% * $90,000, oracle age 32 seconds, settlement 8 minutes, required capital $640,000; Option B CEX spot sale then bridge repay: gross edge $16,200, fixed costs $4,200, slippage 0.18% of notional, expected risk 4.0% * $360,000, oracle age 40 seconds, settlement 13 minutes, required capital $610,000; Option C Uniswap pool exit: gross edge $7,200, fixed costs $2,500, slippage 0.26% of notional, expected risk 10.0% * $70,000, oracle age 51 seconds, settlement 9 minutes, required capital $620,000. For each option, net EV = gross edge - fixed costs - slippage dollars - expected risk loss. Reject hard-constraint violations even if net EV is positive. Return no_action if no option is both positive-EV and feasible.",mistralai/mistral-small-2603,3,1,1|1|1,1|1|1,1.000,1.000,1438
L9-029,L9,l9-L9-029,"Carry basis funding arbitrage, low-fee institutional basis. Compare execute vs no-action for a delta-neutral BTC trade across Coinbase BTC spot vs Bybit BTC-PERP, with USDC collateral on Base/ETH and a bridge unwind through Arb. Capital $2,000,000, trade notional $4,000,000, horizon 5 days. The perp is richer than spot by 0.35%; positive funding means the short perp receives 0.031% per 8 hours. Fees and slippage across spot, perp, bridge, gas, and solver are 0.12% of notional plus $950 fixed. Borrow drag is 5.5% APR for the horizon and liquidation buffer reserve is $4,000. Execute only if net annualized return on equity is > 25%, slippage stays <= 0.35%, and the bridge window is <= 40 hours; otherwise return no_action. Compute expected_value as annualized APR percentage for the best feasible action: (basis capture + funding - percent costs - fixed costs - borrow drag - buffer reserve) / capital * 365 / days.",mistralai/mistral-medium-3-5,0,0,0|0|0,0|0|0,0.000,0.000,2506
L9-029,L9,l9-L9-029,"Carry basis funding arbitrage, low-fee institutional basis. Compare execute vs no-action for a delta-neutral BTC trade across Coinbase BTC spot vs Bybit BTC-PERP, with USDC collateral on Base/ETH and a bridge unwind through Arb. Capital $2,000,000, trade notional $4,000,000, horizon 5 days. The perp is richer than spot by 0.35%; positive funding means the short perp receives 0.031% per 8 hours. Fees and slippage across spot, perp, bridge, gas, and solver are 0.12% of notional plus $950 fixed. Borrow drag is 5.5% APR for the horizon and liquidation buffer reserve is $4,000. Execute only if net annualized return on equity is > 25%, slippage stays <= 0.35%, and the bridge window is <= 40 hours; otherwise return no_action. Compute expected_value as annualized APR percentage for the best feasible action: (basis capture + funding - percent costs - fixed costs - borrow drag - buffer reserve) / capital * 365 / days.",mistralai/mistral-small-2603,0,0,0|0|0,0|0|0,0.000,0.000,1832
L9-030,L9,l9-L9-030,"Cross-chain route cost selection, WBTC bridge versus solver close call. Swap $3,200,000 USDC into BTC from ETH to Base; reference BTC price is $100,000. Compare Uniswap/Across/solver/bridge/CEX routes and select the feasible route with lowest all-in USD cost before converting to output tokens. Hard constraints: settlement <= 18 minutes, oracle age <= 60 seconds, capacity >= notional, and slippage+risk must be included. Route A Uniswap WBTC bridge: percent cost 0.55%, fixed $3,000, expected risk 0.02% of notional, settlement 17 minutes, oracle age 44 seconds, capacity $6,000,000; Route B Across solver inventory: percent cost 0.31%, fixed $3,600, expected risk 0.06% of notional, settlement 12 minutes, oracle age 35 seconds, capacity $3,500,000; Route C CEX internal hedge plus withdrawal: percent cost 0.28%, fixed $5,200, expected risk 0.05% of notional, settlement 16 minutes, oracle age 40 seconds, capacity $3,300,000. Compute each route cost = percent cost*notional + fixed + expected risk*notional. expected_value is USD saved by the best feasible route vs the second-best feasible route; also mention resulting extra BTC = USD_saved / price.",mistralai/mistral-medium-3-5,0,0,0|0|0,0|0|0,0.000,0.000,5466
L9-030,L9,l9-L9-030,"Cross-chain route cost selection, WBTC bridge versus solver close call. Swap $3,200,000 USDC into BTC from ETH to Base; reference BTC price is $100,000. Compare Uniswap/Across/solver/bridge/CEX routes and select the feasible route with lowest all-in USD cost before converting to output tokens. Hard constraints: settlement <= 18 minutes, oracle age <= 60 seconds, capacity >= notional, and slippage+risk must be included. Route A Uniswap WBTC bridge: percent cost 0.55%, fixed $3,000, expected risk 0.02% of notional, settlement 17 minutes, oracle age 44 seconds, capacity $6,000,000; Route B Across solver inventory: percent cost 0.31%, fixed $3,600, expected risk 0.06% of notional, settlement 12 minutes, oracle age 35 seconds, capacity $3,500,000; Route C CEX internal hedge plus withdrawal: percent cost 0.28%, fixed $5,200, expected risk 0.05% of notional, settlement 16 minutes, oracle age 40 seconds, capacity $3,300,000. Compute each route cost = percent cost*notional + fixed + expected risk*notional. expected_value is USD saved by the best feasible route vs the second-best feasible route; also mention resulting extra BTC = USD_saved / price.",mistralai/mistral-small-2603,0,0,0|0|0,0|0|0,0.000,0.000,2137
L9-031,L9,l9-L9-031,"Collateral leverage liquidation control, recursive stETH loop de-risk. A Morpho market with Aave oracle position on Base/ETH uses 1,200 stETH collateral at $3,300 and $2,900,000 USDC debt, with Aave/Compound oracle cross-check and bridge unwind available. Liquidation threshold is 83.0%. Stress branch: if stETH depegs or falls 6.0%, maintain target health factor >= 1.22; if the post-shock HF would be below target, repay USDC rather than add collateral. Closing loops adds $6,000 gas, slippage, and solver fees to debt before repay. Compute expected_value as the minimum USDC debt reduction required after fees. Formula: max(0, current debt + fees - collateral value * LT * (1 - shock) / target HF). Also report pre-repay HF and reject any borrow-more action.",mistralai/mistral-medium-3-5,0,0,0|0|0,0|0|0,0.000,0.000,5975
L9-031,L9,l9-L9-031,"Collateral leverage liquidation control, recursive stETH loop de-risk. A Morpho market with Aave oracle position on Base/ETH uses 1,200 stETH collateral at $3,300 and $2,900,000 USDC debt, with Aave/Compound oracle cross-check and bridge unwind available. Liquidation threshold is 83.0%. Stress branch: if stETH depegs or falls 6.0%, maintain target health factor >= 1.22; if the post-shock HF would be below target, repay USDC rather than add collateral. Closing loops adds $6,000 gas, slippage, and solver fees to debt before repay. Compute expected_value as the minimum USDC debt reduction required after fees. Formula: max(0, current debt + fees - collateral value * LT * (1 - shock) / target HF). Also report pre-repay HF and reject any borrow-more action.",mistralai/mistral-small-2603,0,0,0|0|0,0|0|0,0.000,0.000,1752
L9-032,L9,l9-L9-032,"Staking/restaking risk selection, low-risk ETH AVS filter. Restake 80 ETH across EigenLayer/Symbiotic-style AVSs and pick exactly 3 eligible AVSs by highest risk-adjusted APR. Net score = headline yield - operator fee - slashing multiplier * expected slashing loss, all in APR percentage points. Eligibility constraints: net score >= 4.8%, slashing multiplier <= 2.8, withdrawal delay <= 6 days, oracle freshness <= 20 minutes, and capacity >= 80 ETH. Data: A1 yield 6.8%, operator fee 0.2%, slashing 1.2 x 0.5%, delay 2 days, oracle age 8 minutes, capacity 90 ETH; A2 yield 9.6%, operator fee 0.6%, slashing 3 x 0.7%, delay 5 days, oracle age 12 minutes, capacity 120 ETH; A3 yield 7.2%, operator fee 0.4%, slashing 1.5 x 0.4%, delay 4 days, oracle age 18 minutes, capacity 100 ETH; A4 yield 11%, operator fee 0.9%, slashing 2.4 x 1.1%, delay 7 days, oracle age 15 minutes, capacity 200 ETH; A5 yield 5.9%, operator fee 0.1%, slashing 0.8 x 0.4%, delay 1 days, oracle age 10 minutes, capacity 85 ETH. Return only the unordered set of selected AVS IDs; do not allocate weights, and reject any AVS that fails a hard constraint even if its yield is high.",mistralai/mistral-medium-3-5,3,1,1|1|1,1|1|1,1.000,1.000,3422
L9-032,L9,l9-L9-032,"Staking/restaking risk selection, low-risk ETH AVS filter. Restake 80 ETH across EigenLayer/Symbiotic-style AVSs and pick exactly 3 eligible AVSs by highest risk-adjusted APR. Net score = headline yield - operator fee - slashing multiplier * expected slashing loss, all in APR percentage points. Eligibility constraints: net score >= 4.8%, slashing multiplier <= 2.8, withdrawal delay <= 6 days, oracle freshness <= 20 minutes, and capacity >= 80 ETH. Data: A1 yield 6.8%, operator fee 0.2%, slashing 1.2 x 0.5%, delay 2 days, oracle age 8 minutes, capacity 90 ETH; A2 yield 9.6%, operator fee 0.6%, slashing 3 x 0.7%, delay 5 days, oracle age 12 minutes, capacity 120 ETH; A3 yield 7.2%, operator fee 0.4%, slashing 1.5 x 0.4%, delay 4 days, oracle age 18 minutes, capacity 100 ETH; A4 yield 11%, operator fee 0.9%, slashing 2.4 x 1.1%, delay 7 days, oracle age 15 minutes, capacity 200 ETH; A5 yield 5.9%, operator fee 0.1%, slashing 0.8 x 0.4%, delay 1 days, oracle age 10 minutes, capacity 85 ETH. Return only the unordered set of selected AVS IDs; do not allocate weights, and reject any AVS that fails a hard constraint even if its yield is high.",mistralai/mistral-small-2603,3,1,1|1|1,1|1|1,1.000,1.000,2448
L9-033,L9,l9-L9-033,"Flash-loan exploit EV triage, large oracle manipulation with heavy MEV auction. A white-hat simulation considers a $22,000,000 USDC flash loan through Uniswap/Aave, with oracle manipulation, liquidations, MEV auction risk, and CEX hedge unwind. Gross liquidation profit if the bundle lands is $1,450,000. Costs on success: flash loan fee 0.05% of loan, gas $110,000, slippage $210,000, MEV payment $180,000. Success probability is 61%; if it fails or is frontrun, realized loss is flash-loan fee + gas + extra protection cost $140,000 and no liquidation profit. Hard constraints: oracle age <= 45 seconds, liquidation liquidity >= $1,760,000, and expected EV must be > 0 to execute. Current oracle age 24 seconds and liquidation liquidity $2,400,000. Compute expected_value as probability-weighted USD EV after all costs; abstain only if EV <= 0 or a hard constraint fails.",mistralai/mistral-medium-3-5,0,0,0|0|0,0|0|0,0.000,0.000,2597
L9-033,L9,l9-L9-033,"Flash-loan exploit EV triage, large oracle manipulation with heavy MEV auction. A white-hat simulation considers a $22,000,000 USDC flash loan through Uniswap/Aave, with oracle manipulation, liquidations, MEV auction risk, and CEX hedge unwind. Gross liquidation profit if the bundle lands is $1,450,000. Costs on success: flash loan fee 0.05% of loan, gas $110,000, slippage $210,000, MEV payment $180,000. Success probability is 61%; if it fails or is frontrun, realized loss is flash-loan fee + gas + extra protection cost $140,000 and no liquidation profit. Hard constraints: oracle age <= 45 seconds, liquidation liquidity >= $1,760,000, and expected EV must be > 0 to execute. Current oracle age 24 seconds and liquidation liquidity $2,400,000. Compute expected_value as probability-weighted USD EV after all costs; abstain only if EV <= 0 or a hard constraint fails.",mistralai/mistral-small-2603,0,0,0|0|0,0|0|0,0.000,0.000,2558
L9-034,L9,l9-L9-034,"Fee APR annualization, stablecoin fee compression. A Uniswap V3 stable pool USDC/RWA-T pool/hook strategy has $20,000,000 active liquidity, $42,000,000 daily volume, and 48% of volume eligible for the incremental fee. Incremental fee is 0.012%; LP capture is 92%, protocol skim is 12%, and keeper/gas/solver overhead is $1,100 per day. Compare the incremental design vs vanilla Uniswap/Pendle base fees, but expected_value must be only the incremental simple APR percentage: ((daily volume * eligible share * incremental fee * capture * (1 - skim) - daily fixed overhead) * 365) / active liquidity. Check whether incremental APR is positive after a 20% daily-volume stress and oracle age <= 30 minutes; expected_value remains the base-case incremental APR. Exclude compounding, LP-token price drift, base pool fees, and rewards.",mistralai/mistral-medium-3-5,1,0,1|0|0,1|0|0,0.333,0.000,1539
L9-034,L9,l9-L9-034,"Fee APR annualization, stablecoin fee compression. A Uniswap V3 stable pool USDC/RWA-T pool/hook strategy has $20,000,000 active liquidity, $42,000,000 daily volume, and 48% of volume eligible for the incremental fee. Incremental fee is 0.012%; LP capture is 92%, protocol skim is 12%, and keeper/gas/solver overhead is $1,100 per day. Compare the incremental design vs vanilla Uniswap/Pendle base fees, but expected_value must be only the incremental simple APR percentage: ((daily volume * eligible share * incremental fee * capture * (1 - skim) - daily fixed overhead) * 365) / active liquidity. Check whether incremental APR is positive after a 20% daily-volume stress and oracle age <= 30 minutes; expected_value remains the base-case incremental APR. Exclude compounding, LP-token price drift, base pool fees, and rewards.",mistralai/mistral-small-2603,3,1,1|1|1,1|1|1,1.000,1.000,2093
L9-035,L9,l9-L9-035,"Governance incentive capital action, treasury emissions redirect. A DAO vote spans Compound/Aave style lending, Base and Arb bridge snapshots, and CEX liquidity. Proposal benefit if passed is $2,400,000, but probability of passage after incentives is 52%. Quorum/control target is 160,000 COMP votes; treasury already controls 92,000 COMP. Missing votes can be rented with bribes at $3 per COMP vote or borrowed at $70 spot price with 16.0% APR for 14 days. Bridge, gas, delegation, and solver costs are $31,000. There is a 5.0% chance of an adverse governance delay costing $1,100,000. Execute only if net expected USD profit is positive and missing votes <= on-chain lendable liquidity; lendable liquidity is 83,000 COMP. Compute expected_value = pass probability*benefit - bribe cost - borrow interest - bridge/gas/delegation costs - expected delay loss. Also state missing votes and reject no_action if EV is positive.",mistralai/mistral-medium-3-5,0,0,0|0|0,0|0|0,0.000,0.000,2366
L9-035,L9,l9-L9-035,"Governance incentive capital action, treasury emissions redirect. A DAO vote spans Compound/Aave style lending, Base and Arb bridge snapshots, and CEX liquidity. Proposal benefit if passed is $2,400,000, but probability of passage after incentives is 52%. Quorum/control target is 160,000 COMP votes; treasury already controls 92,000 COMP. Missing votes can be rented with bribes at $3 per COMP vote or borrowed at $70 spot price with 16.0% APR for 14 days. Bridge, gas, delegation, and solver costs are $31,000. There is a 5.0% chance of an adverse governance delay costing $1,100,000. Execute only if net expected USD profit is positive and missing votes <= on-chain lendable liquidity; lendable liquidity is 83,000 COMP. Compute expected_value = pass probability*benefit - bribe cost - borrow interest - bridge/gas/delegation costs - expected delay loss. Also state missing votes and reject no_action if EV is positive.",mistralai/mistral-small-2603,0,0,0|0|0,0|0|0,0.000,0.000,2144
L9-036,L9,l9-L9-036,"Refuse-to-trade decision, cross-chain collateral seizure after price gap. Evaluate a $1,800,000 BTC opportunity across Uniswap/Aave/Compound, CEX hedge, bridge, oracle, solver, and MEV routes. Execute only if an option has net expected USD profit > 0 and all hard constraints pass: max slippage 0.25%, oracle age <= 50 seconds, settlement <= 15 minutes, and required capital <= $1,800,000. Option A CEX hedge then bridge: gross edge $34,000, fixed costs $9,000, slippage 0.18% of notional, expected risk 6.0% * $420,000, oracle age 42 seconds, settlement 18 minutes, required capital $1,700,000; Option B Uniswap WBTC route: gross edge $22,500, fixed costs $7,100, slippage 0.31% of notional, expected risk 4.0% * $260,000, oracle age 39 seconds, settlement 12 minutes, required capital $1,600,000; Option C solver auction fill: gross edge $28,000, fixed costs $11,800, slippage 0.14% of notional, expected risk 8.0% * $310,000, oracle age 61 seconds, settlement 13 minutes, required capital $1,750,000. For each option, net EV = gross edge - fixed costs - slippage dollars - expected risk loss. Reject hard-constraint violations even if net EV is positive. Return no_action if no option is both positive-EV and feasible.",mistralai/mistral-medium-3-5,1,0,0|0|1,0|0|1,0.333,0.000,4911
L9-036,L9,l9-L9-036,"Refuse-to-trade decision, cross-chain collateral seizure after price gap. Evaluate a $1,800,000 BTC opportunity across Uniswap/Aave/Compound, CEX hedge, bridge, oracle, solver, and MEV routes. Execute only if an option has net expected USD profit > 0 and all hard constraints pass: max slippage 0.25%, oracle age <= 50 seconds, settlement <= 15 minutes, and required capital <= $1,800,000. Option A CEX hedge then bridge: gross edge $34,000, fixed costs $9,000, slippage 0.18% of notional, expected risk 6.0% * $420,000, oracle age 42 seconds, settlement 18 minutes, required capital $1,700,000; Option B Uniswap WBTC route: gross edge $22,500, fixed costs $7,100, slippage 0.31% of notional, expected risk 4.0% * $260,000, oracle age 39 seconds, settlement 12 minutes, required capital $1,600,000; Option C solver auction fill: gross edge $28,000, fixed costs $11,800, slippage 0.14% of notional, expected risk 8.0% * $310,000, oracle age 61 seconds, settlement 13 minutes, required capital $1,750,000. For each option, net EV = gross edge - fixed costs - slippage dollars - expected risk loss. Reject hard-constraint violations even if net EV is positive. Return no_action if no option is both positive-EV and feasible.",mistralai/mistral-small-2603,3,1,1|1|1,1|1|1,1.000,1.000,1081
L9-037,L9,l9-L9-037,"Carry basis funding arbitrage, very high funding but thin spot. Compare execute vs no-action for a delta-neutral HYPE trade across Base spot inventory vs Hyperliquid HYPE-PERP, with USDC collateral on Base/ETH and a bridge unwind through Arb. Capital $400,000, trade notional $1,000,000, horizon 1.5 days. The perp is richer than spot by 0.28%; positive funding means the short perp receives 0.078% per 8 hours. Fees and slippage across spot, perp, bridge, gas, and solver are 0.32% of notional plus $120 fixed. Borrow drag is 14.0% APR for the horizon and liquidation buffer reserve is $1,900. Execute only if net annualized return on equity is > 25%, slippage stays <= 0.35%, and the bridge window is <= 12 hours; otherwise return no_action. Compute expected_value as annualized APR percentage for the best feasible action: (basis capture + funding - percent costs - fixed costs - borrow drag - buffer reserve) / capital * 365 / days.",mistralai/mistral-medium-3-5,0,0,0|0|0,0|0|0,0.000,0.000,4935
L9-037,L9,l9-L9-037,"Carry basis funding arbitrage, very high funding but thin spot. Compare execute vs no-action for a delta-neutral HYPE trade across Base spot inventory vs Hyperliquid HYPE-PERP, with USDC collateral on Base/ETH and a bridge unwind through Arb. Capital $400,000, trade notional $1,000,000, horizon 1.5 days. The perp is richer than spot by 0.28%; positive funding means the short perp receives 0.078% per 8 hours. Fees and slippage across spot, perp, bridge, gas, and solver are 0.32% of notional plus $120 fixed. Borrow drag is 14.0% APR for the horizon and liquidation buffer reserve is $1,900. Execute only if net annualized return on equity is > 25%, slippage stays <= 0.35%, and the bridge window is <= 12 hours; otherwise return no_action. Compute expected_value as annualized APR percentage for the best feasible action: (basis capture + funding - percent costs - fixed costs - borrow drag - buffer reserve) / capital * 365 / days.",mistralai/mistral-small-2603,0,0,0|0|0,0|0|0,0.000,0.000,2025
L9-038,L9,l9-L9-038,"Cross-chain route cost selection, direct bridge nearly beats solver. Swap $2,000,000 USDC into SOL from Base to Solana; reference SOL price is $142. Compare Uniswap/Across/solver/bridge/CEX routes and select the feasible route with lowest all-in USD cost before converting to output tokens. Hard constraints: settlement <= 14 minutes, oracle age <= 60 seconds, capacity >= notional, and slippage+risk must be included. Route A Uniswap WETH hop: percent cost 0.70%, fixed $1,800, expected risk 0.02% of notional, settlement 13 minutes, oracle age 48 seconds, capacity $3,000,000; Route B intent solver: percent cost 0.35%, fixed $2,300, expected risk 0.04% of notional, settlement 9 minutes, oracle age 25 seconds, capacity $2,600,000; Route C direct bridge and DEX: percent cost 0.28%, fixed $1,400, expected risk 0.18% of notional, settlement 12 minutes, oracle age 36 seconds, capacity $2,400,000. Compute each route cost = percent cost*notional + fixed + expected risk*notional. expected_value is USD saved by the best feasible route vs the second-best feasible route; also mention resulting extra SOL = USD_saved / price.",mistralai/mistral-medium-3-5,0,0,0|0|0,0|0|0,0.000,0.000,5224
L9-038,L9,l9-L9-038,"Cross-chain route cost selection, direct bridge nearly beats solver. Swap $2,000,000 USDC into SOL from Base to Solana; reference SOL price is $142. Compare Uniswap/Across/solver/bridge/CEX routes and select the feasible route with lowest all-in USD cost before converting to output tokens. Hard constraints: settlement <= 14 minutes, oracle age <= 60 seconds, capacity >= notional, and slippage+risk must be included. Route A Uniswap WETH hop: percent cost 0.70%, fixed $1,800, expected risk 0.02% of notional, settlement 13 minutes, oracle age 48 seconds, capacity $3,000,000; Route B intent solver: percent cost 0.35%, fixed $2,300, expected risk 0.04% of notional, settlement 9 minutes, oracle age 25 seconds, capacity $2,600,000; Route C direct bridge and DEX: percent cost 0.28%, fixed $1,400, expected risk 0.18% of notional, settlement 12 minutes, oracle age 36 seconds, capacity $2,400,000. Compute each route cost = percent cost*notional + fixed + expected risk*notional. expected_value is USD saved by the best feasible route vs the second-best feasible route; also mention resulting extra SOL = USD_saved / price.",mistralai/mistral-small-2603,0,0,0|0|0,0|0|0,0.000,0.000,2000
L9-039,L9,l9-L9-039,"Collateral leverage liquidation control, ETH liquidation buffer reset. A Spark ETH vault position on Base/ETH uses 700 ETH collateral at $3,500 and $1,620,000 USDC debt, with Aave/Compound oracle cross-check and bridge unwind available. Liquidation threshold is 80.0%. Stress branch: if ETH depegs or falls 10.0%, maintain target health factor >= 1.28; if the post-shock HF would be below target, repay USDC rather than add collateral. Closing loops adds $3,200 gas, slippage, and solver fees to debt before repay. Compute expected_value as the minimum USDC debt reduction required after fees. Formula: max(0, current debt + fees - collateral value * LT * (1 - shock) / target HF). Also report pre-repay HF and reject any borrow-more action.",mistralai/mistral-medium-3-5,0,0,0|0|0,0|0|0,0.000,0.000,5757
L9-039,L9,l9-L9-039,"Collateral leverage liquidation control, ETH liquidation buffer reset. A Spark ETH vault position on Base/ETH uses 700 ETH collateral at $3,500 and $1,620,000 USDC debt, with Aave/Compound oracle cross-check and bridge unwind available. Liquidation threshold is 80.0%. Stress branch: if ETH depegs or falls 10.0%, maintain target health factor >= 1.28; if the post-shock HF would be below target, repay USDC rather than add collateral. Closing loops adds $3,200 gas, slippage, and solver fees to debt before repay. Compute expected_value as the minimum USDC debt reduction required after fees. Formula: max(0, current debt + fees - collateral value * LT * (1 - shock) / target HF). Also report pre-repay HF and reject any borrow-more action.",mistralai/mistral-small-2603,0,0,0|0|0,0|0|0,0.000,0.000,1696
L9-040,L9,l9-L9-040,"Staking/restaking risk selection, capacity-constrained large restake. Restake 250 stETH across EigenLayer/Symbiotic-style AVSs and pick exactly 3 eligible AVSs by highest risk-adjusted APR. Net score = headline yield - operator fee - slashing multiplier * expected slashing loss, all in APR percentage points. Eligibility constraints: net score >= 6.2%, slashing multiplier <= 3, withdrawal delay <= 10 days, oracle freshness <= 30 minutes, and capacity >= 250 stETH. Data: A1 yield 8.8%, operator fee 0.5%, slashing 2 x 0.6%, delay 8 days, oracle age 14 minutes, capacity 300 stETH; A2 yield 14%, operator fee 1.2%, slashing 3.2 x 1.2%, delay 9 days, oracle age 20 minutes, capacity 500 stETH; A3 yield 9.1%, operator fee 0.4%, slashing 1.6 x 0.7%, delay 5 days, oracle age 24 minutes, capacity 260 stETH; A4 yield 7.5%, operator fee 0.3%, slashing 1.1 x 0.5%, delay 4 days, oracle age 12 minutes, capacity 200 stETH; A5 yield 10.8%, operator fee 0.8%, slashing 2.4 x 0.8%, delay 6 days, oracle age 18 minutes, capacity 350 stETH. Return only the unordered set of selected AVS IDs; do not allocate weights, and reject any AVS that fails a hard constraint even if its yield is high.",mistralai/mistral-medium-3-5,0,0,0|0|0,0|0|0,0.000,0.000,3433
L9-040,L9,l9-L9-040,"Staking/restaking risk selection, capacity-constrained large restake. Restake 250 stETH across EigenLayer/Symbiotic-style AVSs and pick exactly 3 eligible AVSs by highest risk-adjusted APR. Net score = headline yield - operator fee - slashing multiplier * expected slashing loss, all in APR percentage points. Eligibility constraints: net score >= 6.2%, slashing multiplier <= 3, withdrawal delay <= 10 days, oracle freshness <= 30 minutes, and capacity >= 250 stETH. Data: A1 yield 8.8%, operator fee 0.5%, slashing 2 x 0.6%, delay 8 days, oracle age 14 minutes, capacity 300 stETH; A2 yield 14%, operator fee 1.2%, slashing 3.2 x 1.2%, delay 9 days, oracle age 20 minutes, capacity 500 stETH; A3 yield 9.1%, operator fee 0.4%, slashing 1.6 x 0.7%, delay 5 days, oracle age 24 minutes, capacity 260 stETH; A4 yield 7.5%, operator fee 0.3%, slashing 1.1 x 0.5%, delay 4 days, oracle age 12 minutes, capacity 200 stETH; A5 yield 10.8%, operator fee 0.8%, slashing 2.4 x 0.8%, delay 6 days, oracle age 18 minutes, capacity 350 stETH. Return only the unordered set of selected AVS IDs; do not allocate weights, and reject any AVS that fails a hard constraint even if its yield is high.",mistralai/mistral-small-2603,3,1,1|1|1,1|1|1,1.000,1.000,2518
L9-041,L9,l9-L9-041,"Flash-loan exploit EV triage, MEV-protected bundle with lower fail loss. A white-hat simulation considers a $12,000,000 USDC flash loan through Uniswap/Aave, with oracle manipulation, liquidations, MEV auction risk, and CEX hedge unwind. Gross liquidation profit if the bundle lands is $760,000. Costs on success: flash loan fee 0.04% of loan, gas $48,000, slippage $98,000, MEV payment $115,000. Success probability is 75%; if it fails or is frontrun, realized loss is flash-loan fee + gas + extra protection cost $70,000 and no liquidation profit. Hard constraints: oracle age <= 45 seconds, liquidation liquidity >= $960,000, and expected EV must be > 0 to execute. Current oracle age 31 seconds and liquidation liquidity $1,400,000. Compute expected_value as probability-weighted USD EV after all costs; abstain only if EV <= 0 or a hard constraint fails.",mistralai/mistral-medium-3-5,0,0,0|0|0,0|0|0,0.000,0.000,3514
L9-041,L9,l9-L9-041,"Flash-loan exploit EV triage, MEV-protected bundle with lower fail loss. A white-hat simulation considers a $12,000,000 USDC flash loan through Uniswap/Aave, with oracle manipulation, liquidations, MEV auction risk, and CEX hedge unwind. Gross liquidation profit if the bundle lands is $760,000. Costs on success: flash loan fee 0.04% of loan, gas $48,000, slippage $98,000, MEV payment $115,000. Success probability is 75%; if it fails or is frontrun, realized loss is flash-loan fee + gas + extra protection cost $70,000 and no liquidation profit. Hard constraints: oracle age <= 45 seconds, liquidation liquidity >= $960,000, and expected EV must be > 0 to execute. Current oracle age 31 seconds and liquidation liquidity $1,400,000. Compute expected_value as probability-weighted USD EV after all costs; abstain only if EV <= 0 or a hard constraint fails.",mistralai/mistral-small-2603,0,0,0|0|0,0|0|0,0.000,0.000,1723
L9-042,L9,l9-L9-042,"Fee APR annualization, liquidation-flow surcharge. A Aave liquidation hook pool ETH/USDC pool/hook strategy has $15,500,000 active liquidity, $24,000,000 daily volume, and 63% of volume eligible for the incremental fee. Incremental fee is 0.030%; LP capture is 80%, protocol skim is 8%, and keeper/gas/solver overhead is $1,500 per day. Compare the incremental design vs vanilla Uniswap/Pendle base fees, but expected_value must be only the incremental simple APR percentage: ((daily volume * eligible share * incremental fee * capture * (1 - skim) - daily fixed overhead) * 365) / active liquidity. Check whether incremental APR is positive after a 20% daily-volume stress and oracle age <= 30 minutes; expected_value remains the base-case incremental APR. Exclude compounding, LP-token price drift, base pool fees, and rewards.",mistralai/mistral-medium-3-5,0,0,0|0|0,0|0|0,0.000,0.000,1625
L9-042,L9,l9-L9-042,"Fee APR annualization, liquidation-flow surcharge. A Aave liquidation hook pool ETH/USDC pool/hook strategy has $15,500,000 active liquidity, $24,000,000 daily volume, and 63% of volume eligible for the incremental fee. Incremental fee is 0.030%; LP capture is 80%, protocol skim is 8%, and keeper/gas/solver overhead is $1,500 per day. Compare the incremental design vs vanilla Uniswap/Pendle base fees, but expected_value must be only the incremental simple APR percentage: ((daily volume * eligible share * incremental fee * capture * (1 - skim) - daily fixed overhead) * 365) / active liquidity. Check whether incremental APR is positive after a 20% daily-volume stress and oracle age <= 30 minutes; expected_value remains the base-case incremental APR. Exclude compounding, LP-token price drift, base pool fees, and rewards.",mistralai/mistral-small-2603,0,0,0|0|0,0|0|0,0.000,0.000,1794
L9-043,L9,l9-L9-043,"Governance incentive capital action, L2 incentive extension. A DAO vote spans Compound/Aave style lending, Base and Arb bridge snapshots, and CEX liquidity. Proposal benefit if passed is $820,000, but probability of passage after incentives is 67%. Quorum/control target is 2,200,000 ARB votes; treasury already controls 1,250,000 ARB. Missing votes can be rented with bribes at $0 per ARB vote or borrowed at $1 spot price with 12.0% APR for 5 days. Bridge, gas, delegation, and solver costs are $22,000. There is a 6.0% chance of an adverse governance delay costing $380,000. Execute only if net expected USD profit is positive and missing votes <= on-chain lendable liquidity; lendable liquidity is 965,000 ARB. Compute expected_value = pass probability*benefit - bribe cost - borrow interest - bridge/gas/delegation costs - expected delay loss. Also state missing votes and reject no_action if EV is positive.",mistralai/mistral-medium-3-5,0,0,0|0|0,0|0|0,0.000,0.000,11067
L9-043,L9,l9-L9-043,"Governance incentive capital action, L2 incentive extension. A DAO vote spans Compound/Aave style lending, Base and Arb bridge snapshots, and CEX liquidity. Proposal benefit if passed is $820,000, but probability of passage after incentives is 67%. Quorum/control target is 2,200,000 ARB votes; treasury already controls 1,250,000 ARB. Missing votes can be rented with bribes at $0 per ARB vote or borrowed at $1 spot price with 12.0% APR for 5 days. Bridge, gas, delegation, and solver costs are $22,000. There is a 6.0% chance of an adverse governance delay costing $380,000. Execute only if net expected USD profit is positive and missing votes <= on-chain lendable liquidity; lendable liquidity is 965,000 ARB. Compute expected_value = pass probability*benefit - bribe cost - borrow interest - bridge/gas/delegation costs - expected delay loss. Also state missing votes and reject no_action if EV is positive.",mistralai/mistral-small-2603,0,0,0|0|0,0|0|0,0.000,0.000,4498
L9-044,L9,l9-L9-044,"Refuse-to-trade decision, RFQ route during exchange halt. Evaluate a $1,200,000 SOL opportunity across Uniswap/Aave/Compound, CEX hedge, bridge, oracle, solver, and MEV routes. Execute only if an option has net expected USD profit > 0 and all hard constraints pass: max slippage 0.45%, oracle age <= 55 seconds, settlement <= 11 minutes, and required capital <= $1,200,000. Option A CEX hedge route: gross edge $18,500, fixed costs $6,200, slippage 0.19% of notional, expected risk 5.0% * $260,000, oracle age 44 seconds, settlement 14 minutes, required capital $1,180,000; Option B Uniswap bridge route: gross edge $13,600, fixed costs $3,900, slippage 0.51% of notional, expected risk 6.0% * $120,000, oracle age 49 seconds, settlement 9 minutes, required capital $1,100,000; Option C solver route: gross edge $21,000, fixed costs $4,800, slippage 0.22% of notional, expected risk 7.0% * $260,000, oracle age 63 seconds, settlement 8 minutes, required capital $1,190,000. For each option, net EV = gross edge - fixed costs - slippage dollars - expected risk loss. Reject hard-constraint violations even if net EV is positive. Return no_action if no option is both positive-EV and feasible.",mistralai/mistral-medium-3-5,0,0,0|0|0,0|0|0,0.000,0.000,1652
L9-044,L9,l9-L9-044,"Refuse-to-trade decision, RFQ route during exchange halt. Evaluate a $1,200,000 SOL opportunity across Uniswap/Aave/Compound, CEX hedge, bridge, oracle, solver, and MEV routes. Execute only if an option has net expected USD profit > 0 and all hard constraints pass: max slippage 0.45%, oracle age <= 55 seconds, settlement <= 11 minutes, and required capital <= $1,200,000. Option A CEX hedge route: gross edge $18,500, fixed costs $6,200, slippage 0.19% of notional, expected risk 5.0% * $260,000, oracle age 44 seconds, settlement 14 minutes, required capital $1,180,000; Option B Uniswap bridge route: gross edge $13,600, fixed costs $3,900, slippage 0.51% of notional, expected risk 6.0% * $120,000, oracle age 49 seconds, settlement 9 minutes, required capital $1,100,000; Option C solver route: gross edge $21,000, fixed costs $4,800, slippage 0.22% of notional, expected risk 7.0% * $260,000, oracle age 63 seconds, settlement 8 minutes, required capital $1,190,000. For each option, net EV = gross edge - fixed costs - slippage dollars - expected risk loss. Reject hard-constraint violations even if net EV is positive. Return no_action if no option is both positive-EV and feasible.",mistralai/mistral-small-2603,3,1,1|1|1,1|1|1,1.000,1.000,1171
L9-045,L9,l9-L9-045,"Carry basis funding arbitrage, slow convergence staking basis. Compare execute vs no-action for a delta-neutral stETH trade across Pendle PT hedge vs ETH-PERP short, with USDC collateral on Base/ETH and a bridge unwind through Arb. Capital $900,000, trade notional $1,800,000, horizon 7 days. The perp is richer than spot by 0.72%; positive funding means the short perp receives 0.018% per 8 hours. Fees and slippage across spot, perp, bridge, gas, and solver are 0.15% of notional plus $700 fixed. Borrow drag is 6.0% APR for the horizon and liquidation buffer reserve is $2,200. Execute only if net annualized return on equity is > 25%, slippage stays <= 0.35%, and the bridge window is <= 56 hours; otherwise return no_action. Compute expected_value as annualized APR percentage for the best feasible action: (basis capture + funding - percent costs - fixed costs - borrow drag - buffer reserve) / capital * 365 / days.",mistralai/mistral-medium-3-5,0,0,0|0|0,0|0|0,0.000,0.000,7270
L9-045,L9,l9-L9-045,"Carry basis funding arbitrage, slow convergence staking basis. Compare execute vs no-action for a delta-neutral stETH trade across Pendle PT hedge vs ETH-PERP short, with USDC collateral on Base/ETH and a bridge unwind through Arb. Capital $900,000, trade notional $1,800,000, horizon 7 days. The perp is richer than spot by 0.72%; positive funding means the short perp receives 0.018% per 8 hours. Fees and slippage across spot, perp, bridge, gas, and solver are 0.15% of notional plus $700 fixed. Borrow drag is 6.0% APR for the horizon and liquidation buffer reserve is $2,200. Execute only if net annualized return on equity is > 25%, slippage stays <= 0.35%, and the bridge window is <= 56 hours; otherwise return no_action. Compute expected_value as annualized APR percentage for the best feasible action: (basis capture + funding - percent costs - fixed costs - borrow drag - buffer reserve) / capital * 365 / days.",mistralai/mistral-small-2603,0,0,0|0|0,0|0|0,0.000,0.000,1835
L9-046,L9,l9-L9-046,"Cross-chain route cost selection, small-cap route with inventory cap. Swap $900,000 USDC into HYPE from Base to Hyperliquid; reference HYPE price is $28. Compare Uniswap/Across/solver/bridge/CEX routes and select the feasible route with lowest all-in USD cost before converting to output tokens. Hard constraints: settlement <= 12 minutes, oracle age <= 60 seconds, capacity >= notional, and slippage+risk must be included. Route A Uniswap bridge route: percent cost 0.45%, fixed $900, expected risk 0.05% of notional, settlement 11 minutes, oracle age 41 seconds, capacity $1,500,000; Route B solver inventory route: percent cost 0.21%, fixed $1,800, expected risk 0.02% of notional, settlement 7 minutes, oracle age 30 seconds, capacity $950,000; Route C direct bridge route: percent cost 0.19%, fixed $2,400, expected risk 0.09% of notional, settlement 9 minutes, oracle age 33 seconds, capacity $1,000,000. Compute each route cost = percent cost*notional + fixed + expected risk*notional. expected_value is USD saved by the best feasible route vs the second-best feasible route; also mention resulting extra HYPE = USD_saved / price.",mistralai/mistral-medium-3-5,0,0,0|0|0,0|0|0,0.000,0.000,4700
L9-046,L9,l9-L9-046,"Cross-chain route cost selection, small-cap route with inventory cap. Swap $900,000 USDC into HYPE from Base to Hyperliquid; reference HYPE price is $28. Compare Uniswap/Across/solver/bridge/CEX routes and select the feasible route with lowest all-in USD cost before converting to output tokens. Hard constraints: settlement <= 12 minutes, oracle age <= 60 seconds, capacity >= notional, and slippage+risk must be included. Route A Uniswap bridge route: percent cost 0.45%, fixed $900, expected risk 0.05% of notional, settlement 11 minutes, oracle age 41 seconds, capacity $1,500,000; Route B solver inventory route: percent cost 0.21%, fixed $1,800, expected risk 0.02% of notional, settlement 7 minutes, oracle age 30 seconds, capacity $950,000; Route C direct bridge route: percent cost 0.19%, fixed $2,400, expected risk 0.09% of notional, settlement 9 minutes, oracle age 33 seconds, capacity $1,000,000. Compute each route cost = percent cost*notional + fixed + expected risk*notional. expected_value is USD saved by the best feasible route vs the second-best feasible route; also mention resulting extra HYPE = USD_saved / price.",mistralai/mistral-small-2603,0,0,0|0|0,0|0|0,0.000,0.000,2040
L9-047,L9,l9-L9-047,"Collateral leverage liquidation control, governance-token collateral haircut. A Aave isolated market position on Base/ETH uses 70,000 COMP collateral at $62 and $1,650,000 USDC debt, with Aave/Compound oracle cross-check and bridge unwind available. Liquidation threshold is 55.0%. Stress branch: if COMP depegs or falls 20.0%, maintain target health factor >= 1.35; if the post-shock HF would be below target, repay USDC rather than add collateral. Closing loops adds $7,500 gas, slippage, and solver fees to debt before repay. Compute expected_value as the minimum USDC debt reduction required after fees. Formula: max(0, current debt + fees - collateral value * LT * (1 - shock) / target HF). Also report pre-repay HF and reject any borrow-more action.",mistralai/mistral-medium-3-5,0,0,0|0|0,0|0|0,0.000,0.000,3964
L9-047,L9,l9-L9-047,"Collateral leverage liquidation control, governance-token collateral haircut. A Aave isolated market position on Base/ETH uses 70,000 COMP collateral at $62 and $1,650,000 USDC debt, with Aave/Compound oracle cross-check and bridge unwind available. Liquidation threshold is 55.0%. Stress branch: if COMP depegs or falls 20.0%, maintain target health factor >= 1.35; if the post-shock HF would be below target, repay USDC rather than add collateral. Closing loops adds $7,500 gas, slippage, and solver fees to debt before repay. Compute expected_value as the minimum USDC debt reduction required after fees. Formula: max(0, current debt + fees - collateral value * LT * (1 - shock) / target HF). Also report pre-repay HF and reject any borrow-more action.",mistralai/mistral-small-2603,0,0,0|0|0,0|0|0,0.000,0.000,1752
L9-048,L9,l9-L9-048,"Staking/restaking risk selection, fast-withdrawal AVS basket. Restake 60 ETH across EigenLayer/Symbiotic-style AVSs and pick exactly 3 eligible AVSs by highest risk-adjusted APR. Net score = headline yield - operator fee - slashing multiplier * expected slashing loss, all in APR percentage points. Eligibility constraints: net score >= 5%, slashing multiplier <= 2.5, withdrawal delay <= 5 days, oracle freshness <= 18 minutes, and capacity >= 60 ETH. Data: A1 yield 6.4%, operator fee 0.2%, slashing 1 x 0.5%, delay 2 days, oracle age 8 minutes, capacity 80 ETH; A2 yield 8.9%, operator fee 0.5%, slashing 2.1 x 0.7%, delay 4 days, oracle age 15 minutes, capacity 100 ETH; A3 yield 10.2%, operator fee 0.8%, slashing 2.7 x 0.8%, delay 4 days, oracle age 12 minutes, capacity 120 ETH; A4 yield 7.1%, operator fee 0.3%, slashing 1.6 x 0.6%, delay 6 days, oracle age 10 minutes, capacity 70 ETH; A5 yield 7.8%, operator fee 0.4%, slashing 1.8 x 0.5%, delay 3 days, oracle age 16 minutes, capacity 65 ETH. Return only the unordered set of selected AVS IDs; do not allocate weights, and reject any AVS that fails a hard constraint even if its yield is high.",mistralai/mistral-medium-3-5,3,1,1|1|1,1|1|1,1.000,1.000,2457
L9-048,L9,l9-L9-048,"Staking/restaking risk selection, fast-withdrawal AVS basket. Restake 60 ETH across EigenLayer/Symbiotic-style AVSs and pick exactly 3 eligible AVSs by highest risk-adjusted APR. Net score = headline yield - operator fee - slashing multiplier * expected slashing loss, all in APR percentage points. Eligibility constraints: net score >= 5%, slashing multiplier <= 2.5, withdrawal delay <= 5 days, oracle freshness <= 18 minutes, and capacity >= 60 ETH. Data: A1 yield 6.4%, operator fee 0.2%, slashing 1 x 0.5%, delay 2 days, oracle age 8 minutes, capacity 80 ETH; A2 yield 8.9%, operator fee 0.5%, slashing 2.1 x 0.7%, delay 4 days, oracle age 15 minutes, capacity 100 ETH; A3 yield 10.2%, operator fee 0.8%, slashing 2.7 x 0.8%, delay 4 days, oracle age 12 minutes, capacity 120 ETH; A4 yield 7.1%, operator fee 0.3%, slashing 1.6 x 0.6%, delay 6 days, oracle age 10 minutes, capacity 70 ETH; A5 yield 7.8%, operator fee 0.4%, slashing 1.8 x 0.5%, delay 3 days, oracle age 16 minutes, capacity 65 ETH. Return only the unordered set of selected AVS IDs; do not allocate weights, and reject any AVS that fails a hard constraint even if its yield is high.",mistralai/mistral-small-2603,3,1,1|1|1,1|1|1,1.000,1.000,1393
L9-049,L9,l9-L9-049,"Flash-loan exploit EV triage, small pool liquidation with volatile slippage. A white-hat simulation considers a $5,000,000 USDC flash loan through Uniswap/Aave, with oracle manipulation, liquidations, MEV auction risk, and CEX hedge unwind. Gross liquidation profit if the bundle lands is $410,000. Costs on success: flash loan fee 0.05% of loan, gas $39,000, slippage $42,000, MEV payment $38,000. Success probability is 64%; if it fails or is frontrun, realized loss is flash-loan fee + gas + extra protection cost $52,000 and no liquidation profit. Hard constraints: oracle age <= 45 seconds, liquidation liquidity >= $400,000, and expected EV must be > 0 to execute. Current oracle age 29 seconds and liquidation liquidity $600,000. Compute expected_value as probability-weighted USD EV after all costs; abstain only if EV <= 0 or a hard constraint fails.",mistralai/mistral-medium-3-5,0,0,0|0|0,0|0|0,0.000,0.000,1459
L9-049,L9,l9-L9-049,"Flash-loan exploit EV triage, small pool liquidation with volatile slippage. A white-hat simulation considers a $5,000,000 USDC flash loan through Uniswap/Aave, with oracle manipulation, liquidations, MEV auction risk, and CEX hedge unwind. Gross liquidation profit if the bundle lands is $410,000. Costs on success: flash loan fee 0.05% of loan, gas $39,000, slippage $42,000, MEV payment $38,000. Success probability is 64%; if it fails or is frontrun, realized loss is flash-loan fee + gas + extra protection cost $52,000 and no liquidation profit. Hard constraints: oracle age <= 45 seconds, liquidation liquidity >= $400,000, and expected EV must be > 0 to execute. Current oracle age 29 seconds and liquidation liquidity $600,000. Compute expected_value as probability-weighted USD EV after all costs; abstain only if EV <= 0 or a hard constraint fails.",mistralai/mistral-small-2603,0,0,0|0|0,0|0|0,0.000,0.000,2047
L9-050,L9,l9-L9-050,"Fee APR annualization, small-cap solver fee APR. A Base Uniswap intent pool HYPE/USDC pool/hook strategy has $6,200,000 active liquidity, $9,500,000 daily volume, and 58% of volume eligible for the incremental fee. Incremental fee is 0.035%; LP capture is 88%, protocol skim is 15%, and keeper/gas/solver overhead is $520 per day. Compare the incremental design vs vanilla Uniswap/Pendle base fees, but expected_value must be only the incremental simple APR percentage: ((daily volume * eligible share * incremental fee * capture * (1 - skim) - daily fixed overhead) * 365) / active liquidity. Check whether incremental APR is positive after a 20% daily-volume stress and oracle age <= 30 minutes; expected_value remains the base-case incremental APR. Exclude compounding, LP-token price drift, base pool fees, and rewards.",mistralai/mistral-medium-3-5,0,0,0|0|0,0|0|0,0.000,0.000,1883
L9-050,L9,l9-L9-050,"Fee APR annualization, small-cap solver fee APR. A Base Uniswap intent pool HYPE/USDC pool/hook strategy has $6,200,000 active liquidity, $9,500,000 daily volume, and 58% of volume eligible for the incremental fee. Incremental fee is 0.035%; LP capture is 88%, protocol skim is 15%, and keeper/gas/solver overhead is $520 per day. Compare the incremental design vs vanilla Uniswap/Pendle base fees, but expected_value must be only the incremental simple APR percentage: ((daily volume * eligible share * incremental fee * capture * (1 - skim) - daily fixed overhead) * 365) / active liquidity. Check whether incremental APR is positive after a 20% daily-volume stress and oracle age <= 30 minutes; expected_value remains the base-case incremental APR. Exclude compounding, LP-token price drift, base pool fees, and rewards.",mistralai/mistral-small-2603,0,0,0|0|0,0|0|0,0.000,0.000,1416
L9-051,L9,l9-L9-051,"Governance incentive capital action, perp listing incentive. A DAO vote spans Compound/Aave style lending, Base and Arb bridge snapshots, and CEX liquidity. Proposal benefit if passed is $640,000, but probability of passage after incentives is 61%. Quorum/control target is 240,000 HYPE votes; treasury already controls 96,000 HYPE. Missing votes can be rented with bribes at $1 per HYPE vote or borrowed at $28 spot price with 28.0% APR for 3 days. Bridge, gas, delegation, and solver costs are $9,000. There is a 4.5% chance of an adverse governance delay costing $240,000. Execute only if net expected USD profit is positive and missing votes <= on-chain lendable liquidity; lendable liquidity is 159,000 HYPE. Compute expected_value = pass probability*benefit - bribe cost - borrow interest - bridge/gas/delegation costs - expected delay loss. Also state missing votes and reject no_action if EV is positive.",mistralai/mistral-medium-3-5,0,0,0|0|0,0|0|0,0.000,0.000,5683
L9-051,L9,l9-L9-051,"Governance incentive capital action, perp listing incentive. A DAO vote spans Compound/Aave style lending, Base and Arb bridge snapshots, and CEX liquidity. Proposal benefit if passed is $640,000, but probability of passage after incentives is 61%. Quorum/control target is 240,000 HYPE votes; treasury already controls 96,000 HYPE. Missing votes can be rented with bribes at $1 per HYPE vote or borrowed at $28 spot price with 28.0% APR for 3 days. Bridge, gas, delegation, and solver costs are $9,000. There is a 4.5% chance of an adverse governance delay costing $240,000. Execute only if net expected USD profit is positive and missing votes <= on-chain lendable liquidity; lendable liquidity is 159,000 HYPE. Compute expected_value = pass probability*benefit - bribe cost - borrow interest - bridge/gas/delegation costs - expected delay loss. Also state missing votes and reject no_action if EV is positive.",mistralai/mistral-small-2603,0,0,0|0|0,0|0|0,0.000,0.000,4010
L9-052,L9,l9-L9-052,"Refuse-to-trade decision, thin-liquidity funding capture rejection. Evaluate a $500,000 HYPE opportunity across Uniswap/Aave/Compound, CEX hedge, bridge, oracle, solver, and MEV routes. Execute only if an option has net expected USD profit > 0 and all hard constraints pass: max slippage 0.60%, oracle age <= 40 seconds, settlement <= 8 minutes, and required capital <= $500,000. Option A Hyperliquid perp plus Base spot: gross edge $9,600, fixed costs $2,300, slippage 0.72% of notional, expected risk 4.0% * $90,000, oracle age 31 seconds, settlement 6 minutes, required capital $480,000; Option B solver spot route: gross edge $12,800, fixed costs $3,900, slippage 0.35% of notional, expected risk 8.0% * $140,000, oracle age 35 seconds, settlement 10 minutes, required capital $490,000; Option C CEX hedge route: gross edge $7,200, fixed costs $2,600, slippage 0.28% of notional, expected risk 6.0% * $85,000, oracle age 46 seconds, settlement 7 minutes, required capital $470,000. For each option, net EV = gross edge - fixed costs - slippage dollars - expected risk loss. Reject hard-constraint violations even if net EV is positive. Return no_action if no option is both positive-EV and feasible.",mistralai/mistral-medium-3-5,0,0,0|0|0,0|0|0,0.000,0.000,2227
L9-052,L9,l9-L9-052,"Refuse-to-trade decision, thin-liquidity funding capture rejection. Evaluate a $500,000 HYPE opportunity across Uniswap/Aave/Compound, CEX hedge, bridge, oracle, solver, and MEV routes. Execute only if an option has net expected USD profit > 0 and all hard constraints pass: max slippage 0.60%, oracle age <= 40 seconds, settlement <= 8 minutes, and required capital <= $500,000. Option A Hyperliquid perp plus Base spot: gross edge $9,600, fixed costs $2,300, slippage 0.72% of notional, expected risk 4.0% * $90,000, oracle age 31 seconds, settlement 6 minutes, required capital $480,000; Option B solver spot route: gross edge $12,800, fixed costs $3,900, slippage 0.35% of notional, expected risk 8.0% * $140,000, oracle age 35 seconds, settlement 10 minutes, required capital $490,000; Option C CEX hedge route: gross edge $7,200, fixed costs $2,600, slippage 0.28% of notional, expected risk 6.0% * $85,000, oracle age 46 seconds, settlement 7 minutes, required capital $470,000. For each option, net EV = gross edge - fixed costs - slippage dollars - expected risk loss. Reject hard-constraint violations even if net EV is positive. Return no_action if no option is both positive-EV and feasible.",mistralai/mistral-small-2603,3,1,1|1|1,1|1|1,1.000,1.000,914
L9-053,L9,l9-L9-053,"Carry basis funding arbitrage, event-driven governance basis. Compare execute vs no-action for a delta-neutral COMP trade across Compound governance-token spot vs Bybit COMP-PERP, with USDC collateral on Base/ETH and a bridge unwind through Arb. Capital $600,000, trade notional $1,200,000, horizon 4 days. The perp is richer than spot by 0.55%; positive funding means the short perp receives 0.042% per 8 hours. Fees and slippage across spot, perp, bridge, gas, and solver are 0.24% of notional plus $500 fixed. Borrow drag is 18.0% APR for the horizon and liquidation buffer reserve is $3,500. Execute only if net annualized return on equity is > 25%, slippage stays <= 0.35%, and the bridge window is <= 32 hours; otherwise return no_action. Compute expected_value as annualized APR percentage for the best feasible action: (basis capture + funding - percent costs - fixed costs - borrow drag - buffer reserve) / capital * 365 / days.",mistralai/mistral-medium-3-5,0,0,0|0|0,0|0|0,0.000,0.000,4061
L9-053,L9,l9-L9-053,"Carry basis funding arbitrage, event-driven governance basis. Compare execute vs no-action for a delta-neutral COMP trade across Compound governance-token spot vs Bybit COMP-PERP, with USDC collateral on Base/ETH and a bridge unwind through Arb. Capital $600,000, trade notional $1,200,000, horizon 4 days. The perp is richer than spot by 0.55%; positive funding means the short perp receives 0.042% per 8 hours. Fees and slippage across spot, perp, bridge, gas, and solver are 0.24% of notional plus $500 fixed. Borrow drag is 18.0% APR for the horizon and liquidation buffer reserve is $3,500. Execute only if net annualized return on equity is > 25%, slippage stays <= 0.35%, and the bridge window is <= 32 hours; otherwise return no_action. Compute expected_value as annualized APR percentage for the best feasible action: (basis capture + funding - percent costs - fixed costs - borrow drag - buffer reserve) / capital * 365 / days.",mistralai/mistral-small-2603,0,0,0|0|0,0|0|0,0.000,0.000,2103
L9-054,L9,l9-L9-054,"Cross-chain route cost selection, large stETH bridge with withdrawal-risk pricing. Swap $4,500,000 USDC into stETH from ETH to Arb; reference stETH price is $3,200. Compare Uniswap/Across/solver/bridge/CEX routes and select the feasible route with lowest all-in USD cost before converting to output tokens. Hard constraints: settlement <= 20 minutes, oracle age <= 60 seconds, capacity >= notional, and slippage+risk must be included. Route A Uniswap stETH bridge: percent cost 0.38%, fixed $2,800, expected risk 0.03% of notional, settlement 18 minutes, oracle age 44 seconds, capacity $7,000,000; Route B Across solver route: percent cost 0.29%, fixed $4,300, expected risk 0.04% of notional, settlement 13 minutes, oracle age 32 seconds, capacity $5,000,000; Route C CEX inventory hedge: percent cost 0.22%, fixed $9,000, expected risk 0.02% of notional, settlement 16 minutes, oracle age 36 seconds, capacity $4,800,000. Compute each route cost = percent cost*notional + fixed + expected risk*notional. expected_value is USD saved by the best feasible route vs the second-best feasible route; also mention resulting extra stETH = USD_saved / price.",mistralai/mistral-medium-3-5,0,0,0|0|0,0|0|0,0.000,0.000,4591
L9-054,L9,l9-L9-054,"Cross-chain route cost selection, large stETH bridge with withdrawal-risk pricing. Swap $4,500,000 USDC into stETH from ETH to Arb; reference stETH price is $3,200. Compare Uniswap/Across/solver/bridge/CEX routes and select the feasible route with lowest all-in USD cost before converting to output tokens. Hard constraints: settlement <= 20 minutes, oracle age <= 60 seconds, capacity >= notional, and slippage+risk must be included. Route A Uniswap stETH bridge: percent cost 0.38%, fixed $2,800, expected risk 0.03% of notional, settlement 18 minutes, oracle age 44 seconds, capacity $7,000,000; Route B Across solver route: percent cost 0.29%, fixed $4,300, expected risk 0.04% of notional, settlement 13 minutes, oracle age 32 seconds, capacity $5,000,000; Route C CEX inventory hedge: percent cost 0.22%, fixed $9,000, expected risk 0.02% of notional, settlement 16 minutes, oracle age 36 seconds, capacity $4,800,000. Compute each route cost = percent cost*notional + fixed + expected risk*notional. expected_value is USD saved by the best feasible route vs the second-best feasible route; also mention resulting extra stETH = USD_saved / price.",mistralai/mistral-small-2603,0,0,0|0|0,0|0|0,0.000,0.000,3140
L9-055,L9,l9-L9-055,"Collateral leverage liquidation control, Base bridge depeg stress. A Compound on Base position on Base/ETH uses 1,000 stETH collateral at $3,100 and $2,050,000 USDC debt, with Aave/Compound oracle cross-check and bridge unwind available. Liquidation threshold is 84.0%. Stress branch: if stETH depegs or falls 9.0%, maintain target health factor >= 1.3; if the post-shock HF would be below target, repay USDC rather than add collateral. Closing loops adds $5,000 gas, slippage, and solver fees to debt before repay. Compute expected_value as the minimum USDC debt reduction required after fees. Formula: max(0, current debt + fees - collateral value * LT * (1 - shock) / target HF). Also report pre-repay HF and reject any borrow-more action.",mistralai/mistral-medium-3-5,0,0,0|0|0,0|0|0,0.000,0.000,4147
L9-055,L9,l9-L9-055,"Collateral leverage liquidation control, Base bridge depeg stress. A Compound on Base position on Base/ETH uses 1,000 stETH collateral at $3,100 and $2,050,000 USDC debt, with Aave/Compound oracle cross-check and bridge unwind available. Liquidation threshold is 84.0%. Stress branch: if stETH depegs or falls 9.0%, maintain target health factor >= 1.3; if the post-shock HF would be below target, repay USDC rather than add collateral. Closing loops adds $5,000 gas, slippage, and solver fees to debt before repay. Compute expected_value as the minimum USDC debt reduction required after fees. Formula: max(0, current debt + fees - collateral value * LT * (1 - shock) / target HF). Also report pre-repay HF and reject any borrow-more action.",mistralai/mistral-small-2603,0,0,0|0|0,0|0|0,0.000,0.000,1890
L9-056,L9,l9-L9-056,"Staking/restaking risk selection, post-incident conservative restake. Restake 180 stETH across EigenLayer/Symbiotic-style AVSs and pick exactly 3 eligible AVSs by highest risk-adjusted APR. Net score = headline yield - operator fee - slashing multiplier * expected slashing loss, all in APR percentage points. Eligibility constraints: net score >= 6.5%, slashing multiplier <= 3, withdrawal delay <= 7 days, oracle freshness <= 22 minutes, and capacity >= 180 stETH. Data: A1 yield 8.2%, operator fee 0.4%, slashing 1.8 x 0.7%, delay 5 days, oracle age 12 minutes, capacity 220 stETH; A2 yield 12.5%, operator fee 0.9%, slashing 3.1 x 1%, delay 6 days, oracle age 20 minutes, capacity 260 stETH; A3 yield 9.7%, operator fee 0.6%, slashing 2 x 0.8%, delay 4 days, oracle age 18 minutes, capacity 200 stETH; A4 yield 7.8%, operator fee 0.3%, slashing 1.2 x 0.5%, delay 3 days, oracle age 10 minutes, capacity 190 stETH; A5 yield 10.9%, operator fee 0.7%, slashing 2.4 x 0.9%, delay 8 days, oracle age 16 minutes, capacity 300 stETH. Return only the unordered set of selected AVS IDs; do not allocate weights, and reject any AVS that fails a hard constraint even if its yield is high.",mistralai/mistral-medium-3-5,3,1,1|1|1,1|1|1,1.000,1.000,5192
L9-056,L9,l9-L9-056,"Staking/restaking risk selection, post-incident conservative restake. Restake 180 stETH across EigenLayer/Symbiotic-style AVSs and pick exactly 3 eligible AVSs by highest risk-adjusted APR. Net score = headline yield - operator fee - slashing multiplier * expected slashing loss, all in APR percentage points. Eligibility constraints: net score >= 6.5%, slashing multiplier <= 3, withdrawal delay <= 7 days, oracle freshness <= 22 minutes, and capacity >= 180 stETH. Data: A1 yield 8.2%, operator fee 0.4%, slashing 1.8 x 0.7%, delay 5 days, oracle age 12 minutes, capacity 220 stETH; A2 yield 12.5%, operator fee 0.9%, slashing 3.1 x 1%, delay 6 days, oracle age 20 minutes, capacity 260 stETH; A3 yield 9.7%, operator fee 0.6%, slashing 2 x 0.8%, delay 4 days, oracle age 18 minutes, capacity 200 stETH; A4 yield 7.8%, operator fee 0.3%, slashing 1.2 x 0.5%, delay 3 days, oracle age 10 minutes, capacity 190 stETH; A5 yield 10.9%, operator fee 0.7%, slashing 2.4 x 0.9%, delay 8 days, oracle age 16 minutes, capacity 300 stETH. Return only the unordered set of selected AVS IDs; do not allocate weights, and reject any AVS that fails a hard constraint even if its yield is high.",mistralai/mistral-small-2603,3,1,1|1|1,1|1|1,1.000,1.000,1916
L9-057,L9,l9-L9-057,"Flash-loan exploit EV triage, large toxic-flow liquidation with high fail penalty. A white-hat simulation considers a $30,000,000 USDC flash loan through Uniswap/Aave, with oracle manipulation, liquidations, MEV auction risk, and CEX hedge unwind. Gross liquidation profit if the bundle lands is $2,100,000. Costs on success: flash loan fee 0.06% of loan, gas $145,000, slippage $280,000, MEV payment $260,000. Success probability is 59%; if it fails or is frontrun, realized loss is flash-loan fee + gas + extra protection cost $190,000 and no liquidation profit. Hard constraints: oracle age <= 45 seconds, liquidation liquidity >= $2,400,000, and expected EV must be > 0 to execute. Current oracle age 27 seconds and liquidation liquidity $3,600,000. Compute expected_value as probability-weighted USD EV after all costs; abstain only if EV <= 0 or a hard constraint fails.",mistralai/mistral-medium-3-5,0,0,0|0|0,0|0|0,0.000,0.000,2741
L9-057,L9,l9-L9-057,"Flash-loan exploit EV triage, large toxic-flow liquidation with high fail penalty. A white-hat simulation considers a $30,000,000 USDC flash loan through Uniswap/Aave, with oracle manipulation, liquidations, MEV auction risk, and CEX hedge unwind. Gross liquidation profit if the bundle lands is $2,100,000. Costs on success: flash loan fee 0.06% of loan, gas $145,000, slippage $280,000, MEV payment $260,000. Success probability is 59%; if it fails or is frontrun, realized loss is flash-loan fee + gas + extra protection cost $190,000 and no liquidation profit. Hard constraints: oracle age <= 45 seconds, liquidation liquidity >= $2,400,000, and expected EV must be > 0 to execute. Current oracle age 27 seconds and liquidation liquidity $3,600,000. Compute expected_value as probability-weighted USD EV after all costs; abstain only if EV <= 0 or a hard constraint fails.",mistralai/mistral-small-2603,0,0,0|0|0,0|0|0,0.000,0.000,2943
L9-058,L9,l9-L9-058,"Fee APR annualization, blue-chip liquidation fee stream. A Compound liquidation auction pool BTC/USDC pool/hook strategy has $26,000,000 active liquidity, $38,000,000 daily volume, and 44% of volume eligible for the incremental fee. Incremental fee is 0.028%; LP capture is 82%, protocol skim is 10%, and keeper/gas/solver overhead is $2,100 per day. Compare the incremental design vs vanilla Uniswap/Pendle base fees, but expected_value must be only the incremental simple APR percentage: ((daily volume * eligible share * incremental fee * capture * (1 - skim) - daily fixed overhead) * 365) / active liquidity. Check whether incremental APR is positive after a 20% daily-volume stress and oracle age <= 30 minutes; expected_value remains the base-case incremental APR. Exclude compounding, LP-token price drift, base pool fees, and rewards.",mistralai/mistral-medium-3-5,2,1,1|0|1,1|0|1,0.667,1.000,1318
L9-058,L9,l9-L9-058,"Fee APR annualization, blue-chip liquidation fee stream. A Compound liquidation auction pool BTC/USDC pool/hook strategy has $26,000,000 active liquidity, $38,000,000 daily volume, and 44% of volume eligible for the incremental fee. Incremental fee is 0.028%; LP capture is 82%, protocol skim is 10%, and keeper/gas/solver overhead is $2,100 per day. Compare the incremental design vs vanilla Uniswap/Pendle base fees, but expected_value must be only the incremental simple APR percentage: ((daily volume * eligible share * incremental fee * capture * (1 - skim) - daily fixed overhead) * 365) / active liquidity. Check whether incremental APR is positive after a 20% daily-volume stress and oracle age <= 30 minutes; expected_value remains the base-case incremental APR. Exclude compounding, LP-token price drift, base pool fees, and rewards.",mistralai/mistral-small-2603,1,0,0|0|1,0|0|1,0.333,0.000,1629
L9-059,L9,l9-L9-059,"Governance incentive capital action, risk-parameter rollback. A DAO vote spans Compound/Aave style lending, Base and Arb bridge snapshots, and CEX liquidity. Proposal benefit if passed is $1,200,000, but probability of passage after incentives is 63%. Quorum/control target is 98,000 COMP votes; treasury already controls 55,000 COMP. Missing votes can be rented with bribes at $4 per COMP vote or borrowed at $66 spot price with 20.0% APR for 9 days. Bridge, gas, delegation, and solver costs are $16,000. There is a 4.0% chance of an adverse governance delay costing $520,000. Execute only if net expected USD profit is positive and missing votes <= on-chain lendable liquidity; lendable liquidity is 58,000 COMP. Compute expected_value = pass probability*benefit - bribe cost - borrow interest - bridge/gas/delegation costs - expected delay loss. Also state missing votes and reject no_action if EV is positive.",mistralai/mistral-medium-3-5,0,0,0|0|0,0|0|0,0.000,0.000,2367
L9-059,L9,l9-L9-059,"Governance incentive capital action, risk-parameter rollback. A DAO vote spans Compound/Aave style lending, Base and Arb bridge snapshots, and CEX liquidity. Proposal benefit if passed is $1,200,000, but probability of passage after incentives is 63%. Quorum/control target is 98,000 COMP votes; treasury already controls 55,000 COMP. Missing votes can be rented with bribes at $4 per COMP vote or borrowed at $66 spot price with 20.0% APR for 9 days. Bridge, gas, delegation, and solver costs are $16,000. There is a 4.0% chance of an adverse governance delay costing $520,000. Execute only if net expected USD profit is positive and missing votes <= on-chain lendable liquidity; lendable liquidity is 58,000 COMP. Compute expected_value = pass probability*benefit - bribe cost - borrow interest - bridge/gas/delegation costs - expected delay loss. Also state missing votes and reject no_action if EV is positive.",mistralai/mistral-small-2603,0,0,0|0|0,0|0|0,0.000,0.000,2282
L9-060,L9,l9-L9-060,"Refuse-to-trade decision, restaking incident unwind abstention. Evaluate a $2,200,000 stETH opportunity across Uniswap/Aave/Compound, CEX hedge, bridge, oracle, solver, and MEV routes. Execute only if an option has net expected USD profit > 0 and all hard constraints pass: max slippage 0.30%, oracle age <= 35 seconds, settlement <= 14 minutes, and required capital <= $2,200,000. Option A Aave repay via Uniswap: gross edge $31,000, fixed costs $8,400, slippage 0.36% of notional, expected risk 5.0% * $360,000, oracle age 28 seconds, settlement 12 minutes, required capital $2,100,000; Option B CEX hedge bridge unwind: gross edge $52,000, fixed costs $14,200, slippage 0.15% of notional, expected risk 9.0% * $430,000, oracle age 30 seconds, settlement 17 minutes, required capital $2,050,000; Option C solver liquidation fill: gross edge $38,000, fixed costs $9,300, slippage 0.22% of notional, expected risk 6.0% * $390,000, oracle age 41 seconds, settlement 11 minutes, required capital $2,150,000. For each option, net EV = gross edge - fixed costs - slippage dollars - expected risk loss. Reject hard-constraint violations even if net EV is positive. Return no_action if no option is both positive-EV and feasible.",mistralai/mistral-medium-3-5,0,0,0|0|0,0|0|0,0.000,0.000,3788
L9-060,L9,l9-L9-060,"Refuse-to-trade decision, restaking incident unwind abstention. Evaluate a $2,200,000 stETH opportunity across Uniswap/Aave/Compound, CEX hedge, bridge, oracle, solver, and MEV routes. Execute only if an option has net expected USD profit > 0 and all hard constraints pass: max slippage 0.30%, oracle age <= 35 seconds, settlement <= 14 minutes, and required capital <= $2,200,000. Option A Aave repay via Uniswap: gross edge $31,000, fixed costs $8,400, slippage 0.36% of notional, expected risk 5.0% * $360,000, oracle age 28 seconds, settlement 12 minutes, required capital $2,100,000; Option B CEX hedge bridge unwind: gross edge $52,000, fixed costs $14,200, slippage 0.15% of notional, expected risk 9.0% * $430,000, oracle age 30 seconds, settlement 17 minutes, required capital $2,050,000; Option C solver liquidation fill: gross edge $38,000, fixed costs $9,300, slippage 0.22% of notional, expected risk 6.0% * $390,000, oracle age 41 seconds, settlement 11 minutes, required capital $2,150,000. For each option, net EV = gross edge - fixed costs - slippage dollars - expected risk loss. Reject hard-constraint violations even if net EV is positive. Return no_action if no option is both positive-EV and feasible.",mistralai/mistral-small-2603,3,1,1|1|1,1|1|1,1.000,1.000,1153
L9-061,L9,l9-L9-061,"Carry-basis funding arbitrage, post-unlock positive funding window. On 2026-06-12 compare execute vs no-action for a delta-neutral ARB trade using Arbitrum spot inventory vs Hyperliquid ARB-PERP short, with USDC collateral staged on Base and the hedge unwind through Arbitrum. Capital $850,000, trade notional $2,125,000, horizon 3.5 days. The perp/futures leg is richer than spot by 0.43%; positive funding means the short derivative receives 0.054% per 8 hours. All entry/exit fees, bridge tolls, solver fees, gas, and slippage consume 0.19% of notional plus $780 fixed. Borrow drag is 9.5% APR for the horizon and the liquidation-buffer reserve is $2,400. Execute only if net annualized return on equity is > 25%, realized slippage stays <= 0.31%, and the bridge window is <= 24 hours; observed bridge window is 18 hours. Compute expected_value as annualized APR percentage for the best feasible action: (basis capture + funding - percent costs - fixed costs - borrow drag - buffer reserve) / capital * 365 / days.",mistralai/mistral-medium-3-5,0,0,0|0|0,0|0|0,0.000,0.000,5749
L9-061,L9,l9-L9-061,"Carry-basis funding arbitrage, post-unlock positive funding window. On 2026-06-12 compare execute vs no-action for a delta-neutral ARB trade using Arbitrum spot inventory vs Hyperliquid ARB-PERP short, with USDC collateral staged on Base and the hedge unwind through Arbitrum. Capital $850,000, trade notional $2,125,000, horizon 3.5 days. The perp/futures leg is richer than spot by 0.43%; positive funding means the short derivative receives 0.054% per 8 hours. All entry/exit fees, bridge tolls, solver fees, gas, and slippage consume 0.19% of notional plus $780 fixed. Borrow drag is 9.5% APR for the horizon and the liquidation-buffer reserve is $2,400. Execute only if net annualized return on equity is > 25%, realized slippage stays <= 0.31%, and the bridge window is <= 24 hours; observed bridge window is 18 hours. Compute expected_value as annualized APR percentage for the best feasible action: (basis capture + funding - percent costs - fixed costs - borrow drag - buffer reserve) / capital * 365 / days.",mistralai/mistral-small-2603,0,0,0|0|0,0|0|0,0.000,0.000,1935
L9-062,L9,l9-L9-062,"Cross-chain route cost selection, L2 governance-token route with one fast-but-stale bridge leg. Swap $1,900,000 USDC into ARB from Ethereum to Arbitrum; reference ARB price is $1.15. Compare four Uniswap/Across/solver/bridge/CEX style routes and select the feasible route with lowest all-in USD cost before converting to output tokens. Hard constraints: settlement <= 18 minutes, oracle age <= 50 seconds, capacity >= notional, and slippage+risk must be included. Route A canonical bridge plus DEX: percent cost 0.52%, fixed $1,800, expected risk 0.03% of notional, settlement 17 minutes, oracle age 44 seconds, capacity $3,000,000; Route B Across RFQ solver: percent cost 0.2%, fixed $3,200, expected risk 0.04% of notional, settlement 10 minutes, oracle age 32 seconds, capacity $2,200,000; Route C CEX inventory transfer: percent cost 0.18%, fixed $5,200, expected risk 0.02% of notional, settlement 14 minutes, oracle age 38 seconds, capacity $1,950,000; Route D direct bridge with DEX out: percent cost 0.24%, fixed $1,600, expected risk 0.12% of notional, settlement 22 minutes, oracle age 41 seconds, capacity $2,400,000. Compute each route cost = percent cost*notional + fixed + expected risk*notional. expected_value is USD saved by the best feasible route versus the second-best feasible route; also mention resulting extra ARB = USD_saved / price.",mistralai/mistral-medium-3-5,0,0,0|0|0,0|0|0,0.000,0.000,4183
L9-062,L9,l9-L9-062,"Cross-chain route cost selection, L2 governance-token route with one fast-but-stale bridge leg. Swap $1,900,000 USDC into ARB from Ethereum to Arbitrum; reference ARB price is $1.15. Compare four Uniswap/Across/solver/bridge/CEX style routes and select the feasible route with lowest all-in USD cost before converting to output tokens. Hard constraints: settlement <= 18 minutes, oracle age <= 50 seconds, capacity >= notional, and slippage+risk must be included. Route A canonical bridge plus DEX: percent cost 0.52%, fixed $1,800, expected risk 0.03% of notional, settlement 17 minutes, oracle age 44 seconds, capacity $3,000,000; Route B Across RFQ solver: percent cost 0.2%, fixed $3,200, expected risk 0.04% of notional, settlement 10 minutes, oracle age 32 seconds, capacity $2,200,000; Route C CEX inventory transfer: percent cost 0.18%, fixed $5,200, expected risk 0.02% of notional, settlement 14 minutes, oracle age 38 seconds, capacity $1,950,000; Route D direct bridge with DEX out: percent cost 0.24%, fixed $1,600, expected risk 0.12% of notional, settlement 22 minutes, oracle age 41 seconds, capacity $2,400,000. Compute each route cost = percent cost*notional + fixed + expected risk*notional. expected_value is USD saved by the best feasible route versus the second-best feasible route; also mention resulting extra ARB = USD_saved / price.",mistralai/mistral-small-2603,0,0,0|0|0,0|0|0,0.000,0.000,1992
L9-063,L9,l9-L9-063,"Collateral leverage liquidation control, governance collateral haircut after oracle dispersion. A Aave isolated governance-token market position on Base/ETH uses 4,200 AAVE collateral at $125 and $305,000 USDC debt, with Aave/Compound oracle cross-check and a bridge unwind path available. Liquidation threshold is 68%. Stress branch: if AAVE depegs or falls 16%, maintain target health factor >= 1.32; if the post-shock HF would be below target, repay USDC rather than add collateral or borrow more. Closing loops adds $3,800 gas, slippage, solver, and unwind fees to debt before repay. Compute expected_value as the minimum USDC debt reduction required after fees. Formula: max(0, current debt + fees - collateral value * LT * (1 - shock) / target HF). Also report pre-repay stressed HF and reject any borrow-more action.",mistralai/mistral-medium-3-5,0,0,0|0|0,0|0|0,0.000,0.000,4584
L9-063,L9,l9-L9-063,"Collateral leverage liquidation control, governance collateral haircut after oracle dispersion. A Aave isolated governance-token market position on Base/ETH uses 4,200 AAVE collateral at $125 and $305,000 USDC debt, with Aave/Compound oracle cross-check and a bridge unwind path available. Liquidation threshold is 68%. Stress branch: if AAVE depegs or falls 16%, maintain target health factor >= 1.32; if the post-shock HF would be below target, repay USDC rather than add collateral or borrow more. Closing loops adds $3,800 gas, slippage, solver, and unwind fees to debt before repay. Compute expected_value as the minimum USDC debt reduction required after fees. Formula: max(0, current debt + fees - collateral value * LT * (1 - shock) / target HF). Also report pre-repay stressed HF and reject any borrow-more action.",mistralai/mistral-small-2603,0,0,0|0|0,0|0|0,0.000,0.000,2676
L9-064,L9,l9-L9-064,"Staking/restaking risk selection, rETH AVS basket with high-yield multiplier traps. Restake 120 rETH across EigenLayer/Symbiotic-style AVSs and pick exactly 3 eligible AVSs by highest risk-adjusted APR. Net score = headline yield - operator fee - slashing multiplier * expected slashing loss, all in APR percentage points. Eligibility constraints: net score >= 5.8%, slashing multiplier <= 3, withdrawal delay <= 7 days, oracle freshness <= 25 minutes, and capacity >= 120 rETH. Data: R1 yield 8.1%, operator fee 0.4%, slashing 1.4 x 0.6%, delay 4 days, oracle age 12 minutes, capacity 150 rETH; R2 yield 11.4%, operator fee 0.9%, slashing 2.8 x 0.9%, delay 7 days, oracle age 18 minutes, capacity 180 rETH; R3 yield 9.2%, operator fee 0.5%, slashing 1.7 x 0.7%, delay 5 days, oracle age 21 minutes, capacity 140 rETH; R4 yield 13%, operator fee 0.8%, slashing 3.4 x 1.1%, delay 6 days, oracle age 10 minutes, capacity 240 rETH; R5 yield 7%, operator fee 0.2%, slashing 0.9 x 0.5%, delay 9 days, oracle age 9 minutes, capacity 130 rETH; R6 yield 10%, operator fee 0.7%, slashing 2.2 x 0.8%, delay 6 days, oracle age 28 minutes, capacity 170 rETH. Return only the unordered set of selected AVS IDs; do not allocate weights, and reject any AVS that fails a hard constraint even if its yield is high.",mistralai/mistral-medium-3-5,3,1,1|1|1,1|1|1,1.000,1.000,4268
L9-064,L9,l9-L9-064,"Staking/restaking risk selection, rETH AVS basket with high-yield multiplier traps. Restake 120 rETH across EigenLayer/Symbiotic-style AVSs and pick exactly 3 eligible AVSs by highest risk-adjusted APR. Net score = headline yield - operator fee - slashing multiplier * expected slashing loss, all in APR percentage points. Eligibility constraints: net score >= 5.8%, slashing multiplier <= 3, withdrawal delay <= 7 days, oracle freshness <= 25 minutes, and capacity >= 120 rETH. Data: R1 yield 8.1%, operator fee 0.4%, slashing 1.4 x 0.6%, delay 4 days, oracle age 12 minutes, capacity 150 rETH; R2 yield 11.4%, operator fee 0.9%, slashing 2.8 x 0.9%, delay 7 days, oracle age 18 minutes, capacity 180 rETH; R3 yield 9.2%, operator fee 0.5%, slashing 1.7 x 0.7%, delay 5 days, oracle age 21 minutes, capacity 140 rETH; R4 yield 13%, operator fee 0.8%, slashing 3.4 x 1.1%, delay 6 days, oracle age 10 minutes, capacity 240 rETH; R5 yield 7%, operator fee 0.2%, slashing 0.9 x 0.5%, delay 9 days, oracle age 9 minutes, capacity 130 rETH; R6 yield 10%, operator fee 0.7%, slashing 2.2 x 0.8%, delay 6 days, oracle age 28 minutes, capacity 170 rETH. Return only the unordered set of selected AVS IDs; do not allocate weights, and reject any AVS that fails a hard constraint even if its yield is high.",mistralai/mistral-small-2603,3,1,1|1|1,1|1|1,1.000,1.000,1806
L9-065,L9,l9-L9-065,"Flash-loan exploit EV triage, oracle-lag liquidation with failed-hedge downside. A white-hat simulation considers a $18,000,000 USDC flash loan through Uniswap/Aave, with oracle manipulation, liquidation capture, MEV auction risk, and CEX hedge unwind. Gross liquidation profit if the bundle lands is $1,240,000. Costs on success: flash loan fee 0.05% of loan, gas $82,000, slippage $155,000, MEV payment $130,000, and hedge unwind $35,000. Success probability is 66%; if it fails or is frontrun, realized loss is flash-loan fee + gas + extra protection cost $95,000 + failed hedge cost $25,000 and no liquidation profit. Hard constraints: oracle age <= 40 seconds, liquidation liquidity >= $1,600,000, and expected EV must be > 0 to execute. Current oracle age 26 seconds and liquidation liquidity $2,100,000. Compute expected_value as probability-weighted USD EV after all success and failure costs; abstain only if EV <= 0 or a hard constraint fails.",mistralai/mistral-medium-3-5,0,0,0|0|0,0|0|0,0.000,0.000,1819
L9-065,L9,l9-L9-065,"Flash-loan exploit EV triage, oracle-lag liquidation with failed-hedge downside. A white-hat simulation considers a $18,000,000 USDC flash loan through Uniswap/Aave, with oracle manipulation, liquidation capture, MEV auction risk, and CEX hedge unwind. Gross liquidation profit if the bundle lands is $1,240,000. Costs on success: flash loan fee 0.05% of loan, gas $82,000, slippage $155,000, MEV payment $130,000, and hedge unwind $35,000. Success probability is 66%; if it fails or is frontrun, realized loss is flash-loan fee + gas + extra protection cost $95,000 + failed hedge cost $25,000 and no liquidation profit. Hard constraints: oracle age <= 40 seconds, liquidation liquidity >= $1,600,000, and expected EV must be > 0 to execute. Current oracle age 26 seconds and liquidation liquidity $2,100,000. Compute expected_value as probability-weighted USD EV after all success and failure costs; abstain only if EV <= 0 or a hard constraint fails.",mistralai/mistral-small-2603,0,0,0|0|0,0|0|0,0.000,0.000,2513
L9-066,L9,l9-L9-066,"Fee APR annualization, two-bucket stablecoin hook fee stream. A Uniswap/Pendle-style LUSD/USDC pool/hook strategy has $18,000,000 active liquidity. Daily flow has two separately priced eligible buckets: bucket 1 volume $24,000,000 with 44% eligible for a 0.022% incremental fee, and bucket 2 volume $6,000,000 with 80% eligible for a 0.04% incremental fee. LP capture is 87%, protocol skim is 9%, and keeper/gas/solver overhead is $1,200 per day. Compare the incremental design vs vanilla base fees, but expected_value must be only the incremental simple APR percentage: (((bucket1 volume * eligible share * incremental fee) + (bucket2 volume * eligible share * incremental fee)) * capture * (1 - skim) - daily fixed overhead) * 365 / active liquidity. Check whether incremental APR remains positive after a 25% volume stress and oracle age <= 25 minutes; expected_value remains the base-case incremental APR. Exclude compounding, rewards, base pool fees, inventory drift, and LP-token price movement.",mistralai/mistral-medium-3-5,0,0,0|0|0,0|0|0,0.000,0.000,1844
L9-066,L9,l9-L9-066,"Fee APR annualization, two-bucket stablecoin hook fee stream. A Uniswap/Pendle-style LUSD/USDC pool/hook strategy has $18,000,000 active liquidity. Daily flow has two separately priced eligible buckets: bucket 1 volume $24,000,000 with 44% eligible for a 0.022% incremental fee, and bucket 2 volume $6,000,000 with 80% eligible for a 0.04% incremental fee. LP capture is 87%, protocol skim is 9%, and keeper/gas/solver overhead is $1,200 per day. Compare the incremental design vs vanilla base fees, but expected_value must be only the incremental simple APR percentage: (((bucket1 volume * eligible share * incremental fee) + (bucket2 volume * eligible share * incremental fee)) * capture * (1 - skim) - daily fixed overhead) * 365 / active liquidity. Check whether incremental APR remains positive after a 25% volume stress and oracle age <= 25 minutes; expected_value remains the base-case incremental APR. Exclude compounding, rewards, base pool fees, inventory drift, and LP-token price movement.",mistralai/mistral-small-2603,0,0,0|0|0,0|0|0,0.000,0.000,1490
L9-067,L9,l9-L9-067,"Governance incentive capital action, surplus-buffer parameter vote. A DAO vote spans Compound/Aave-style lending, Base and Arbitrum bridge snapshots, CEX liquidity, delegation, and incentive routing. Proposal benefit if passed is $2,800,000, but probability of passage after incentives is 57%. Quorum/control target is 38,000 MKR votes; treasury already controls 21,500 MKR. Missing votes are rented with bribes at $24 per MKR vote and financed by borrowing the same MKR exposure at $1900 spot with 14% APR for 6 days. Bridge, gas, delegation, vote-market, and solver costs are $28,000. There is a 3.5% chance of an adverse governance delay costing $1,100,000. Execute only if net expected USD profit is positive and missing votes <= on-chain lendable liquidity; lendable liquidity is 19,000 MKR. Compute expected_value = pass probability*benefit - bribe cost - borrow interest - fixed costs - expected delay loss. Also state missing votes and reject no_action if EV is positive.",mistralai/mistral-medium-3-5,0,0,0|0|0,0|0|0,0.000,0.000,3999
L9-067,L9,l9-L9-067,"Governance incentive capital action, surplus-buffer parameter vote. A DAO vote spans Compound/Aave-style lending, Base and Arbitrum bridge snapshots, CEX liquidity, delegation, and incentive routing. Proposal benefit if passed is $2,800,000, but probability of passage after incentives is 57%. Quorum/control target is 38,000 MKR votes; treasury already controls 21,500 MKR. Missing votes are rented with bribes at $24 per MKR vote and financed by borrowing the same MKR exposure at $1900 spot with 14% APR for 6 days. Bridge, gas, delegation, vote-market, and solver costs are $28,000. There is a 3.5% chance of an adverse governance delay costing $1,100,000. Execute only if net expected USD profit is positive and missing votes <= on-chain lendable liquidity; lendable liquidity is 19,000 MKR. Compute expected_value = pass probability*benefit - bribe cost - borrow interest - fixed costs - expected delay loss. Also state missing votes and reject no_action if EV is positive.",mistralai/mistral-small-2603,0,0,0|0|0,0|0|0,0.000,0.000,2385
L9-068,L9,l9-L9-068,"Refuse-to-trade decision, stablecoin depeg backrun where only invalid paths look profitable. Evaluate a $900,000 USDC opportunity across Uniswap/Aave/Compound, CEX hedge, bridge, oracle, solver, and MEV routes. Execute only if an option has net expected USD profit > 0 and all hard constraints pass: max slippage 0.32%, oracle age <= 50 seconds, settlement <= 9 minutes, and required capital <= $900,000. Option A Uniswap backrun: gross edge $15,000, fixed costs $3,500, slippage 0.38% of notional, expected risk 6% * $130,000, oracle age 42 seconds, settlement 7 minutes, required capital $880,000; Option B RFQ bridge solver: gross edge $24,000, fixed costs $5,200, slippage 0.12% of notional, expected risk 4% * $480,000, oracle age 35 seconds, settlement 12 minutes, required capital $890,000; Option C CEX hedge bridge unwind: gross edge $10,500, fixed costs $3,200, slippage 0.21% of notional, expected risk 2% * $220,000, oracle age 62 seconds, settlement 8 minutes, required capital $870,000; Option D private relay fill: gross edge $8,500, fixed costs $2,100, slippage 0.28% of notional, expected risk 10% * $80,000, oracle age 39 seconds, settlement 7 minutes, required capital $760,000. For each option, net EV = gross edge - fixed costs - slippage dollars - expected risk loss. Reject hard-constraint violations even if net EV is positive. Return no_action if no option is both positive-EV and feasible, and report top-level expected_value = 0 only when abstaining.",mistralai/mistral-medium-3-5,3,1,1|1|1,1|1|1,1.000,1.000,2149
L9-068,L9,l9-L9-068,"Refuse-to-trade decision, stablecoin depeg backrun where only invalid paths look profitable. Evaluate a $900,000 USDC opportunity across Uniswap/Aave/Compound, CEX hedge, bridge, oracle, solver, and MEV routes. Execute only if an option has net expected USD profit > 0 and all hard constraints pass: max slippage 0.32%, oracle age <= 50 seconds, settlement <= 9 minutes, and required capital <= $900,000. Option A Uniswap backrun: gross edge $15,000, fixed costs $3,500, slippage 0.38% of notional, expected risk 6% * $130,000, oracle age 42 seconds, settlement 7 minutes, required capital $880,000; Option B RFQ bridge solver: gross edge $24,000, fixed costs $5,200, slippage 0.12% of notional, expected risk 4% * $480,000, oracle age 35 seconds, settlement 12 minutes, required capital $890,000; Option C CEX hedge bridge unwind: gross edge $10,500, fixed costs $3,200, slippage 0.21% of notional, expected risk 2% * $220,000, oracle age 62 seconds, settlement 8 minutes, required capital $870,000; Option D private relay fill: gross edge $8,500, fixed costs $2,100, slippage 0.28% of notional, expected risk 10% * $80,000, oracle age 39 seconds, settlement 7 minutes, required capital $760,000. For each option, net EV = gross edge - fixed costs - slippage dollars - expected risk loss. Reject hard-constraint violations even if net EV is positive. Return no_action if no option is both positive-EV and feasible, and report top-level expected_value = 0 only when abstaining.",mistralai/mistral-small-2603,3,1,1|1|1,1|1|1,1.000,1.000,960
L9-069,L9,l9-L9-069,"Carry-basis funding arbitrage, quarterly-future basis with borrow-drag sensitivity. On 2026-06-12 compare execute vs no-action for a delta-neutral OP trade using Optimism spot basket vs OKX OP quarterly future short, with USDC collateral staged on Base and the hedge unwind through Arbitrum. Capital $1,100,000, trade notional $2,750,000, horizon 6 days. The perp/futures leg is richer than spot by 0.31%; positive funding means the short derivative receives 0.027% per 8 hours. All entry/exit fees, bridge tolls, solver fees, gas, and slippage consume 0.11% of notional plus $1,300 fixed. Borrow drag is 8.2% APR for the horizon and the liquidation-buffer reserve is $3,500. Execute only if net annualized return on equity is > 25%, realized slippage stays <= 0.28%, and the bridge window is <= 36 hours; observed bridge window is 30 hours. Compute expected_value as annualized APR percentage for the best feasible action: (basis capture + funding - percent costs - fixed costs - borrow drag - buffer reserve) / capital * 365 / days.",mistralai/mistral-medium-3-5,0,0,0|0|0,0|0|0,0.000,0.000,7971
L9-069,L9,l9-L9-069,"Carry-basis funding arbitrage, quarterly-future basis with borrow-drag sensitivity. On 2026-06-12 compare execute vs no-action for a delta-neutral OP trade using Optimism spot basket vs OKX OP quarterly future short, with USDC collateral staged on Base and the hedge unwind through Arbitrum. Capital $1,100,000, trade notional $2,750,000, horizon 6 days. The perp/futures leg is richer than spot by 0.31%; positive funding means the short derivative receives 0.027% per 8 hours. All entry/exit fees, bridge tolls, solver fees, gas, and slippage consume 0.11% of notional plus $1,300 fixed. Borrow drag is 8.2% APR for the horizon and the liquidation-buffer reserve is $3,500. Execute only if net annualized return on equity is > 25%, realized slippage stays <= 0.28%, and the bridge window is <= 36 hours; observed bridge window is 30 hours. Compute expected_value as annualized APR percentage for the best feasible action: (basis capture + funding - percent costs - fixed costs - borrow drag - buffer reserve) / capital * 365 / days.",mistralai/mistral-small-2603,0,0,0|0|0,0|0|0,0.000,0.000,2445
L9-070,L9,l9-L9-070,"Cross-chain route cost selection, modular-token bridge with stale direct-oracle leg. Swap $3,600,000 USDC into TIA from Base to Celestia settlement inventory; reference TIA price is $9. Compare four Uniswap/Across/solver/bridge/CEX style routes and select the feasible route with lowest all-in USD cost before converting to output tokens. Hard constraints: settlement <= 22 minutes, oracle age <= 50 seconds, capacity >= notional, and slippage+risk must be included. Route A Uniswap bridge route: percent cost 0.44%, fixed $3,600, expected risk 0.05% of notional, settlement 20 minutes, oracle age 41 seconds, capacity $5,000,000; Route B solver inventory route: percent cost 0.27%, fixed $4,800, expected risk 0.03% of notional, settlement 13 minutes, oracle age 29 seconds, capacity $4,000,000; Route C CEX internal hedge: percent cost 0.21%, fixed $7,300, expected risk 0.04% of notional, settlement 18 minutes, oracle age 36 seconds, capacity $3,800,000; Route D direct bridge with DEX out: percent cost 0.18%, fixed $2,400, expected risk 0.2% of notional, settlement 16 minutes, oracle age 52 seconds, capacity $4,200,000. Compute each route cost = percent cost*notional + fixed + expected risk*notional. expected_value is USD saved by the best feasible route versus the second-best feasible route; also mention resulting extra TIA = USD_saved / price.",mistralai/mistral-medium-3-5,0,0,0|0|0,0|0|0,0.000,0.000,5158
L9-070,L9,l9-L9-070,"Cross-chain route cost selection, modular-token bridge with stale direct-oracle leg. Swap $3,600,000 USDC into TIA from Base to Celestia settlement inventory; reference TIA price is $9. Compare four Uniswap/Across/solver/bridge/CEX style routes and select the feasible route with lowest all-in USD cost before converting to output tokens. Hard constraints: settlement <= 22 minutes, oracle age <= 50 seconds, capacity >= notional, and slippage+risk must be included. Route A Uniswap bridge route: percent cost 0.44%, fixed $3,600, expected risk 0.05% of notional, settlement 20 minutes, oracle age 41 seconds, capacity $5,000,000; Route B solver inventory route: percent cost 0.27%, fixed $4,800, expected risk 0.03% of notional, settlement 13 minutes, oracle age 29 seconds, capacity $4,000,000; Route C CEX internal hedge: percent cost 0.21%, fixed $7,300, expected risk 0.04% of notional, settlement 18 minutes, oracle age 36 seconds, capacity $3,800,000; Route D direct bridge with DEX out: percent cost 0.18%, fixed $2,400, expected risk 0.2% of notional, settlement 16 minutes, oracle age 52 seconds, capacity $4,200,000. Compute each route cost = percent cost*notional + fixed + expected risk*notional. expected_value is USD saved by the best feasible route versus the second-best feasible route; also mention resulting extra TIA = USD_saved / price.",mistralai/mistral-small-2603,0,0,0|0|0,0|0|0,0.000,0.000,1953
L9-071,L9,l9-L9-071,"Collateral leverage liquidation control, oracle-token top-up after bridge haircut. A Morpho oracle-wrapped LINK vault position uses 18,000 LINK collateral at $18 and $145,000 USDC debt, with Aave/Compound oracle cross-check and a bridge top-up wallet. Liquidation threshold is 62%. Stress branch: LINK falls 22%; maintain target health factor >= 1.4. Instead of repaying debt, compute the minimum extra LINK collateral to bridge in after the shock. Closing loops adds $2,500 fees to debt before the top-up. The bridged collateral is valued at the shocked oracle price and receives a 1.2% bridge/wrapper haircut before counting toward collateral. Top-up capacity is 6,000 LINK; if the required top-up exceeds capacity, return no_action. Formula: required_collateral_value = (debt + fees) * target_HF / LT; shortfall = max(0, required_collateral_value - current_collateral * shocked_price); expected_value = shortfall / (shocked_price * (1 - haircut)). Reject debt-increase actions.",mistralai/mistral-medium-3-5,0,0,0|0|0,0|0|0,0.000,0.000,3231
L9-071,L9,l9-L9-071,"Collateral leverage liquidation control, oracle-token top-up after bridge haircut. A Morpho oracle-wrapped LINK vault position uses 18,000 LINK collateral at $18 and $145,000 USDC debt, with Aave/Compound oracle cross-check and a bridge top-up wallet. Liquidation threshold is 62%. Stress branch: LINK falls 22%; maintain target health factor >= 1.4. Instead of repaying debt, compute the minimum extra LINK collateral to bridge in after the shock. Closing loops adds $2,500 fees to debt before the top-up. The bridged collateral is valued at the shocked oracle price and receives a 1.2% bridge/wrapper haircut before counting toward collateral. Top-up capacity is 6,000 LINK; if the required top-up exceeds capacity, return no_action. Formula: required_collateral_value = (debt + fees) * target_HF / LT; shortfall = max(0, required_collateral_value - current_collateral * shocked_price); expected_value = shortfall / (shocked_price * (1 - haircut)). Reject debt-increase actions.",mistralai/mistral-small-2603,0,0,0|0|0,0|0|0,0.000,0.000,1849
L9-072,L9,l9-L9-072,"Staking/restaking risk selection, capacity-constrained cbETH restake after operator migration. Restake 200 cbETH across EigenLayer/Symbiotic-style AVSs and pick exactly 3 eligible AVSs by highest risk-adjusted APR. Net score = headline yield - operator fee - slashing multiplier * expected slashing loss, all in APR percentage points. Eligibility constraints: net score >= 6%, slashing multiplier <= 3.2, withdrawal delay <= 8 days, oracle freshness <= 22 minutes, and capacity >= 200 cbETH. Data: N1 yield 8.6%, operator fee 0.5%, slashing 1.5 x 0.7%, delay 5 days, oracle age 10 minutes, capacity 240 cbETH; N2 yield 12.8%, operator fee 1%, slashing 3 x 1%, delay 8 days, oracle age 21 minutes, capacity 300 cbETH; N3 yield 10.4%, operator fee 0.6%, slashing 2.1 x 0.8%, delay 6 days, oracle age 18 minutes, capacity 230 cbETH; N4 yield 9.1%, operator fee 0.4%, slashing 1.2 x 0.6%, delay 4 days, oracle age 9 minutes, capacity 180 cbETH; N5 yield 14.2%, operator fee 1.1%, slashing 3.6 x 1.2%, delay 7 days, oracle age 20 minutes, capacity 420 cbETH; N6 yield 7.4%, operator fee 0.2%, slashing 0.8 x 0.5%, delay 9 days, oracle age 8 minutes, capacity 220 cbETH. Return only the unordered set of selected AVS IDs; do not allocate weights, and reject any AVS that fails a hard constraint even if its yield is high.",mistralai/mistral-medium-3-5,3,1,1|1|1,1|1|1,1.000,1.000,3191
L9-072,L9,l9-L9-072,"Staking/restaking risk selection, capacity-constrained cbETH restake after operator migration. Restake 200 cbETH across EigenLayer/Symbiotic-style AVSs and pick exactly 3 eligible AVSs by highest risk-adjusted APR. Net score = headline yield - operator fee - slashing multiplier * expected slashing loss, all in APR percentage points. Eligibility constraints: net score >= 6%, slashing multiplier <= 3.2, withdrawal delay <= 8 days, oracle freshness <= 22 minutes, and capacity >= 200 cbETH. Data: N1 yield 8.6%, operator fee 0.5%, slashing 1.5 x 0.7%, delay 5 days, oracle age 10 minutes, capacity 240 cbETH; N2 yield 12.8%, operator fee 1%, slashing 3 x 1%, delay 8 days, oracle age 21 minutes, capacity 300 cbETH; N3 yield 10.4%, operator fee 0.6%, slashing 2.1 x 0.8%, delay 6 days, oracle age 18 minutes, capacity 230 cbETH; N4 yield 9.1%, operator fee 0.4%, slashing 1.2 x 0.6%, delay 4 days, oracle age 9 minutes, capacity 180 cbETH; N5 yield 14.2%, operator fee 1.1%, slashing 3.6 x 1.2%, delay 7 days, oracle age 20 minutes, capacity 420 cbETH; N6 yield 7.4%, operator fee 0.2%, slashing 0.8 x 0.5%, delay 9 days, oracle age 8 minutes, capacity 220 cbETH. Return only the unordered set of selected AVS IDs; do not allocate weights, and reject any AVS that fails a hard constraint even if its yield is high.",mistralai/mistral-small-2603,3,1,1|1|1,1|1|1,1.000,1.000,1782
L9-073,L9,l9-L9-073,"Flash-loan exploit EV triage, competing liquidation and auction bundles. Compare two mutually exclusive white-hat flash-loan bundles and execute only the one with higher positive EV; return no_action if neither bundle has positive EV or a hard constraint fails. Shared hard constraints: oracle age <= 42 seconds and liquidation liquidity >= $900,000; current oracle age is 33 seconds and liquidation liquidity is $1,150,000. Bundle A oracle-liquidation path uses a $9,500,000 USDC loan with 0.07% flash fee, gross liquidation edge $760,000, success costs gas $62,000, slippage $95,000, MEV $70,000, success probability 58%, and failure loss equal to loan fee + gas + protection $50,000. Bundle B backrun-auction path uses a $6,000,000 USDC loan with 0.05% flash fee, gross auction edge $480,000, success costs gas $45,000, slippage $50,000, MEV $55,000, insurance premium $20,000, success probability 66%, and failure loss equal to loan fee + gas + protection $35,000. Compute each bundle EV = p_success * success_net - (1 - p_success) * failure_loss. expected_value is the higher feasible bundle EV in USD.",mistralai/mistral-medium-3-5,0,0,0|0|0,0|0|0,0.000,0.000,2858
L9-073,L9,l9-L9-073,"Flash-loan exploit EV triage, competing liquidation and auction bundles. Compare two mutually exclusive white-hat flash-loan bundles and execute only the one with higher positive EV; return no_action if neither bundle has positive EV or a hard constraint fails. Shared hard constraints: oracle age <= 42 seconds and liquidation liquidity >= $900,000; current oracle age is 33 seconds and liquidation liquidity is $1,150,000. Bundle A oracle-liquidation path uses a $9,500,000 USDC loan with 0.07% flash fee, gross liquidation edge $760,000, success costs gas $62,000, slippage $95,000, MEV $70,000, success probability 58%, and failure loss equal to loan fee + gas + protection $50,000. Bundle B backrun-auction path uses a $6,000,000 USDC loan with 0.05% flash fee, gross auction edge $480,000, success costs gas $45,000, slippage $50,000, MEV $55,000, insurance premium $20,000, success probability 66%, and failure loss equal to loan fee + gas + protection $35,000. Compute each bundle EV = p_success * success_net - (1 - p_success) * failure_loss. expected_value is the higher feasible bundle EV in USD.",mistralai/mistral-small-2603,0,0,0|0|0,0|0|0,0.000,0.000,2830
L9-074,L9,l9-L9-074,"Fee APR annualization, regime-weighted RFQ maker fee APR. A RFQ maker vault for HYPE/USDC has $9,200,000 active liquidity and charges an incremental fee only when solver-flow is internalized. Use a probability-weighted daily regime model rather than a single-volume day: normal regime probability 65%, volume $8,000,000, eligible share 70%, incremental fee 0.055%; stress regime probability 25%, volume $18,000,000, eligible share 55%, incremental fee 0.075%; outage regime probability 10% with zero eligible volume but fixed overhead still paid. LP capture is 84%, protocol skim is 10%, and keeper/quote-refresh overhead is $550 per calendar day. expected_value must be the probability-weighted incremental simple APR percentage: ((weighted eligible fee revenue * capture * (1 - skim) - daily overhead) * 365) / active liquidity. Verify the probabilities sum to 100%, exclude base pool fees, rewards, compounding, inventory PnL, and mark-to-market drift.",mistralai/mistral-medium-3-5,0,0,0|0|0,0|0|0,0.000,0.000,1752
L9-074,L9,l9-L9-074,"Fee APR annualization, regime-weighted RFQ maker fee APR. A RFQ maker vault for HYPE/USDC has $9,200,000 active liquidity and charges an incremental fee only when solver-flow is internalized. Use a probability-weighted daily regime model rather than a single-volume day: normal regime probability 65%, volume $8,000,000, eligible share 70%, incremental fee 0.055%; stress regime probability 25%, volume $18,000,000, eligible share 55%, incremental fee 0.075%; outage regime probability 10% with zero eligible volume but fixed overhead still paid. LP capture is 84%, protocol skim is 10%, and keeper/quote-refresh overhead is $550 per calendar day. expected_value must be the probability-weighted incremental simple APR percentage: ((weighted eligible fee revenue * capture * (1 - skim) - daily overhead) * 365) / active liquidity. Verify the probabilities sum to 100%, exclude base pool fees, rewards, compounding, inventory PnL, and mark-to-market drift.",mistralai/mistral-small-2603,0,0,0|0|0,0|0|0,0.000,0.000,1625
L9-075,L9,l9-L9-075,"Governance incentive capital action, L2 liquidity-mining extension vote. A DAO vote spans Compound/Aave-style lending, Base and Arbitrum bridge snapshots, CEX liquidity, delegation, and incentive routing. Proposal benefit if passed is $950,000, but probability of passage after incentives is 68%. Quorum/control target is 3,500,000 UNI votes; treasury already controls 1,900,000 UNI. Missing votes are rented with bribes at $0.11 per UNI vote and financed by borrowing the same UNI exposure at $9.4 spot with 18% APR for 4 days. Bridge, gas, delegation, vote-market, and solver costs are $19,000. There is a 5% chance of an adverse governance delay costing $420,000. Execute only if net expected USD profit is positive and missing votes <= on-chain lendable liquidity; lendable liquidity is 2,100,000 UNI. Compute expected_value = pass probability*benefit - bribe cost - borrow interest - fixed costs - expected delay loss. Also state missing votes and reject no_action if EV is positive.",mistralai/mistral-medium-3-5,0,0,0|0|0,0|0|0,0.000,0.000,1612
L9-075,L9,l9-L9-075,"Governance incentive capital action, L2 liquidity-mining extension vote. A DAO vote spans Compound/Aave-style lending, Base and Arbitrum bridge snapshots, CEX liquidity, delegation, and incentive routing. Proposal benefit if passed is $950,000, but probability of passage after incentives is 68%. Quorum/control target is 3,500,000 UNI votes; treasury already controls 1,900,000 UNI. Missing votes are rented with bribes at $0.11 per UNI vote and financed by borrowing the same UNI exposure at $9.4 spot with 18% APR for 4 days. Bridge, gas, delegation, vote-market, and solver costs are $19,000. There is a 5% chance of an adverse governance delay costing $420,000. Execute only if net expected USD profit is positive and missing votes <= on-chain lendable liquidity; lendable liquidity is 2,100,000 UNI. Compute expected_value = pass probability*benefit - bribe cost - borrow interest - fixed costs - expected delay loss. Also state missing votes and reject no_action if EV is positive.",mistralai/mistral-small-2603,0,0,0|0|0,0|0|0,0.000,0.000,1537
L9-076,L9,l9-L9-076,"Refuse-to-trade decision, BTC collateral seizure during custody withdrawal delay. Evaluate a $1,600,000 BTC opportunity across Uniswap/Aave/Compound, CEX hedge, bridge, oracle, solver, and MEV routes. Execute only if an option has net expected USD profit > 0 and all hard constraints pass: max slippage 0.25%, oracle age <= 40 seconds, settlement <= 12 minutes, and required capital <= $1,600,000. Option A CEX hedge then bridge: gross edge $42,000, fixed costs $12,000, slippage 0.27% of notional, expected risk 5% * $500,000, oracle age 34 seconds, settlement 10 minutes, required capital $1,550,000; Option B custody RFQ unwind: gross edge $55,000, fixed costs $18,000, slippage 0.16% of notional, expected risk 8% * $460,000, oracle age 32 seconds, settlement 15 minutes, required capital $1,500,000; Option C Uniswap WBTC seize route: gross edge $33,000, fixed costs $8,800, slippage 0.21% of notional, expected risk 6% * $300,000, oracle age 45 seconds, settlement 11 minutes, required capital $1,580,000; Option D solver auction route: gross edge $22,000, fixed costs $7,600, slippage 0.12% of notional, expected risk 7% * $260,000, oracle age 36 seconds, settlement 9 minutes, required capital $1,400,000. For each option, net EV = gross edge - fixed costs - slippage dollars - expected risk loss. Reject hard-constraint violations even if net EV is positive. Return no_action if no option is both positive-EV and feasible, and report top-level expected_value = 0 only when abstaining.",mistralai/mistral-medium-3-5,3,1,1|1|1,1|1|1,1.000,1.000,1933
L9-076,L9,l9-L9-076,"Refuse-to-trade decision, BTC collateral seizure during custody withdrawal delay. Evaluate a $1,600,000 BTC opportunity across Uniswap/Aave/Compound, CEX hedge, bridge, oracle, solver, and MEV routes. Execute only if an option has net expected USD profit > 0 and all hard constraints pass: max slippage 0.25%, oracle age <= 40 seconds, settlement <= 12 minutes, and required capital <= $1,600,000. Option A CEX hedge then bridge: gross edge $42,000, fixed costs $12,000, slippage 0.27% of notional, expected risk 5% * $500,000, oracle age 34 seconds, settlement 10 minutes, required capital $1,550,000; Option B custody RFQ unwind: gross edge $55,000, fixed costs $18,000, slippage 0.16% of notional, expected risk 8% * $460,000, oracle age 32 seconds, settlement 15 minutes, required capital $1,500,000; Option C Uniswap WBTC seize route: gross edge $33,000, fixed costs $8,800, slippage 0.21% of notional, expected risk 6% * $300,000, oracle age 45 seconds, settlement 11 minutes, required capital $1,580,000; Option D solver auction route: gross edge $22,000, fixed costs $7,600, slippage 0.12% of notional, expected risk 7% * $260,000, oracle age 36 seconds, settlement 9 minutes, required capital $1,400,000. For each option, net EV = gross edge - fixed costs - slippage dollars - expected risk loss. Reject hard-constraint violations even if net EV is positive. Return no_action if no option is both positive-EV and feasible, and report top-level expected_value = 0 only when abstaining.",mistralai/mistral-small-2603,3,1,1|1|1,1|1|1,1.000,1.000,1439
L9-077,L9,l9-L9-077,"Carry-basis funding arbitrage, short-lived oracle-news funding spike. On 2026-06-12 compare execute vs no-action for a delta-neutral LINK trade using Chainlink spot on Base vs Deribit LINK-PERP short, with USDC collateral staged on Base and the hedge unwind through Arbitrum. Capital $500,000, trade notional $1,400,000, horizon 2.25 days. The perp/futures leg is richer than spot by 0.26%; positive funding means the short derivative receives 0.071% per 8 hours. All entry/exit fees, bridge tolls, solver fees, gas, and slippage consume 0.29% of notional plus $620 fixed. Borrow drag is 15% APR for the horizon and the liquidation-buffer reserve is $2,100. Execute only if net annualized return on equity is > 25%, realized slippage stays <= 0.34%, and the bridge window is <= 12 hours; observed bridge window is 9 hours. Compute expected_value as annualized APR percentage for the best feasible action: (basis capture + funding - percent costs - fixed costs - borrow drag - buffer reserve) / capital * 365 / days.",mistralai/mistral-medium-3-5,0,0,0|0|0,0|0|0,0.000,0.000,2018
L9-077,L9,l9-L9-077,"Carry-basis funding arbitrage, short-lived oracle-news funding spike. On 2026-06-12 compare execute vs no-action for a delta-neutral LINK trade using Chainlink spot on Base vs Deribit LINK-PERP short, with USDC collateral staged on Base and the hedge unwind through Arbitrum. Capital $500,000, trade notional $1,400,000, horizon 2.25 days. The perp/futures leg is richer than spot by 0.26%; positive funding means the short derivative receives 0.071% per 8 hours. All entry/exit fees, bridge tolls, solver fees, gas, and slippage consume 0.29% of notional plus $620 fixed. Borrow drag is 15% APR for the horizon and the liquidation-buffer reserve is $2,100. Execute only if net annualized return on equity is > 25%, realized slippage stays <= 0.34%, and the bridge window is <= 12 hours; observed bridge window is 9 hours. Compute expected_value as annualized APR percentage for the best feasible action: (basis capture + funding - percent costs - fixed costs - borrow drag - buffer reserve) / capital * 365 / days.",mistralai/mistral-small-2603,0,0,0|0|0,0|0|0,0.000,0.000,1682
L9-078,L9,l9-L9-078,"Cross-chain route cost selection, Avalanche route where direct bridge misses the time cap. Swap $1,250,000 USDC into AVAX from Arbitrum to Avalanche; reference AVAX price is $42. Compare four Uniswap/Across/solver/bridge/CEX style routes and select the feasible route with lowest all-in USD cost before converting to output tokens. Hard constraints: settlement <= 15 minutes, oracle age <= 45 seconds, capacity >= notional, and slippage+risk must be included. Route A DEX hop bridge route: percent cost 0.58%, fixed $900, expected risk 0.02% of notional, settlement 14 minutes, oracle age 39 seconds, capacity $2,000,000; Route B solver inventory route: percent cost 0.33%, fixed $1,900, expected risk 0.03% of notional, settlement 8 minutes, oracle age 28 seconds, capacity $1,500,000; Route C CEX withdrawal hedge: percent cost 0.22%, fixed $4,200, expected risk 0.06% of notional, settlement 13 minutes, oracle age 31 seconds, capacity $1,300,000; Route D direct bridge route: percent cost 0.19%, fixed $1,300, expected risk 0.15% of notional, settlement 18 minutes, oracle age 34 seconds, capacity $1,600,000. Compute each route cost = percent cost*notional + fixed + expected risk*notional. expected_value is USD saved by the best feasible route versus the second-best feasible route; also mention resulting extra AVAX = USD_saved / price.",mistralai/mistral-medium-3-5,0,0,0|0|0,0|0|0,0.000,0.000,4870
L9-078,L9,l9-L9-078,"Cross-chain route cost selection, Avalanche route where direct bridge misses the time cap. Swap $1,250,000 USDC into AVAX from Arbitrum to Avalanche; reference AVAX price is $42. Compare four Uniswap/Across/solver/bridge/CEX style routes and select the feasible route with lowest all-in USD cost before converting to output tokens. Hard constraints: settlement <= 15 minutes, oracle age <= 45 seconds, capacity >= notional, and slippage+risk must be included. Route A DEX hop bridge route: percent cost 0.58%, fixed $900, expected risk 0.02% of notional, settlement 14 minutes, oracle age 39 seconds, capacity $2,000,000; Route B solver inventory route: percent cost 0.33%, fixed $1,900, expected risk 0.03% of notional, settlement 8 minutes, oracle age 28 seconds, capacity $1,500,000; Route C CEX withdrawal hedge: percent cost 0.22%, fixed $4,200, expected risk 0.06% of notional, settlement 13 minutes, oracle age 31 seconds, capacity $1,300,000; Route D direct bridge route: percent cost 0.19%, fixed $1,300, expected risk 0.15% of notional, settlement 18 minutes, oracle age 34 seconds, capacity $1,600,000. Compute each route cost = percent cost*notional + fixed + expected risk*notional. expected_value is USD saved by the best feasible route versus the second-best feasible route; also mention resulting extra AVAX = USD_saved / price.",mistralai/mistral-small-2603,1,0,1|0|0,1|0|0,0.333,0.000,2060
L9-079,L9,l9-L9-079,"Collateral leverage liquidation control, large ETH loop reset via collateral sale. A Spark recursive ETH vault position on Base/ETH uses 900 ETH collateral at $3,600 and $2,050,000 USDC debt, with Aave/Compound oracle cross-check and a solver sale path available. Liquidation threshold is 79%. Stress branch: if ETH falls 11%, maintain target health factor >= 1.3; if the post-shock HF is below target, sell the minimum amount of ETH collateral into USDC and use all sale proceeds to repay debt. Closing loops adds $6,400 gas/solver fees to debt before repay, and the collateral sale receives stressed price * (1 - 0.35% slippage). Selling collateral reduces both debt and remaining collateral, so solve the feedback equation: debt + fees - x * stressed_price * (1 - slippage) <= (remaining_collateral_after_selling_x * stressed_price * LT) / target_HF. Compute expected_value as the minimum ETH units to sell; reject add-collateral and borrow-more actions.",mistralai/mistral-medium-3-5,0,0,0|0|0,0|0|0,0.000,0.000,3184
L9-079,L9,l9-L9-079,"Collateral leverage liquidation control, large ETH loop reset via collateral sale. A Spark recursive ETH vault position on Base/ETH uses 900 ETH collateral at $3,600 and $2,050,000 USDC debt, with Aave/Compound oracle cross-check and a solver sale path available. Liquidation threshold is 79%. Stress branch: if ETH falls 11%, maintain target health factor >= 1.3; if the post-shock HF is below target, sell the minimum amount of ETH collateral into USDC and use all sale proceeds to repay debt. Closing loops adds $6,400 gas/solver fees to debt before repay, and the collateral sale receives stressed price * (1 - 0.35% slippage). Selling collateral reduces both debt and remaining collateral, so solve the feedback equation: debt + fees - x * stressed_price * (1 - slippage) <= (remaining_collateral_after_selling_x * stressed_price * LT) / target_HF. Compute expected_value as the minimum ETH units to sell; reject add-collateral and borrow-more actions.",mistralai/mistral-small-2603,0,0,0|0|0,0|0|0,0.000,0.000,1405
L9-080,L9,l9-L9-080,"Staking/restaking risk selection, fast-withdrawal wstETH AVS rotation. Restake 90 wstETH across EigenLayer/Symbiotic-style AVSs and pick exactly 3 eligible AVSs by highest risk-adjusted APR. Net score = headline yield - operator fee - slashing multiplier * expected slashing loss, all in APR percentage points. Eligibility constraints: net score >= 5.6%, slashing multiplier <= 2.7, withdrawal delay <= 6 days, oracle freshness <= 18 minutes, and capacity >= 90 wstETH. Data: V1 yield 7.3%, operator fee 0.3%, slashing 1.1 x 0.5%, delay 3 days, oracle age 9 minutes, capacity 110 wstETH; V2 yield 9.8%, operator fee 0.7%, slashing 2.4 x 0.8%, delay 6 days, oracle age 15 minutes, capacity 130 wstETH; V3 yield 8.9%, operator fee 0.5%, slashing 1.8 x 0.7%, delay 5 days, oracle age 12 minutes, capacity 100 wstETH; V4 yield 11.6%, operator fee 0.9%, slashing 2.9 x 1%, delay 4 days, oracle age 10 minutes, capacity 160 wstETH; V5 yield 6.6%, operator fee 0.2%, slashing 0.7 x 0.4%, delay 2 days, oracle age 8 minutes, capacity 80 wstETH; V6 yield 8.1%, operator fee 0.4%, slashing 1.5 x 0.6%, delay 4 days, oracle age 20 minutes, capacity 120 wstETH. Return only the unordered set of selected AVS IDs; do not allocate weights, and reject any AVS that fails a hard constraint even if its yield is high.",mistralai/mistral-medium-3-5,3,1,1|1|1,1|1|1,1.000,1.000,1883
L9-080,L9,l9-L9-080,"Staking/restaking risk selection, fast-withdrawal wstETH AVS rotation. Restake 90 wstETH across EigenLayer/Symbiotic-style AVSs and pick exactly 3 eligible AVSs by highest risk-adjusted APR. Net score = headline yield - operator fee - slashing multiplier * expected slashing loss, all in APR percentage points. Eligibility constraints: net score >= 5.6%, slashing multiplier <= 2.7, withdrawal delay <= 6 days, oracle freshness <= 18 minutes, and capacity >= 90 wstETH. Data: V1 yield 7.3%, operator fee 0.3%, slashing 1.1 x 0.5%, delay 3 days, oracle age 9 minutes, capacity 110 wstETH; V2 yield 9.8%, operator fee 0.7%, slashing 2.4 x 0.8%, delay 6 days, oracle age 15 minutes, capacity 130 wstETH; V3 yield 8.9%, operator fee 0.5%, slashing 1.8 x 0.7%, delay 5 days, oracle age 12 minutes, capacity 100 wstETH; V4 yield 11.6%, operator fee 0.9%, slashing 2.9 x 1%, delay 4 days, oracle age 10 minutes, capacity 160 wstETH; V5 yield 6.6%, operator fee 0.2%, slashing 0.7 x 0.4%, delay 2 days, oracle age 8 minutes, capacity 80 wstETH; V6 yield 8.1%, operator fee 0.4%, slashing 1.5 x 0.6%, delay 4 days, oracle age 20 minutes, capacity 120 wstETH. Return only the unordered set of selected AVS IDs; do not allocate weights, and reject any AVS that fails a hard constraint even if its yield is high.",mistralai/mistral-small-2603,2,1,0|1|1,0|1|1,0.667,1.000,1661
L9-081,L9,l9-L9-081,"Flash-loan exploit EV triage, three-outcome protocol rescue auction. A white-hat rescue bundle uses a $24,000,000 USDC flash loan through Uniswap/Aave to atomically move a stale-oracle liquidation into a protocol-safe auction. Flash loan fee is 0.05% of loan. There are three mutually exclusive outcomes: Success (54%) earns a protocol bounty and liquidation margin of $1,900,000 and pays loan fee, gas $130,000, slippage $170,000, MEV payment $155,000, and hedge unwind $65,000; partial-landed failure (18%) earns no bounty and loses loan fee + gas + hedge loss $240,000 + oracle-update cost $60,000; full revert/fail (28%) earns no bounty and loses gas + protection spend $180,000 only. Hard constraints: oracle age <= 38 seconds, liquidation liquidity >= $2,200,000, the three probabilities must sum to 100%, and expected EV must be > 0 to execute. Current oracle age 29 seconds and liquidation liquidity $3,100,000. Compute expected_value as the three-outcome probability-weighted USD EV; abstain only if EV <= 0 or a hard constraint fails.",mistralai/mistral-medium-3-5,0,0,0|0|0,0|0|0,0.000,0.000,3014
L9-081,L9,l9-L9-081,"Flash-loan exploit EV triage, three-outcome protocol rescue auction. A white-hat rescue bundle uses a $24,000,000 USDC flash loan through Uniswap/Aave to atomically move a stale-oracle liquidation into a protocol-safe auction. Flash loan fee is 0.05% of loan. There are three mutually exclusive outcomes: Success (54%) earns a protocol bounty and liquidation margin of $1,900,000 and pays loan fee, gas $130,000, slippage $170,000, MEV payment $155,000, and hedge unwind $65,000; partial-landed failure (18%) earns no bounty and loses loan fee + gas + hedge loss $240,000 + oracle-update cost $60,000; full revert/fail (28%) earns no bounty and loses gas + protection spend $180,000 only. Hard constraints: oracle age <= 38 seconds, liquidation liquidity >= $2,200,000, the three probabilities must sum to 100%, and expected EV must be > 0 to execute. Current oracle age 29 seconds and liquidation liquidity $3,100,000. Compute expected_value as the three-outcome probability-weighted USD EV; abstain only if EV <= 0 or a hard constraint fails.",mistralai/mistral-small-2603,0,0,0|0|0,0|0|0,0.000,0.000,1590
L10-001,L10,l10-L10-001,"You manage a $10,000,000 USDC portfolio and must design an optimal 30-day yield strategy across four DeFi protocols: 1. Aave: 4.5% base APR; 60% chance stays flat, 20% chance rises to 8%, 20% chance falls to 2%. 2. Curve 3pool: 6% APR; 1% chance of Frax depeg causing -20% loss. 3. GMX GLP: 18% APR but 40% ETH + 30% BTC exposure; hedge cost = 12% APR (net 6%). 4. Ethena USDe: 12% yield; 5% chance of protocol shutdown (-100% loss). Constraints: - At most 30% allocation per protocol. - For this scenario, only Aave and Curve count as liquid within 24 hours; GMX and Ethena do not. - At least 50% capital liquid within 24 hours. - Target pre-tail-loss nominal APR above 7%. - Downside (expected loss) below 2%. - Report risk-adjusted annualized yield by subtracting the stated 30-day catastrophic-loss probability times loss severity from each protocol's APR as percentage points, without annualizing those tail losses. Treat Aave's scenario-weighted APR as 60% * 4.5% + 20% * 8% + 20% * 2%. Compute the optimal allocation and resulting expected annualized yield.",mistralai/mistral-medium-3-5,0,0,0|0|0,0|0|0,0.000,0.000,16024
L10-001,L10,l10-L10-001,"You manage a $10,000,000 USDC portfolio and must design an optimal 30-day yield strategy across four DeFi protocols: 1. Aave: 4.5% base APR; 60% chance stays flat, 20% chance rises to 8%, 20% chance falls to 2%. 2. Curve 3pool: 6% APR; 1% chance of Frax depeg causing -20% loss. 3. GMX GLP: 18% APR but 40% ETH + 30% BTC exposure; hedge cost = 12% APR (net 6%). 4. Ethena USDe: 12% yield; 5% chance of protocol shutdown (-100% loss). Constraints: - At most 30% allocation per protocol. - For this scenario, only Aave and Curve count as liquid within 24 hours; GMX and Ethena do not. - At least 50% capital liquid within 24 hours. - Target pre-tail-loss nominal APR above 7%. - Downside (expected loss) below 2%. - Report risk-adjusted annualized yield by subtracting the stated 30-day catastrophic-loss probability times loss severity from each protocol's APR as percentage points, without annualizing those tail losses. Treat Aave's scenario-weighted APR as 60% * 4.5% + 20% * 8% + 20% * 2%. Compute the optimal allocation and resulting expected annualized yield.",mistralai/mistral-small-2603,0,0,0|0|0,0|0|0,0.000,0.000,1332
L10-002,L10,l10-L10-002,"You manage $50,000,000 in DeFi positions. At 14:23 UTC the Chainlink BTC/USD oracle reads $61,240 while Binance spot is $58,100 (a +5.4% oracle deviation). Exposure: - $20,000,000 leveraged long BTC on Compound, 75% LTV, liquidation at -8%. - $15,000,000 in BTC/ETH LP on Uniswap. - $15,000,000 stables. Oracle deviation is rising 0.3% per minute; correction requires 7/11 nodes (about 43 minutes remaining). You have roughly 8 minutes before liquidation risk spikes. Task: Devise an optimal 8-minute response plan to prevent liquidation and compute the expected loss avoided in USD. For the loss calculation, use only the current 5.4% oracle deviation, not the projected 0.3%/minute increase. Treat the $20,000,000 Compound position and the $15,000,000 BTC/ETH LP as fully oracle-sensitive non-stable exposure, exclude stables, and ignore liquidation penalties, hedge costs, slippage, gas, and probability haircuts. Expected loss avoided = current deviation * oracle-sensitive exposure protected.",mistralai/mistral-medium-3-5,0,0,0|0|0,0|0|0,0.000,0.000,3360
L10-002,L10,l10-L10-002,"You manage $50,000,000 in DeFi positions. At 14:23 UTC the Chainlink BTC/USD oracle reads $61,240 while Binance spot is $58,100 (a +5.4% oracle deviation). Exposure: - $20,000,000 leveraged long BTC on Compound, 75% LTV, liquidation at -8%. - $15,000,000 in BTC/ETH LP on Uniswap. - $15,000,000 stables. Oracle deviation is rising 0.3% per minute; correction requires 7/11 nodes (about 43 minutes remaining). You have roughly 8 minutes before liquidation risk spikes. Task: Devise an optimal 8-minute response plan to prevent liquidation and compute the expected loss avoided in USD. For the loss calculation, use only the current 5.4% oracle deviation, not the projected 0.3%/minute increase. Treat the $20,000,000 Compound position and the $15,000,000 BTC/ETH LP as fully oracle-sensitive non-stable exposure, exclude stables, and ignore liquidation penalties, hedge costs, slippage, gas, and probability haircuts. Expected loss avoided = current deviation * oracle-sensitive exposure protected.",mistralai/mistral-small-2603,0,0,0|0|0,0|0|0,0.000,0.000,1670
L10-003,L10,l10-L10-003,"Execute a $10,000,000 trade touching blacklisted Ethereum addresses within 48 hours while OFAC-compliant validators control 55% of blocks. Execution options: - Flashbots private relay: 90% success, 0.15% fee, sub-one-block latency. - CowSwap batch auction: 75% success, 0.25% fee, about 15-minute latency. - Bridge to an L2: 95% success, 0.35% fee, but 7-day delay (not feasible). - Railgun privacy route: 99% success, 0.80% fee, roughly 2-minute latency but higher regulatory risk. Constraints: Trade must complete within 48 hours, target success of at least 97%, minimize expected cost percentage, remain non-custodial and on-chain. A routing plan may use sequential independent attempts: try the first route, and only if it fails, try the backup route. The L2 bridge is infeasible because of its 7-day delay. For the reported cost, count route fees when an attempt is submitted, including failed attempts, and do not normalize by conditional success. Design a minimal-cost routing plan that meets the success target and report the success-weighted cost percentage.",mistralai/mistral-medium-3-5,0,0,0|0|0,0|0|0,0.000,0.000,2503
L10-003,L10,l10-L10-003,"Execute a $10,000,000 trade touching blacklisted Ethereum addresses within 48 hours while OFAC-compliant validators control 55% of blocks. Execution options: - Flashbots private relay: 90% success, 0.15% fee, sub-one-block latency. - CowSwap batch auction: 75% success, 0.25% fee, about 15-minute latency. - Bridge to an L2: 95% success, 0.35% fee, but 7-day delay (not feasible). - Railgun privacy route: 99% success, 0.80% fee, roughly 2-minute latency but higher regulatory risk. Constraints: Trade must complete within 48 hours, target success of at least 97%, minimize expected cost percentage, remain non-custodial and on-chain. A routing plan may use sequential independent attempts: try the first route, and only if it fails, try the backup route. The L2 bridge is infeasible because of its 7-day delay. For the reported cost, count route fees when an attempt is submitted, including failed attempts, and do not normalize by conditional success. Design a minimal-cost routing plan that meets the success target and report the success-weighted cost percentage.",mistralai/mistral-small-2603,0,0,0|0|0,0|0|0,0.000,0.000,1531
L10-004,L10,l10-L10-004,"You market-make ETH-PERP on Hyperliquid with $2,000,000 capital. An OKX wash-trading spike pushes the median oracle up by $22.5, implying an unhedged loss of $180,000. Options: 1. Pull liquidity (-$8,000): prevents new fills but does not neutralize the existing oracle-skewed inventory exposure. 2. Hedge on a CEX (-$12,000 slippage): immediately neutralizes the existing inventory exposure. 3. Analyze trade (too slow; exceeds 5 seconds). 4. Trust oracle (-$180,000). Decide the optimal action within 5 seconds and report the expected cost.",mistralai/mistral-medium-3-5,0,0,0|0|0,0|0|0,0.000,0.000,1760
L10-004,L10,l10-L10-004,"You market-make ETH-PERP on Hyperliquid with $2,000,000 capital. An OKX wash-trading spike pushes the median oracle up by $22.5, implying an unhedged loss of $180,000. Options: 1. Pull liquidity (-$8,000): prevents new fills but does not neutralize the existing oracle-skewed inventory exposure. 2. Hedge on a CEX (-$12,000 slippage): immediately neutralizes the existing inventory exposure. 3. Analyze trade (too slow; exceeds 5 seconds). 4. Trust oracle (-$180,000). Decide the optimal action within 5 seconds and report the expected cost.",mistralai/mistral-small-2603,0,0,0|0|0,0|0|0,0.000,0.000,1082
L10-005,L10,l10-L10-005,"Sell 500,000 ALT at $8.20 within 24 hours across venues: - Binance: 0.8% fee with $50,000 depth. - OKX: 1.2% fee with $30,000 depth. - Uniswap: 2.0% impact with $120,000 depth. - MEXC: 1.5% fee with $80,000 depth. Holdings: 300,000 ALT already on Binance, 200,000 on Ethereum (bridge cost 0.1% plus $50 gas). Price likely pumps 40% tomorrow due to unreleased news. Execution convention: venue depth is reusable per TWAP slice over the 24-hour window, but inventory can only be sold where it already sits unless explicitly bridged. For this scenario, the Ethereum ALT cannot be deposited to CEX venues within 24 hours, so sell the 300,000 ALT already on Binance through Binance TWAP slices and sell the 200,000 ALT already on Ethereum through Uniswap. Do not use OKX or MEXC unless Binance inventory exceeds Binance's executable inventory. Treat Uniswap's 2.0% impact as the all-in execution haircut for the Ethereum sale. Design a TWAP execution that minimizes slippage under those settlement constraints, finishes before the pump, and report expected proceeds.",mistralai/mistral-medium-3-5,0,0,0|0|0,0|0|0,0.000,0.000,5156
L10-005,L10,l10-L10-005,"Sell 500,000 ALT at $8.20 within 24 hours across venues: - Binance: 0.8% fee with $50,000 depth. - OKX: 1.2% fee with $30,000 depth. - Uniswap: 2.0% impact with $120,000 depth. - MEXC: 1.5% fee with $80,000 depth. Holdings: 300,000 ALT already on Binance, 200,000 on Ethereum (bridge cost 0.1% plus $50 gas). Price likely pumps 40% tomorrow due to unreleased news. Execution convention: venue depth is reusable per TWAP slice over the 24-hour window, but inventory can only be sold where it already sits unless explicitly bridged. For this scenario, the Ethereum ALT cannot be deposited to CEX venues within 24 hours, so sell the 300,000 ALT already on Binance through Binance TWAP slices and sell the 200,000 ALT already on Ethereum through Uniswap. Do not use OKX or MEXC unless Binance inventory exceeds Binance's executable inventory. Treat Uniswap's 2.0% impact as the all-in execution haircut for the Ethereum sale. Design a TWAP execution that minimizes slippage under those settlement constraints, finishes before the pump, and report expected proceeds.",mistralai/mistral-small-2603,3,1,1|1|1,1|1|1,1.000,1.000,1619
L10-006,L10,l10-L10-006,"You control 5,000,000 veCRV (about $5,000,000). Curve may cut veCRV voting power by 50% in eight weeks, implying a 30% veCRV price drop and a 40% CVX pump. For this scenario, the governance cut has a 60% probability; if it fails, veCRV and CVX prices are unchanged. ""Convert to CVX ahead of the vote"" means convert the full position at time zero before any weekly bribes accrue, and it forfeits all veCRV bribes after conversion. Convex remains veCRV-linked exposure, does not receive the CVX price pump, and its ""16% APR plus bribes"" is modeled as a total 16% APR reward rate for this comparison. Ignore trading costs and taxes. Options: 1. Stay with Votium at 22% APR bribes (compounding weekly). 2. Lock through Convex for 16% APR plus bribes but lose direct control. 3. Convert to CVX ahead of the vote. Plan a 12-week strategy that maximizes expected USD profit including bribes and probability-weighted token moves.",mistralai/mistral-medium-3-5,0,0,0|0|0,0|0|0,0.000,0.000,4006
L10-006,L10,l10-L10-006,"You control 5,000,000 veCRV (about $5,000,000). Curve may cut veCRV voting power by 50% in eight weeks, implying a 30% veCRV price drop and a 40% CVX pump. For this scenario, the governance cut has a 60% probability; if it fails, veCRV and CVX prices are unchanged. ""Convert to CVX ahead of the vote"" means convert the full position at time zero before any weekly bribes accrue, and it forfeits all veCRV bribes after conversion. Convex remains veCRV-linked exposure, does not receive the CVX price pump, and its ""16% APR plus bribes"" is modeled as a total 16% APR reward rate for this comparison. Ignore trading costs and taxes. Options: 1. Stay with Votium at 22% APR bribes (compounding weekly). 2. Lock through Convex for 16% APR plus bribes but lose direct control. 3. Convert to CVX ahead of the vote. Plan a 12-week strategy that maximizes expected USD profit including bribes and probability-weighted token moves.",mistralai/mistral-small-2603,0,0,0|0|0,0|0|0,0.000,0.000,1694
L10-007,L10,l10-L10-007,"USDC on Polygon trades at $0.983 while Ethereum mainnet is $1.00. Bridges and characteristics: - Circle: 4-hour settlement, safest path. - Stargate: 90 minutes, 99.5% success. - Hop: 45 minutes, 99.8% success. - Multichain: 30 minutes, 98% success. Trade size is $2,000,000 of USD capital deployed to buy discounted Polygon USDC. The executable spread decays during bridge settlement, so remaining spread after t minutes is 1.7% * 2^(-t/120). Bridge failure means 100% principal loss for the failed allocation. Bridge capacity limits for this trade are: Hop maximum 10% of notional, Stargate maximum 90%, Circle unlimited, and Multichain unlimited. Allocate first to the highest positive expected-value bridge up to its capacity, then the next-highest positive expected-value bridge; do not allocate to a bridge with negative principal-risk EV. Model expected profit after decay and bridge risk, choose bridge allocations, and report expected profit.",mistralai/mistral-medium-3-5,0,0,0|0|0,0|0|0,0.000,0.000,2719
L10-007,L10,l10-L10-007,"USDC on Polygon trades at $0.983 while Ethereum mainnet is $1.00. Bridges and characteristics: - Circle: 4-hour settlement, safest path. - Stargate: 90 minutes, 99.5% success. - Hop: 45 minutes, 99.8% success. - Multichain: 30 minutes, 98% success. Trade size is $2,000,000 of USD capital deployed to buy discounted Polygon USDC. The executable spread decays during bridge settlement, so remaining spread after t minutes is 1.7% * 2^(-t/120). Bridge failure means 100% principal loss for the failed allocation. Bridge capacity limits for this trade are: Hop maximum 10% of notional, Stargate maximum 90%, Circle unlimited, and Multichain unlimited. Allocate first to the highest positive expected-value bridge up to its capacity, then the next-highest positive expected-value bridge; do not allocate to a bridge with negative principal-risk EV. Model expected profit after decay and bridge risk, choose bridge allocations, and report expected profit.",mistralai/mistral-small-2603,0,0,0|0|0,0|0|0,0.000,0.000,2787
L10-008,L10,l10-L10-008,"A DAO treasury holds $50,000,000 (80% GOV token, 10% stables, remainder ETH and LP positions). SEC rules require GOV exposure under 40% and stables above 50%. Stats: - GOV daily volume $8,000,000 with 20% price impact at $4,000,000 per day. - LP exit takes seven days with 2% impermanent loss. - Deadline is 14 days plus a seven-day governance delay. - For this scenario, the seven-day governance delay happens first and leaves exactly 14 execution days for GOV sales. The full $5,000,000 remainder is LP exposure that must be exited into stables and takes the 2% impermanent-loss hit. - Model GOV price impact as execution slippage only on the GOV sold, not as a mark-to-market discount on remaining GOV. Daily impact percentage = 20% * (daily GOV sold / $4,000,000). Spread GOV sales evenly across the 14 execution days and sell the minimum GOV amount needed so final GOV exposure is below 40% of final treasury value while stables exceed 50%. For the numeric answer, solve the equality boundary for the strict ""under 40%"" constraint and report the limiting final value, noting that an infinitesimally larger sale satisfies the strict inequality without changing the rounded result. Compute an optimal sell schedule and final treasury value after meeting the mandate.",mistralai/mistral-medium-3-5,0,0,0|0|0,0|0|0,0.000,0.000,8165
L10-008,L10,l10-L10-008,"A DAO treasury holds $50,000,000 (80% GOV token, 10% stables, remainder ETH and LP positions). SEC rules require GOV exposure under 40% and stables above 50%. Stats: - GOV daily volume $8,000,000 with 20% price impact at $4,000,000 per day. - LP exit takes seven days with 2% impermanent loss. - Deadline is 14 days plus a seven-day governance delay. - For this scenario, the seven-day governance delay happens first and leaves exactly 14 execution days for GOV sales. The full $5,000,000 remainder is LP exposure that must be exited into stables and takes the 2% impermanent-loss hit. - Model GOV price impact as execution slippage only on the GOV sold, not as a mark-to-market discount on remaining GOV. Daily impact percentage = 20% * (daily GOV sold / $4,000,000). Spread GOV sales evenly across the 14 execution days and sell the minimum GOV amount needed so final GOV exposure is below 40% of final treasury value while stables exceed 50%. For the numeric answer, solve the equality boundary for the strict ""under 40%"" constraint and report the limiting final value, noting that an infinitesimally larger sale satisfies the strict inequality without changing the rounded result. Compute an optimal sell schedule and final treasury value after meeting the mandate.",mistralai/mistral-small-2603,0,0,0|0|0,0.4|0.4|0.4,0.400,0.400,3560
L10-009,L10,l10-L10-009,"As an Ethereum block builder (slot 8,234,567) you observe these MEV opportunities: - Sandwich: $800,000 value, 18M gas, 95% success, ethical concerns. - Liquidation: $300,000 value, 5M gas, 90% success. - NFT backrun: $150,000 value, 1M gas, 80% success. - Frontrun: $120,000 value, 3M gas, 99% success, unethical. - CEX-DEX arbitrage: $500,000 value, 6M gas, 85% success. Gas limit is 30M. For this scenario, ""ethical"" excludes only the opportunity explicitly labeled unethical; the sandwich's ethical concerns are treated as resolved by consented/limited orderflow and it may be included. Builder profit is expected opportunity value * success probability * 10% builder keep after the 90% proposer share, minus a fixed $12,000 gas/inclusion cost for a full 30M-gas bundle. Use the gas limit as a hard knapsack constraint. Select an ethical bundle that maximizes profit after the proposer share and fixed gas/inclusion cost.",mistralai/mistral-medium-3-5,2,1,1|0|1,0.7|0|0.7,0.467,0.700,8251
L10-009,L10,l10-L10-009,"As an Ethereum block builder (slot 8,234,567) you observe these MEV opportunities: - Sandwich: $800,000 value, 18M gas, 95% success, ethical concerns. - Liquidation: $300,000 value, 5M gas, 90% success. - NFT backrun: $150,000 value, 1M gas, 80% success. - Frontrun: $120,000 value, 3M gas, 99% success, unethical. - CEX-DEX arbitrage: $500,000 value, 6M gas, 85% success. Gas limit is 30M. For this scenario, ""ethical"" excludes only the opportunity explicitly labeled unethical; the sandwich's ethical concerns are treated as resolved by consented/limited orderflow and it may be included. Builder profit is expected opportunity value * success probability * 10% builder keep after the 90% proposer share, minus a fixed $12,000 gas/inclusion cost for a full 30M-gas bundle. Use the gas limit as a hard knapsack constraint. Select an ethical bundle that maximizes profit after the proposer share and fixed gas/inclusion cost.",mistralai/mistral-small-2603,0,0,0|0|0,0.4|0.4|0.4,0.400,0.400,1716
L10-010,L10,l10-L10-010,"Predict Ethereum gas prices one hour ahead to minimize cost for 10 transactions (200,000 gas each, ETH at $3,000). Current gas is 25 base plus 2 priority (27 gwei). Events: - US market open: +80% gas with 5% probability, magnitude above 200%. - NFT mint: +120% gas with 0.6 probability, 0.4 chance of delay. - Maintenance window at 16:00: -30% gas with 0.6 probability, 0.4 chance of cancellation. - Bot wars: +40% gas. Execution options: - Low scenario at 25 gwei (100% fill). - Medium scenario at 71 gwei (60% fill). - High scenario leaves orders unfilled. - For this scenario, execute all 10 transactions only in the Low scenario. Treat the current 27 gwei line as market context, not the execution gas price. Treat the event bullets as context already summarized by the Low/Medium/High execution options; do not recombine them into a separate forecast. Medium and High are infeasible because the task requires all 10 transactions to execute. Design an execution schedule minimizing expected USD spend and report the expected cost.",mistralai/mistral-medium-3-5,3,1,1|1|1,1|1|1,1.000,1.000,1446
L10-010,L10,l10-L10-010,"Predict Ethereum gas prices one hour ahead to minimize cost for 10 transactions (200,000 gas each, ETH at $3,000). Current gas is 25 base plus 2 priority (27 gwei). Events: - US market open: +80% gas with 5% probability, magnitude above 200%. - NFT mint: +120% gas with 0.6 probability, 0.4 chance of delay. - Maintenance window at 16:00: -30% gas with 0.6 probability, 0.4 chance of cancellation. - Bot wars: +40% gas. Execution options: - Low scenario at 25 gwei (100% fill). - Medium scenario at 71 gwei (60% fill). - High scenario leaves orders unfilled. - For this scenario, execute all 10 transactions only in the Low scenario. Treat the current 27 gwei line as market context, not the execution gas price. Treat the event bullets as context already summarized by the Low/Medium/High execution options; do not recombine them into a separate forecast. Medium and High are infeasible because the task requires all 10 transactions to execute. Design an execution schedule minimizing expected USD spend and report the expected cost.",mistralai/mistral-small-2603,1,0,0|0|1,0|0|0.7,0.233,0.000,1251
L10-011,L10,l10-L10-011,"Bitcoin halving occurs in 14 days (block 840,000). You manage $5,000,000 across spot, CME futures, perpetuals, and options. Hashrate stands at 600 EH/s, difficulty is +8.2%, and miners expect to sell 400-600 BTC per day post-halving. Derivatives quote: futures $63,200 (+1.9%), perpetual funding 14.2% APR, options implied volatility 65%. Use this required risk-balanced allocation and deterministic 45-day return model: 40% spot BTC with a +35% halving-cycle base case, 25% CME basis trade earning the +1.9% basis convergence, 20% perpetual funding leg earning 14.2% APR prorated over 45 days, and 15% options convexity leg earning +70% net after premium. For this scenario, realized volatility is assumed to exceed the 65% implied volatility, so the +70% options payoff is active, not conditional. The options leg includes a put spread that caps total portfolio drawdown below 15% in the stress case; ignore additional fees and financing. Design a multi-leg strategy that profits from the halving while capping drawdown below 15% over a 45-day horizon.",mistralai/mistral-medium-3-5,0,0,0|0|0,0|0|0,0.000,0.000,2654
L10-011,L10,l10-L10-011,"Bitcoin halving occurs in 14 days (block 840,000). You manage $5,000,000 across spot, CME futures, perpetuals, and options. Hashrate stands at 600 EH/s, difficulty is +8.2%, and miners expect to sell 400-600 BTC per day post-halving. Derivatives quote: futures $63,200 (+1.9%), perpetual funding 14.2% APR, options implied volatility 65%. Use this required risk-balanced allocation and deterministic 45-day return model: 40% spot BTC with a +35% halving-cycle base case, 25% CME basis trade earning the +1.9% basis convergence, 20% perpetual funding leg earning 14.2% APR prorated over 45 days, and 15% options convexity leg earning +70% net after premium. For this scenario, realized volatility is assumed to exceed the 65% implied volatility, so the +70% options payoff is active, not conditional. The options leg includes a put spread that caps total portfolio drawdown below 15% in the stress case; ignore additional fees and financing. Design a multi-leg strategy that profits from the halving while capping drawdown below 15% over a 45-day horizon.",mistralai/mistral-small-2603,0,0,0|0|0,0|0|0,0.000,0.000,1912
L10-012,L10,l10-L10-012,"Operate a Lightning routing node managing $2,000,000 BTC. Current state: 32 BTC across 47 channels, 87% payment success, 0.15% fee rate, $18,000,000 monthly volume, and 13% failures due to inbound imbalance. Objectives: - Reach 95% success rate. - Double monthly revenue. - Spend no more than $5,000 on-chain. - Cap channels at 60. For this scenario, the $18,000,000 monthly volume is successful routed volume already earning the 0.15% fee rate, not attempted volume. Higher success and direct institutional channels should be sized so the final successful routed volume is exactly $36,000,000 per month at the same fee rate; rebalancing costs are one-time and excluded from monthly revenue. Higher success attracts retry traffic, and direct institutional channels can add flow. Devise a rebalancing and channel strategy meeting the targets and report expected monthly revenue.",mistralai/mistral-medium-3-5,0,0,0|0|0,0|0|0,0.000,0.000,3519
L10-012,L10,l10-L10-012,"Operate a Lightning routing node managing $2,000,000 BTC. Current state: 32 BTC across 47 channels, 87% payment success, 0.15% fee rate, $18,000,000 monthly volume, and 13% failures due to inbound imbalance. Objectives: - Reach 95% success rate. - Double monthly revenue. - Spend no more than $5,000 on-chain. - Cap channels at 60. For this scenario, the $18,000,000 monthly volume is successful routed volume already earning the 0.15% fee rate, not attempted volume. Higher success and direct institutional channels should be sized so the final successful routed volume is exactly $36,000,000 per month at the same fee rate; rebalancing costs are one-time and excluded from monthly revenue. Higher success attracts retry traffic, and direct institutional channels can add flow. Devise a rebalancing and channel strategy meeting the targets and report expected monthly revenue.",mistralai/mistral-small-2603,3,1,1|1|1,1|1|1,1.000,1.000,1996
L10-013,L10,l10-L10-013,"Manage 2,847 UTXOs totaling 156.3 BTC. Consolidate within 90 days while keeping at least 20 BTC liquid and total transaction costs below 0.05 BTC. Use native SegWit inputs at 68 vbytes each, consolidation outputs at 31 vbytes each, and 350 total vbytes of batch overhead. The fee plan has three low-fee windows at 10 sat/vB; ignore higher-fee windows. Preserve liquidity by leaving the largest 20 BTC untouched, and preserve privacy by consolidating the 2,200 smallest UTXOs into 120 equal-sized outputs across the three windows. Select which UTXOs to merge, when to execute given fee volatility, and report the expected BTC transaction cost for the specified consolidation plan.",mistralai/mistral-medium-3-5,0,0,0|0|0,0|0|0,0.000,0.000,3074
L10-013,L10,l10-L10-013,"Manage 2,847 UTXOs totaling 156.3 BTC. Consolidate within 90 days while keeping at least 20 BTC liquid and total transaction costs below 0.05 BTC. Use native SegWit inputs at 68 vbytes each, consolidation outputs at 31 vbytes each, and 350 total vbytes of batch overhead. The fee plan has three low-fee windows at 10 sat/vB; ignore higher-fee windows. Preserve liquidity by leaving the largest 20 BTC untouched, and preserve privacy by consolidating the 2,200 smallest UTXOs into 120 equal-sized outputs across the three windows. Select which UTXOs to merge, when to execute given fee volatility, and report the expected BTC transaction cost for the specified consolidation plan.",mistralai/mistral-small-2603,0,0,0|0|0,0|0|0,0.000,0.000,2482
L10-014,L10,l10-L10-014,"Identify a cross-chain arbitrage opportunity spanning Ethereum, Arbitrum, Optimism, and Base. The spread exists for only eight minutes before bots eliminate it. Starting capital is 1,000 ETH on Ethereum L1. Reference loop (unprofitable baseline): 1. Bridge 1,000 ETH to Arbitrum (native bridge, 10 minutes, gas 0.08 ETH). 2. Swap to USDC at $3,000 on Arbitrum with 0.18% slippage and 0.05% fee. 3. Bridge USDC to Optimism (0.15% bridge fee). 4. Swap USDC back to ETH at $2,995 on Optimism with 0.22% slippage and 0.08% fee. 5. Bridge ETH back to Ethereum (seven-day finality, gas 0.05 ETH). This path yields 995.15 ETH (-4.85 ETH). Assume access to flash loans (9 bps), omnichain messaging (Across, LayerZero, Chainflip, Hop), and MEV protection with an eight-minute execution window. Profitable route constants for the solvable strategy: use a Chainflip/Across intent that atomically borrows 1,000 ETH on Ethereum, sells ETH into the Base pool at an effective $3,043.20/ETH, sources replacement ETH through Arbitrum and Optimism liquidity at an effective $3,000/ETH, and settles back to Ethereum inside the eight-minute window. The route has exactly 1,000 ETH of usable depth. Total all-in costs are 0.44% of notional: 0.09% flash-loan fee, 0.15% omnichain messaging/bridge cost, 0.17% aggregate swap slippage and LP fees, and 0.03% MEV protection. Use gross spread = (3,043.20 / 3,000) - 1 and net profit percentage = gross spread - 0.44%; do not invent alternative prices or routes. Design a profitable cross-chain strategy that (1) identifies viable arbitrage types, (2) computes breakeven spread versus costs, (3) selects optimal capital sizing and path, (4) mitigates MEV and latency risk, and (5) presents a numerical example with net-positive profit.",mistralai/mistral-medium-3-5,0,0,0|0|0,0|0|0,0.000,0.000,2977
L10-014,L10,l10-L10-014,"Identify a cross-chain arbitrage opportunity spanning Ethereum, Arbitrum, Optimism, and Base. The spread exists for only eight minutes before bots eliminate it. Starting capital is 1,000 ETH on Ethereum L1. Reference loop (unprofitable baseline): 1. Bridge 1,000 ETH to Arbitrum (native bridge, 10 minutes, gas 0.08 ETH). 2. Swap to USDC at $3,000 on Arbitrum with 0.18% slippage and 0.05% fee. 3. Bridge USDC to Optimism (0.15% bridge fee). 4. Swap USDC back to ETH at $2,995 on Optimism with 0.22% slippage and 0.08% fee. 5. Bridge ETH back to Ethereum (seven-day finality, gas 0.05 ETH). This path yields 995.15 ETH (-4.85 ETH). Assume access to flash loans (9 bps), omnichain messaging (Across, LayerZero, Chainflip, Hop), and MEV protection with an eight-minute execution window. Profitable route constants for the solvable strategy: use a Chainflip/Across intent that atomically borrows 1,000 ETH on Ethereum, sells ETH into the Base pool at an effective $3,043.20/ETH, sources replacement ETH through Arbitrum and Optimism liquidity at an effective $3,000/ETH, and settles back to Ethereum inside the eight-minute window. The route has exactly 1,000 ETH of usable depth. Total all-in costs are 0.44% of notional: 0.09% flash-loan fee, 0.15% omnichain messaging/bridge cost, 0.17% aggregate swap slippage and LP fees, and 0.03% MEV protection. Use gross spread = (3,043.20 / 3,000) - 1 and net profit percentage = gross spread - 0.44%; do not invent alternative prices or routes. Design a profitable cross-chain strategy that (1) identifies viable arbitrage types, (2) computes breakeven spread versus costs, (3) selects optimal capital sizing and path, (4) mitigates MEV and latency risk, and (5) presents a numerical example with net-positive profit.",mistralai/mistral-small-2603,0,0,0|0|0,0|0|0,0.000,0.000,1459
L10-015,L10,l10-L10-015,"Provide $2,000,000 liquidity ($1,000,000 ETH and $1,000,000 USDC) to a Uniswap V3 ETH/USDC pool centered at $3,000 with range $2,700-$3,300 (0.05% fee). After 30 days ETH trades at $3,450 (+15%), fees earned are $90,000, and impermanent loss is about 0.49%. Project outcomes for ETH at $4,500 (+50%) and $6,000 (+100%) with IL of 4.04% and 5.72%, respectively. For the full scenario table, use IL assumptions of 0.63% at ±25%, 4.04% at ±50%, and 5.72% at +100%; for -100%, assume ETH cannot trade below zero and the LP is fully in ETH with no additional IL haircut beyond the terminal pool value. The observed $90,000 fees apply only to the first 30-day +15% observation and should not be added to the projected scenario table. Use this prescribed hedge for the objective answer: spend $40,000 (2% of capital) on an asymmetric range shift plus protective overlay. The overlay covers at least 80% of downside impermanent-loss exposure in negative ETH scenarios, but it has $0 payoff in the +50% and +100% upside scenarios. For the reported upside-capture percentage, use the +100% ETH scenario and compute (LP value after subtracting the $40,000 hedge cost and with zero upside hedge payoff - initial $2,000,000) / (HODL value - initial $2,000,000). Compute PnL across ±25%, ±50%, and ±100% price moves.",mistralai/mistral-medium-3-5,0,0,0|0|0,0|0|0,0.000,0.000,2966
L10-015,L10,l10-L10-015,"Provide $2,000,000 liquidity ($1,000,000 ETH and $1,000,000 USDC) to a Uniswap V3 ETH/USDC pool centered at $3,000 with range $2,700-$3,300 (0.05% fee). After 30 days ETH trades at $3,450 (+15%), fees earned are $90,000, and impermanent loss is about 0.49%. Project outcomes for ETH at $4,500 (+50%) and $6,000 (+100%) with IL of 4.04% and 5.72%, respectively. For the full scenario table, use IL assumptions of 0.63% at ±25%, 4.04% at ±50%, and 5.72% at +100%; for -100%, assume ETH cannot trade below zero and the LP is fully in ETH with no additional IL haircut beyond the terminal pool value. The observed $90,000 fees apply only to the first 30-day +15% observation and should not be added to the projected scenario table. Use this prescribed hedge for the objective answer: spend $40,000 (2% of capital) on an asymmetric range shift plus protective overlay. The overlay covers at least 80% of downside impermanent-loss exposure in negative ETH scenarios, but it has $0 payoff in the +50% and +100% upside scenarios. For the reported upside-capture percentage, use the +100% ETH scenario and compute (LP value after subtracting the $40,000 hedge cost and with zero upside hedge payoff - initial $2,000,000) / (HODL value - initial $2,000,000). Compute PnL across ±25%, ±50%, and ±100% price moves.",mistralai/mistral-small-2603,0,0,0|0|0,0|0|0,0.000,0.000,1665
L10-016,L10,l10-L10-016,"Execute a $2,000,000 USDC to SOL swap via Jupiter on Solana. The network lacks a public mempool; 95% of stake uses Jito bundles for MEV extraction. Historical attack rate is 73% for swaps over $500,000 with an average 0.8% slippage loss. Options: 1. Submit a Jito bundle with a high tip ($3,000, 90% success). 2. Use a private RPC (Triton or Helius) costing $50 with 95% success. 3. Split into 20 micro-swaps of $100,000 each (adds 0.15% slippage, 80% success). 4. Hybrid: combine private RPC and splitting. Objective and cost convention: choose the highest protected-completion probability strategy with total expected cost at or below 0.6%, while also keeping each child order at or below $100,000. Private RPC alone fails the child-order constraint, and splitting alone fails the 90% protected-completion target. For the Hybrid, define success probability as 90% and expected total cost as 0.15% split slippage + $50 / $2,000,000 private RPC cost + 0.3975% residual Jito adverse-selection cost = 0.55% rounded. Do not apply the historical 73% attack rate again after using the prescribed residual-cost term. Design an optimal MEV defense strategy with maximum total cost of 0.6% and report expected total cost percentage, success probability, and execution steps.",mistralai/mistral-medium-3-5,0,0,0|0|0,0|0|0,0.000,0.000,3077
L10-016,L10,l10-L10-016,"Execute a $2,000,000 USDC to SOL swap via Jupiter on Solana. The network lacks a public mempool; 95% of stake uses Jito bundles for MEV extraction. Historical attack rate is 73% for swaps over $500,000 with an average 0.8% slippage loss. Options: 1. Submit a Jito bundle with a high tip ($3,000, 90% success). 2. Use a private RPC (Triton or Helius) costing $50 with 95% success. 3. Split into 20 micro-swaps of $100,000 each (adds 0.15% slippage, 80% success). 4. Hybrid: combine private RPC and splitting. Objective and cost convention: choose the highest protected-completion probability strategy with total expected cost at or below 0.6%, while also keeping each child order at or below $100,000. Private RPC alone fails the child-order constraint, and splitting alone fails the 90% protected-completion target. For the Hybrid, define success probability as 90% and expected total cost as 0.15% split slippage + $50 / $2,000,000 private RPC cost + 0.3975% residual Jito adverse-selection cost = 0.55% rounded. Do not apply the historical 73% attack rate again after using the prescribed residual-cost term. Design an optimal MEV defense strategy with maximum total cost of 0.6% and report expected total cost percentage, success probability, and execution steps.",mistralai/mistral-small-2603,1,0,0|1|0,0|1|0,0.333,0.000,1933
L10-017,L10,l10-L10-017,"Operate a Solana validator with 500,000 SOL staked at $140 per SOL (~$70,000,000). Current performance is 89% with 8% commission and delegations declining 5% per quarter. Target: restore performance to 95% and reach 15% ROI within six months under a $200,000 budget. For this scenario, ROI means incremental six-month net profit divided by the upgrade spend selected for the plan, not return on the $70,000,000 self-stake principal. Upgrade options: 1. Hardware refresh ($50,000) reaching 93-95% performance. 2. Asia replica ($64,000) for 94-96% performance. 3. Lower commission from 8% to 6%. 4. Add Jito MEV (15% earnings boost, $15,000 setup). 5. Launch premium RPC (adds $180,000 revenue, $150,000 year-one cost). Economic constants for the six-month ROI calculation: the hardware refresh plus Jito setup is the targetable $65,000 package; restoring performance from 89% to 95% adds $6,750 of six-month net profit, and Jito adds $3,000 of six-month net MEV profit after setup effects. The Asia replica is a redundancy alternative, not additive with the hardware refresh for this target. Lowering commission stabilizes delegation but has no direct six-month incremental-profit credit in this ROI calculation. Premium RPC is evaluated on year-one economics and is not part of the six-month ROI numerator. Devise a three-phase plan within budget that hits the targets and stabilizes delegations.",mistralai/mistral-medium-3-5,0,0,0|0|0,0|0|0,0.000,0.000,2690
L10-017,L10,l10-L10-017,"Operate a Solana validator with 500,000 SOL staked at $140 per SOL (~$70,000,000). Current performance is 89% with 8% commission and delegations declining 5% per quarter. Target: restore performance to 95% and reach 15% ROI within six months under a $200,000 budget. For this scenario, ROI means incremental six-month net profit divided by the upgrade spend selected for the plan, not return on the $70,000,000 self-stake principal. Upgrade options: 1. Hardware refresh ($50,000) reaching 93-95% performance. 2. Asia replica ($64,000) for 94-96% performance. 3. Lower commission from 8% to 6%. 4. Add Jito MEV (15% earnings boost, $15,000 setup). 5. Launch premium RPC (adds $180,000 revenue, $150,000 year-one cost). Economic constants for the six-month ROI calculation: the hardware refresh plus Jito setup is the targetable $65,000 package; restoring performance from 89% to 95% adds $6,750 of six-month net profit, and Jito adds $3,000 of six-month net MEV profit after setup effects. The Asia replica is a redundancy alternative, not additive with the hardware refresh for this target. Lowering commission stabilizes delegation but has no direct six-month incremental-profit credit in this ROI calculation. Premium RPC is evaluated on year-one economics and is not part of the six-month ROI numerator. Devise a three-phase plan within budget that hits the targets and stabilizes delegations.",mistralai/mistral-small-2603,3,1,1|1|1,1|1|1,1.000,1.000,1584
L10-018,L10,l10-L10-018,"You manage a $12,000,000 DAI portfolio for a 45-day mandate and must allocate across Morpho, Spark, Pendle, and Convex: 1. Morpho DAI vault: 50% chance of 5.8% APR, 30% chance of 7.2% APR, 20% chance of 4.0% APR. 2. Spark sDAI: fixed 5.2% APR. 3. Pendle fixed sUSDe PT: 14.0% nominal APR with a 3% chance of a -15% depeg loss. 4. Convex crvUSD pool: 9.0% nominal APR with a 2% chance of a -30% pool loss. Constraints: - At most 35% allocation per protocol. - Only Morpho and Spark count as liquid within 24 hours. - At least 45% of capital must be liquid within 24 hours. - Target pre-tail-loss nominal APR above 7.5%. - Portfolio expected catastrophic loss must be below 1.2% of capital. - Report risk-adjusted annualized yield by subtracting each protocol's stated tail probability times loss severity from that protocol's APR as percentage points, without annualizing tail losses. Treat Morpho's APR as the scenario-weighted average. Compute the allocation that maximizes risk-adjusted annualized yield while satisfying every constraint, and report the resulting APR percentage.",mistralai/mistral-medium-3-5,0,0,0|0|0,0|0|0,0.000,0.000,3667
L10-018,L10,l10-L10-018,"You manage a $12,000,000 DAI portfolio for a 45-day mandate and must allocate across Morpho, Spark, Pendle, and Convex: 1. Morpho DAI vault: 50% chance of 5.8% APR, 30% chance of 7.2% APR, 20% chance of 4.0% APR. 2. Spark sDAI: fixed 5.2% APR. 3. Pendle fixed sUSDe PT: 14.0% nominal APR with a 3% chance of a -15% depeg loss. 4. Convex crvUSD pool: 9.0% nominal APR with a 2% chance of a -30% pool loss. Constraints: - At most 35% allocation per protocol. - Only Morpho and Spark count as liquid within 24 hours. - At least 45% of capital must be liquid within 24 hours. - Target pre-tail-loss nominal APR above 7.5%. - Portfolio expected catastrophic loss must be below 1.2% of capital. - Report risk-adjusted annualized yield by subtracting each protocol's stated tail probability times loss severity from that protocol's APR as percentage points, without annualizing tail losses. Treat Morpho's APR as the scenario-weighted average. Compute the allocation that maximizes risk-adjusted annualized yield while satisfying every constraint, and report the resulting APR percentage.",mistralai/mistral-small-2603,0,0,0|0|0,0|0|0,0.000,0.000,2770
L10-019,L10,l10-L10-019,"You manage an $8,000,000 USDT portfolio over 60 days across Maker, Fluid, Pendle, and Ethena: 1. Maker sUSDS: fixed 5.0% APR and liquid within 24 hours. 2. Fluid USDC/USDT vault: 50% chance of 6.4% APR, 30% chance of 8.5% APR, 20% chance of 3.5% APR, liquid within 24 hours. 3. Pendle eUSDe fixed-yield position: 16.0% nominal APR with a 4% chance of a -25% loss. 4. Ethena delta-neutral USDe: 13.0% nominal APR with a 6% chance of a -40% shutdown loss. Constraints: - At most 25% allocation per protocol. - At least 50% of capital must be liquid within 24 hours, and only Maker and Fluid count as liquid. - Target pre-tail-loss nominal APR above 8.0%. - Portfolio expected catastrophic loss must be below 1.5% of capital. - Report risk-adjusted annualized yield by subtracting probability times severity from each risky protocol's APR as percentage points, without annualizing tail losses. Treat Fluid's APR as the scenario-weighted average. Compute the optimal allocation and resulting risk-adjusted APR percentage.",mistralai/mistral-medium-3-5,1,0,1|0|0,0.7|0.4|0.4,0.500,0.400,2925
L10-019,L10,l10-L10-019,"You manage an $8,000,000 USDT portfolio over 60 days across Maker, Fluid, Pendle, and Ethena: 1. Maker sUSDS: fixed 5.0% APR and liquid within 24 hours. 2. Fluid USDC/USDT vault: 50% chance of 6.4% APR, 30% chance of 8.5% APR, 20% chance of 3.5% APR, liquid within 24 hours. 3. Pendle eUSDe fixed-yield position: 16.0% nominal APR with a 4% chance of a -25% loss. 4. Ethena delta-neutral USDe: 13.0% nominal APR with a 6% chance of a -40% shutdown loss. Constraints: - At most 25% allocation per protocol. - At least 50% of capital must be liquid within 24 hours, and only Maker and Fluid count as liquid. - Target pre-tail-loss nominal APR above 8.0%. - Portfolio expected catastrophic loss must be below 1.5% of capital. - Report risk-adjusted annualized yield by subtracting probability times severity from each risky protocol's APR as percentage points, without annualizing tail losses. Treat Fluid's APR as the scenario-weighted average. Compute the optimal allocation and resulting risk-adjusted APR percentage.",mistralai/mistral-small-2603,0,0,0|0|0,0.4|0.4|0.4,0.400,0.400,3272
L10-020,L10,l10-L10-020,"You manage $35,000,000 in DeFi positions. At 09:12 UTC the Chainlink ETH/USD oracle reads $3,328 while Coinbase spot is $3,176, a +4.8% oracle deviation. Exposure: - $12,000,000 Lido stETH leverage loop on Aave with liquidation risk if the oracle corrects. - $8,000,000 ETH collateralized borrow on Compound, oracle-sensitive. - $5,000,000 ETH/USDC LP on Uniswap V3, oracle-sensitive for the hedge trigger. - $6,000,000 hedged ETH perps that are already delta-neutral. - $4,000,000 stables. The deviation is rising 0.2% per minute and the oracle committee is expected to correct in 31 minutes, but liquidation risk spikes in 6 minutes. For the loss calculation, use only the current 4.8% deviation. Treat the Lido loop, Compound borrow, and LP as fully oracle-sensitive exposure; exclude the hedged perps and stables. Ignore liquidation penalties, hedge costs, gas, slippage, and probability haircuts. Expected loss avoided = current deviation * oracle-sensitive exposure protected. Devise a six-minute defense plan and report the expected USD loss avoided.",mistralai/mistral-medium-3-5,0,0,0|0|0,0|0|0,0.000,0.000,1937
L10-020,L10,l10-L10-020,"You manage $35,000,000 in DeFi positions. At 09:12 UTC the Chainlink ETH/USD oracle reads $3,328 while Coinbase spot is $3,176, a +4.8% oracle deviation. Exposure: - $12,000,000 Lido stETH leverage loop on Aave with liquidation risk if the oracle corrects. - $8,000,000 ETH collateralized borrow on Compound, oracle-sensitive. - $5,000,000 ETH/USDC LP on Uniswap V3, oracle-sensitive for the hedge trigger. - $6,000,000 hedged ETH perps that are already delta-neutral. - $4,000,000 stables. The deviation is rising 0.2% per minute and the oracle committee is expected to correct in 31 minutes, but liquidation risk spikes in 6 minutes. For the loss calculation, use only the current 4.8% deviation. Treat the Lido loop, Compound borrow, and LP as fully oracle-sensitive exposure; exclude the hedged perps and stables. Ignore liquidation penalties, hedge costs, gas, slippage, and probability haircuts. Expected loss avoided = current deviation * oracle-sensitive exposure protected. Devise a six-minute defense plan and report the expected USD loss avoided.",mistralai/mistral-small-2603,0,0,0|0|0,0|0.4|0,0.133,0.000,1582
L10-021,L10,l10-L10-021,"You manage $80,000,000 across Solana DeFi. At 18:40 UTC the Pyth SOL/USD oracle reads $181.35 while Coinbase spot is $166.00, a +9.25% stale-oracle deviation. Exposure: - $30,000,000 SOL collateralized loop on Kamino. - $18,000,000 Drift margin position using the same oracle. - $12,000,000 SOL/USDC LP on Orca with oracle-triggered hedging. - $20,000,000 USDC reserves. The deviation is projected to decay after a guardian update in 22 minutes, but the borrow accounts can be liquidated in about 5 minutes if the stale price abruptly corrects. For the numeric answer, use only the current 9.25% deviation, treat Kamino, Drift, and Orca LP exposure as fully oracle-sensitive, exclude USDC reserves, and ignore fees, slippage, liquidation penalties, and probability haircuts. Expected loss avoided = current deviation * oracle-sensitive exposure protected. Design the immediate defense and compute the expected USD loss avoided.",mistralai/mistral-medium-3-5,0,0,0|0|0,0|0|0,0.000,0.000,3491
L10-021,L10,l10-L10-021,"You manage $80,000,000 across Solana DeFi. At 18:40 UTC the Pyth SOL/USD oracle reads $181.35 while Coinbase spot is $166.00, a +9.25% stale-oracle deviation. Exposure: - $30,000,000 SOL collateralized loop on Kamino. - $18,000,000 Drift margin position using the same oracle. - $12,000,000 SOL/USDC LP on Orca with oracle-triggered hedging. - $20,000,000 USDC reserves. The deviation is projected to decay after a guardian update in 22 minutes, but the borrow accounts can be liquidated in about 5 minutes if the stale price abruptly corrects. For the numeric answer, use only the current 9.25% deviation, treat Kamino, Drift, and Orca LP exposure as fully oracle-sensitive, exclude USDC reserves, and ignore fees, slippage, liquidation penalties, and probability haircuts. Expected loss avoided = current deviation * oracle-sensitive exposure protected. Design the immediate defense and compute the expected USD loss avoided.",mistralai/mistral-small-2603,0,0,0|0|0,0.4|0|0,0.133,0.000,1339
L10-022,L10,l10-L10-022,"Execute a $15,000,000 on-chain settlement within 24 hours while compliant validators and relay filters are expected to censor 52% of blocks. Execution options: - SUAVE private orderflow: 88% independent success, 0.12% fee, sub-one-block latency. - bloXroute private relay: 84% independent success, 0.18% fee, sub-one-block latency. - CowSwap batch auction: 78% independent success, 0.28% fee, about 12-minute latency. - Shielded rollup route: 99% success, 0.95% fee, two-hour latency. - Canonical L2 bridge: 96% success, 0.30% fee, five-day delay, not feasible. Constraints: complete within 24 hours, target at least 98% success, minimize expected cost percentage, remain non-custodial and on-chain. A plan may use sequential independent attempts, submitting the next route only if the previous one fails. Count a route fee when its attempt is submitted, including failed attempts; do not normalize cost by conditional success. The canonical bridge is infeasible because of delay. Choose the minimal-cost route sequence meeting the success target and report expected cost percentage.",mistralai/mistral-medium-3-5,1,0,0|1|0,0|0.7|0,0.233,0.000,2315
L10-022,L10,l10-L10-022,"Execute a $15,000,000 on-chain settlement within 24 hours while compliant validators and relay filters are expected to censor 52% of blocks. Execution options: - SUAVE private orderflow: 88% independent success, 0.12% fee, sub-one-block latency. - bloXroute private relay: 84% independent success, 0.18% fee, sub-one-block latency. - CowSwap batch auction: 78% independent success, 0.28% fee, about 12-minute latency. - Shielded rollup route: 99% success, 0.95% fee, two-hour latency. - Canonical L2 bridge: 96% success, 0.30% fee, five-day delay, not feasible. Constraints: complete within 24 hours, target at least 98% success, minimize expected cost percentage, remain non-custodial and on-chain. A plan may use sequential independent attempts, submitting the next route only if the previous one fails. Count a route fee when its attempt is submitted, including failed attempts; do not normalize cost by conditional success. The canonical bridge is infeasible because of delay. Choose the minimal-cost route sequence meeting the success target and report expected cost percentage.",mistralai/mistral-small-2603,0,0,0|0|0,0|0|0,0.000,0.000,1239
L10-023,L10,l10-L10-023,"A DAO must execute a $40,000,000 treasury swap involving filtered addresses within 36 hours. OFAC-compliant validators control 58% of recent Ethereum blocks, and the trade must remain non-custodial. Execution options: - Flashbots Protect: 91% independent success, 0.10% fee, sub-one-block latency. - Eden private relay: 87% independent success, 0.12% fee, sub-one-block latency. - CowSwap solver auction: 82% independent success, 0.20% fee, about 20-minute latency. - Shielded intent network: 99.7% success, 0.75% fee, two-hour latency. - Cross-chain bridge route: 96% success, 0.30% fee, five-day delay, not feasible. Constraints: complete within 36 hours, target at least 99.5% success, minimize expected cost percentage, and remain on-chain/non-custodial. Sequential independent attempts are allowed; submit a backup only after the previous attempt fails. Count each submitted route's fee, including failed attempts, and do not normalize by conditional success. The bridge route is infeasible because of delay. Design the minimal-cost route sequence and report expected cost percentage.",mistralai/mistral-medium-3-5,0,0,0|0|0,0|0|0,0.000,0.000,2750
L10-023,L10,l10-L10-023,"A DAO must execute a $40,000,000 treasury swap involving filtered addresses within 36 hours. OFAC-compliant validators control 58% of recent Ethereum blocks, and the trade must remain non-custodial. Execution options: - Flashbots Protect: 91% independent success, 0.10% fee, sub-one-block latency. - Eden private relay: 87% independent success, 0.12% fee, sub-one-block latency. - CowSwap solver auction: 82% independent success, 0.20% fee, about 20-minute latency. - Shielded intent network: 99.7% success, 0.75% fee, two-hour latency. - Cross-chain bridge route: 96% success, 0.30% fee, five-day delay, not feasible. Constraints: complete within 36 hours, target at least 99.5% success, minimize expected cost percentage, and remain on-chain/non-custodial. Sequential independent attempts are allowed; submit a backup only after the previous attempt fails. Count each submitted route's fee, including failed attempts, and do not normalize by conditional success. The bridge route is infeasible because of delay. Design the minimal-cost route sequence and report expected cost percentage.",mistralai/mistral-small-2603,0,0,0|0|0,0|0|0,0.000,0.000,1161
L10-024,L10,l10-L10-024,"You market-make AVAX-PERP on dYdX with $3,000,000 capital. A spoofed OKX print pushes the composite AVAX oracle up by $1.80 for several seconds, creating an unhedged inventory loss of $240,000 if you keep the current skewed exposure. Options: 1. Pull liquidity immediately (-$10,000): prevents new fills but does not neutralize the existing oracle-skewed inventory. 2. Hedge the existing inventory on Binance (-$18,000 slippage): immediately neutralizes the exposure. 3. Wait for the oracle median to normalize (-$240,000 expected inventory loss). 4. Request manual oracle review (too slow; exceeds the 5-second decision window). Within 5 seconds, choose the deterministic action that minimizes expected cost. Report the expected USD cost, ignoring gas, maker rebates, and any probability adjustment because the manipulation is already observed.",mistralai/mistral-medium-3-5,0,0,0|0|0,0|0|0,0.000,0.000,1470
L10-024,L10,l10-L10-024,"You market-make AVAX-PERP on dYdX with $3,000,000 capital. A spoofed OKX print pushes the composite AVAX oracle up by $1.80 for several seconds, creating an unhedged inventory loss of $240,000 if you keep the current skewed exposure. Options: 1. Pull liquidity immediately (-$10,000): prevents new fills but does not neutralize the existing oracle-skewed inventory. 2. Hedge the existing inventory on Binance (-$18,000 slippage): immediately neutralizes the exposure. 3. Wait for the oracle median to normalize (-$240,000 expected inventory loss). 4. Request manual oracle review (too slow; exceeds the 5-second decision window). Within 5 seconds, choose the deterministic action that minimizes expected cost. Report the expected USD cost, ignoring gas, maker rebates, and any probability adjustment because the manipulation is already observed.",mistralai/mistral-small-2603,0,0,0|0|0,0|0|0,0.000,0.000,1307
L10-025,L10,l10-L10-025,"You market-make SOL-PERP on Aevo with $1,500,000 capital. A thin Bybit liquidation print pulls the SOL oracle down by $0.95, and your existing inventory would lose $96,000 if left unhedged during the oracle window. Options: 1. Cancel quotes (-$4,500): prevents new adverse fills but leaves the existing oracle-skewed inventory exposed. 2. Hedge the existing exposure with inverse perps on OKX (-$7,200 slippage): immediately neutralizes the current inventory. 3. Wait for the median update (-$96,000 expected loss). 4. Ask for exchange intervention (too slow; exceeds the 4-second response window). Choose the optimal action within 4 seconds and report the expected USD cost. Treat the manipulation as already observed and ignore gas, rebates, and probability haircuts.",mistralai/mistral-medium-3-5,0,0,0|0|0,0|0|0,0.000,0.000,2422
L10-025,L10,l10-L10-025,"You market-make SOL-PERP on Aevo with $1,500,000 capital. A thin Bybit liquidation print pulls the SOL oracle down by $0.95, and your existing inventory would lose $96,000 if left unhedged during the oracle window. Options: 1. Cancel quotes (-$4,500): prevents new adverse fills but leaves the existing oracle-skewed inventory exposed. 2. Hedge the existing exposure with inverse perps on OKX (-$7,200 slippage): immediately neutralizes the current inventory. 3. Wait for the median update (-$96,000 expected loss). 4. Ask for exchange intervention (too slow; exceeds the 4-second response window). Choose the optimal action within 4 seconds and report the expected USD cost. Treat the manipulation as already observed and ignore gas, rebates, and probability haircuts.",mistralai/mistral-small-2603,0,0,0|0|0,0|0|0,0.000,0.000,1249
L10-026,L10,l10-L10-026,"Sell 1,200,000 TOKEN at $3.40 within 18 hours before a scheduled unlock. Venues: - Coinbase: 0.45% fee with $75,000 reusable depth per TWAP slice. - Binance: 0.70% fee with $100,000 reusable depth per slice, but TOKEN deposits from Arbitrum will not clear within 18 hours. - Camelot on Arbitrum: 1.20% all-in price impact for the full Arbitrum sale. - Uniswap on Ethereum: 1.80% all-in price impact but no TOKEN inventory is on Ethereum. Holdings: 700,000 TOKEN already on Coinbase and 500,000 TOKEN on Arbitrum. Inventory can only be sold where it already sits unless explicitly bridged; for this scenario, bridging Arbitrum TOKEN to CEX venues misses the 18-hour deadline. Sell the 700,000 Coinbase TOKEN through TWAP slices and the 500,000 Arbitrum TOKEN through Camelot. Do not use Binance or Uniswap. Treat Camelot's 1.20% impact and Coinbase's 0.45% fee as all-in execution haircuts, and ignore gas. Design the execution schedule and report expected USD proceeds.",mistralai/mistral-medium-3-5,1,0,0|0|1,0|0|0.7,0.233,0.000,3629
L10-026,L10,l10-L10-026,"Sell 1,200,000 TOKEN at $3.40 within 18 hours before a scheduled unlock. Venues: - Coinbase: 0.45% fee with $75,000 reusable depth per TWAP slice. - Binance: 0.70% fee with $100,000 reusable depth per slice, but TOKEN deposits from Arbitrum will not clear within 18 hours. - Camelot on Arbitrum: 1.20% all-in price impact for the full Arbitrum sale. - Uniswap on Ethereum: 1.80% all-in price impact but no TOKEN inventory is on Ethereum. Holdings: 700,000 TOKEN already on Coinbase and 500,000 TOKEN on Arbitrum. Inventory can only be sold where it already sits unless explicitly bridged; for this scenario, bridging Arbitrum TOKEN to CEX venues misses the 18-hour deadline. Sell the 700,000 Coinbase TOKEN through TWAP slices and the 500,000 Arbitrum TOKEN through Camelot. Do not use Binance or Uniswap. Treat Camelot's 1.20% impact and Coinbase's 0.45% fee as all-in execution haircuts, and ignore gas. Design the execution schedule and report expected USD proceeds.",mistralai/mistral-small-2603,3,1,1|1|1,1|1|1,1.000,1.000,1734
L10-027,L10,l10-L10-027,"Buy 250,000 RWA at $12.50 within 12 hours before an index inclusion announcement. Venues: - Kraken: 0.60% fee with $80,000 reusable depth per TWAP slice. - Coinbase: 0.80% fee with $70,000 reusable depth per slice, but no USDC is available there. - Aerodrome on Base: 1.40% all-in price impact for the required Base purchase. - Uniswap on Ethereum: 2.10% all-in price impact, but Base USDC cannot be bridged to Ethereum within the deadline. Capital: $2,000,000 USDC already on Kraken and $1,500,000 USDC on Base. Funds cannot move between venues within 12 hours. Use Kraken to buy as many RWA as its USDC balance permits at the stated price plus fee, then buy the remaining RWA on Base through Aerodrome. Do not use Coinbase or Uniswap. Ignore gas and assume the TWAP depth is reusable over the full window. Compute the minimum deterministic total USD cost to acquire exactly 250,000 RWA.",mistralai/mistral-medium-3-5,0,0,0|0|0,0|0|0,0.000,0.000,4882
L10-027,L10,l10-L10-027,"Buy 250,000 RWA at $12.50 within 12 hours before an index inclusion announcement. Venues: - Kraken: 0.60% fee with $80,000 reusable depth per TWAP slice. - Coinbase: 0.80% fee with $70,000 reusable depth per slice, but no USDC is available there. - Aerodrome on Base: 1.40% all-in price impact for the required Base purchase. - Uniswap on Ethereum: 2.10% all-in price impact, but Base USDC cannot be bridged to Ethereum within the deadline. Capital: $2,000,000 USDC already on Kraken and $1,500,000 USDC on Base. Funds cannot move between venues within 12 hours. Use Kraken to buy as many RWA as its USDC balance permits at the stated price plus fee, then buy the remaining RWA on Base through Aerodrome. Do not use Coinbase or Uniswap. Ignore gas and assume the TWAP depth is reusable over the full window. Compute the minimum deterministic total USD cost to acquire exactly 250,000 RWA.",mistralai/mistral-small-2603,3,1,1|1|1,1|1|1,1.000,1.000,2531
L10-028,L10,l10-L10-028,"You control $3,000,000 of veBAL voting power. A governance proposal in 10 weeks may redirect emissions away from veBAL-controlled gauges, causing a 25% veBAL price drop and a 35% AURA price increase if it passes. The proposal has a 55% probability of passing; if it fails, veBAL and AURA prices are unchanged. Options for a 14-week strategy: 1. Stay in veBAL and earn 18% APR bribes, compounded weekly, while retaining full exposure to the possible veBAL price drop. 2. Wrap through Aura for a total 13% APR reward rate, compounded weekly, while retaining veBAL-linked price exposure and no AURA price pump. 3. Convert the full position to AURA at time zero before any weekly bribes accrue. This forfeits all veBAL bribes after conversion but receives the probability-weighted AURA price move. Ignore trading costs, taxes, and slippage. For bribe options, compute rewards as principal * ((1 + APR / 52) ^ 14 - 1). For token moves, use probability-weighted price change on the full $3,000,000 exposure. Choose the strategy maximizing expected USD profit over 14 weeks and report that profit.",mistralai/mistral-medium-3-5,0,0,0|0|0,0|0|0,0.000,0.000,3603
L10-028,L10,l10-L10-028,"You control $3,000,000 of veBAL voting power. A governance proposal in 10 weeks may redirect emissions away from veBAL-controlled gauges, causing a 25% veBAL price drop and a 35% AURA price increase if it passes. The proposal has a 55% probability of passing; if it fails, veBAL and AURA prices are unchanged. Options for a 14-week strategy: 1. Stay in veBAL and earn 18% APR bribes, compounded weekly, while retaining full exposure to the possible veBAL price drop. 2. Wrap through Aura for a total 13% APR reward rate, compounded weekly, while retaining veBAL-linked price exposure and no AURA price pump. 3. Convert the full position to AURA at time zero before any weekly bribes accrue. This forfeits all veBAL bribes after conversion but receives the probability-weighted AURA price move. Ignore trading costs, taxes, and slippage. For bribe options, compute rewards as principal * ((1 + APR / 52) ^ 14 - 1). For token moves, use probability-weighted price change on the full $3,000,000 exposure. Choose the strategy maximizing expected USD profit over 14 weeks and report that profit.",mistralai/mistral-small-2603,0,0,0|0|0,0|0|0,0.000,0.000,1283
L10-029,L10,l10-L10-029,"You control $6,000,000 of veFXS. A Frax governance vote in 6 weeks may reduce veFXS-directed emissions, causing a 20% veFXS price drop and a 30% pump in a liquid bribe-aggregator token called FXTL if the vote passes. The vote has a 70% probability of passing; if it fails, both token prices are unchanged. Options for a 10-week strategy: 1. Stay in veFXS and earn 24% APR bribes, compounded weekly, while retaining full exposure to the possible veFXS price drop. 2. Move to a wrapper earning a total 17% APR reward rate, compounded weekly, while retaining veFXS-linked price exposure and no FXTL pump. 3. Convert the full position to FXTL at time zero before any weekly bribes accrue. This forfeits all veFXS bribes after conversion but receives the probability-weighted FXTL price move. Ignore trading costs, taxes, and slippage. For bribe options, compute rewards as principal * ((1 + APR / 52) ^ 10 - 1). For token moves, use probability-weighted price change on the full $6,000,000 exposure. Choose the strategy maximizing expected USD profit over 10 weeks and report that profit.",mistralai/mistral-medium-3-5,0,0,0|0|0,0|0|0,0.000,0.000,5155
L10-029,L10,l10-L10-029,"You control $6,000,000 of veFXS. A Frax governance vote in 6 weeks may reduce veFXS-directed emissions, causing a 20% veFXS price drop and a 30% pump in a liquid bribe-aggregator token called FXTL if the vote passes. The vote has a 70% probability of passing; if it fails, both token prices are unchanged. Options for a 10-week strategy: 1. Stay in veFXS and earn 24% APR bribes, compounded weekly, while retaining full exposure to the possible veFXS price drop. 2. Move to a wrapper earning a total 17% APR reward rate, compounded weekly, while retaining veFXS-linked price exposure and no FXTL pump. 3. Convert the full position to FXTL at time zero before any weekly bribes accrue. This forfeits all veFXS bribes after conversion but receives the probability-weighted FXTL price move. Ignore trading costs, taxes, and slippage. For bribe options, compute rewards as principal * ((1 + APR / 52) ^ 10 - 1). For token moves, use probability-weighted price change on the full $6,000,000 exposure. Choose the strategy maximizing expected USD profit over 10 weeks and report that profit.",mistralai/mistral-small-2603,1,0,0|1|0,0.4|0.7|0.4,0.500,0.400,2664
L10-030,L10,l10-L10-030,"USDT on BNB Chain trades at $0.992 while Ethereum mainnet USDT is redeemable at $1.000. You have $5,000,000 of USD capital to buy discounted BNB Chain USDT and bridge it to Ethereum. Bridge options: - Hyperlane: 70-minute settlement, 99.9% success, 0.04% fee, maximum 30% of notional. - Stargate: 45-minute settlement, 99.7% success, 0.06% fee, maximum 50% of notional. - Celer: 25-minute settlement, 99.4% success, 0.08% fee, maximum 20% of notional. - Native exchange withdrawal: 180-minute settlement, 99.99% success, 0.02% fee, unlimited capacity. The initial spread is 0.8% and decays during settlement as 0.8% * 2^(-t / 90), where t is settlement minutes. For each bridge, expected value per dollar is success_probability * (remaining_spread - bridge_fee) - failure_probability * 100%, with percentages expressed as percent of principal. Allocate first to the highest positive-EV bridge up to capacity, then the next-highest positive-EV bridge, and do not allocate to negative-EV bridges. Use all capital only if positive-EV capacity remains. Choose allocations and report total expected USD profit.",mistralai/mistral-medium-3-5,0,0,0|0|0,0|0|0,0.000,0.000,5300
L10-030,L10,l10-L10-030,"USDT on BNB Chain trades at $0.992 while Ethereum mainnet USDT is redeemable at $1.000. You have $5,000,000 of USD capital to buy discounted BNB Chain USDT and bridge it to Ethereum. Bridge options: - Hyperlane: 70-minute settlement, 99.9% success, 0.04% fee, maximum 30% of notional. - Stargate: 45-minute settlement, 99.7% success, 0.06% fee, maximum 50% of notional. - Celer: 25-minute settlement, 99.4% success, 0.08% fee, maximum 20% of notional. - Native exchange withdrawal: 180-minute settlement, 99.99% success, 0.02% fee, unlimited capacity. The initial spread is 0.8% and decays during settlement as 0.8% * 2^(-t / 90), where t is settlement minutes. For each bridge, expected value per dollar is success_probability * (remaining_spread - bridge_fee) - failure_probability * 100%, with percentages expressed as percent of principal. Allocate first to the highest positive-EV bridge up to capacity, then the next-highest positive-EV bridge, and do not allocate to negative-EV bridges. Use all capital only if positive-EV capacity remains. Choose allocations and report total expected USD profit.",mistralai/mistral-small-2603,0,0,0|0|0,0|0|0,0.000,0.000,2536
L10-031,L10,l10-L10-031,"A DAO treasury holds $30,000,000: 70% GOV token, 20% stables, and 10% ETH LP. New policy requires GOV exposure below 35% of final treasury value and stables above 55%. Execution facts: - A governance delay happens first and leaves exactly 10 execution days. - The full $3,000,000 ETH LP is exited into stables with a 1.5% impermanent-loss hit before the GOV sale completes. - GOV daily liquidity causes execution slippage only on the GOV sold, not on remaining GOV. Daily impact percentage = 12% * (daily GOV sold / $2,000,000). - Sell the minimum GOV amount needed so final GOV exposure is below 35% of final treasury value. Spread GOV sales evenly across the 10 days. - For the numeric answer, solve the equality boundary for the strict ""below 35%"" constraint and report the limiting final value; an infinitesimally larger sale satisfies the strict inequality without changing the rounded result. Compute the optimal sell schedule and final treasury value after meeting the mandate.",mistralai/mistral-medium-3-5,0,0,0|0|0,0|0|0,0.000,0.000,2419
L10-031,L10,l10-L10-031,"A DAO treasury holds $30,000,000: 70% GOV token, 20% stables, and 10% ETH LP. New policy requires GOV exposure below 35% of final treasury value and stables above 55%. Execution facts: - A governance delay happens first and leaves exactly 10 execution days. - The full $3,000,000 ETH LP is exited into stables with a 1.5% impermanent-loss hit before the GOV sale completes. - GOV daily liquidity causes execution slippage only on the GOV sold, not on remaining GOV. Daily impact percentage = 12% * (daily GOV sold / $2,000,000). - Sell the minimum GOV amount needed so final GOV exposure is below 35% of final treasury value. Spread GOV sales evenly across the 10 days. - For the numeric answer, solve the equality boundary for the strict ""below 35%"" constraint and report the limiting final value; an infinitesimally larger sale satisfies the strict inequality without changing the rounded result. Compute the optimal sell schedule and final treasury value after meeting the mandate.",mistralai/mistral-small-2603,1,0,1|0|0,0.7|0|0,0.233,0.000,3583
L10-032,L10,l10-L10-032,"A DAO treasury holds $75,000,000: 65% GOV token, 15% stables, and 20% ETH LP. A compliance mandate requires GOV exposure below 30% of final treasury value and stables above 60%. Execution facts: - A governance delay happens first and leaves exactly 21 execution days. - The full $15,000,000 ETH LP is exited into stables with a 3.0% impermanent-loss hit before the GOV sale completes. - GOV price impact is execution slippage only on the GOV sold. Daily impact percentage = 15% * (daily GOV sold / $3,000,000). - Sell the minimum GOV amount needed so final GOV exposure is below 30% of final treasury value. Spread GOV sales evenly across the 21 execution days. - For the numeric answer, solve the equality boundary for the strict ""below 30%"" constraint and report the limiting final value; an infinitesimally larger sale satisfies the strict inequality without changing the rounded result. Compute the optimal sell schedule and final treasury value after meeting the mandate.",mistralai/mistral-medium-3-5,0,0,0|0|0,0|0|0,0.000,0.000,3546
L10-032,L10,l10-L10-032,"A DAO treasury holds $75,000,000: 65% GOV token, 15% stables, and 20% ETH LP. A compliance mandate requires GOV exposure below 30% of final treasury value and stables above 60%. Execution facts: - A governance delay happens first and leaves exactly 21 execution days. - The full $15,000,000 ETH LP is exited into stables with a 3.0% impermanent-loss hit before the GOV sale completes. - GOV price impact is execution slippage only on the GOV sold. Daily impact percentage = 15% * (daily GOV sold / $3,000,000). - Sell the minimum GOV amount needed so final GOV exposure is below 30% of final treasury value. Spread GOV sales evenly across the 21 execution days. - For the numeric answer, solve the equality boundary for the strict ""below 30%"" constraint and report the limiting final value; an infinitesimally larger sale satisfies the strict inequality without changing the rounded result. Compute the optimal sell schedule and final treasury value after meeting the mandate.",mistralai/mistral-small-2603,3,1,1|1|1,1|1|1,1.000,1.000,2237
L10-033,L10,l10-L10-033,"As an Ethereum block builder you observe these MEV opportunities for a 28M gas block: - Consented sandwich: $900,000 value, 14M gas, 90% success, explicitly permitted orderflow. - Oracle backrun: $650,000 value, 8M gas, 80% success. - Liquidation: $400,000 value, 6M gas, 92% success. - NFT backrun: $180,000 value, 2M gas, 75% success. - LST arbitrage: $300,000 value, 5M gas, 85% success. - Toxic frontrun: $250,000 value, 4M gas, 99% success, unethical and excluded. Builder profit is expected opportunity value * success probability * 12% builder keep after proposer share, minus a fixed $10,000 inclusion and gas cost for the selected bundle. The gas limit is a hard knapsack constraint. The only excluded opportunity is the one explicitly labeled unethical; the consented sandwich is allowed. Select the ethical bundle that maximizes builder profit and report USD profit after the fixed cost.",mistralai/mistral-medium-3-5,0,0,0|0|0,0.4|0.4|0.4,0.400,0.400,10847
L10-033,L10,l10-L10-033,"As an Ethereum block builder you observe these MEV opportunities for a 28M gas block: - Consented sandwich: $900,000 value, 14M gas, 90% success, explicitly permitted orderflow. - Oracle backrun: $650,000 value, 8M gas, 80% success. - Liquidation: $400,000 value, 6M gas, 92% success. - NFT backrun: $180,000 value, 2M gas, 75% success. - LST arbitrage: $300,000 value, 5M gas, 85% success. - Toxic frontrun: $250,000 value, 4M gas, 99% success, unethical and excluded. Builder profit is expected opportunity value * success probability * 12% builder keep after proposer share, minus a fixed $10,000 inclusion and gas cost for the selected bundle. The gas limit is a hard knapsack constraint. The only excluded opportunity is the one explicitly labeled unethical; the consented sandwich is allowed. Select the ethical bundle that maximizes builder profit and report USD profit after the fixed cost.",mistralai/mistral-small-2603,3,1,1|1|1,0.7|0.7|0.7,0.700,0.700,1761
L10-034,L10,l10-L10-034,"As an Ethereum block builder you observe these MEV opportunities for a 30M gas block: - CEX-DEX arbitrage: $700,000 value, 7M gas, 86% success. - Liquidation: $520,000 value, 9M gas, 88% success. - Oracle update backrun: $260,000 value, 3M gas, 93% success. - NFT mint backrun: $210,000 value, 2M gas, 70% success. - Intent solver surplus: $480,000 value, 8M gas, 82% success. - L2 withdrawal arbitrage: $350,000 value, 6M gas, 78% success. - Toxic frontrun: $190,000 value, 4M gas, 99% success, unethical and excluded. Builder profit is expected opportunity value * success probability * 8% builder keep after proposer share, minus a fixed $9,000 inclusion and gas cost for the selected bundle. The gas limit is a hard knapsack constraint. Exclude only the opportunity explicitly labeled unethical. Select the ethical bundle that maximizes builder profit and report USD profit after the fixed cost.",mistralai/mistral-medium-3-5,0,0,0|0|0,0|0|0.4,0.133,0.000,3146
L10-034,L10,l10-L10-034,"As an Ethereum block builder you observe these MEV opportunities for a 30M gas block: - CEX-DEX arbitrage: $700,000 value, 7M gas, 86% success. - Liquidation: $520,000 value, 9M gas, 88% success. - Oracle update backrun: $260,000 value, 3M gas, 93% success. - NFT mint backrun: $210,000 value, 2M gas, 70% success. - Intent solver surplus: $480,000 value, 8M gas, 82% success. - L2 withdrawal arbitrage: $350,000 value, 6M gas, 78% success. - Toxic frontrun: $190,000 value, 4M gas, 99% success, unethical and excluded. Builder profit is expected opportunity value * success probability * 8% builder keep after proposer share, minus a fixed $9,000 inclusion and gas cost for the selected bundle. The gas limit is a hard knapsack constraint. Exclude only the opportunity explicitly labeled unethical. Select the ethical bundle that maximizes builder profit and report USD profit after the fixed cost.",mistralai/mistral-small-2603,0,0,0|0|0,0|0|0.4,0.133,0.000,2685
L10-035,L10,l10-L10-035,"Predict Ethereum gas costs one hour ahead for 15 transactions, each using 250,000 gas, with ETH at $3,200. Current gas is 34 base plus 2 priority gwei. Event context: - NFT claim wave may push gas higher. - A validator maintenance window may reduce gas. - A bot auction may briefly congest the next few blocks. Execution options already summarize those events: - Low scenario at 18 gwei, 100% fill for all 15 transactions. - Medium scenario at 48 gwei, 70% fill. - High scenario at 92 gwei, orders remain partially unfilled. For this scenario, execute all 15 transactions only in the Low scenario. Treat the current 36 gwei line and event bullets as context already summarized by the Low/Medium/High execution options; do not recombine them into a separate forecast. Medium and High are infeasible because the task requires all 15 transactions to execute. Compute USD cost as transactions * gas_per_transaction * gas_price_gwei * 1e-9 ETH/gwei * ETH price. Design the gas-timed execution and report expected USD spend.",mistralai/mistral-medium-3-5,3,1,1|1|1,0.7|0.7|0.7,0.700,0.700,1504
L10-035,L10,l10-L10-035,"Predict Ethereum gas costs one hour ahead for 15 transactions, each using 250,000 gas, with ETH at $3,200. Current gas is 34 base plus 2 priority gwei. Event context: - NFT claim wave may push gas higher. - A validator maintenance window may reduce gas. - A bot auction may briefly congest the next few blocks. Execution options already summarize those events: - Low scenario at 18 gwei, 100% fill for all 15 transactions. - Medium scenario at 48 gwei, 70% fill. - High scenario at 92 gwei, orders remain partially unfilled. For this scenario, execute all 15 transactions only in the Low scenario. Treat the current 36 gwei line and event bullets as context already summarized by the Low/Medium/High execution options; do not recombine them into a separate forecast. Medium and High are infeasible because the task requires all 15 transactions to execute. Compute USD cost as transactions * gas_per_transaction * gas_price_gwei * 1e-9 ETH/gwei * ETH price. Design the gas-timed execution and report expected USD spend.",mistralai/mistral-small-2603,0,0,0|0|0,0|0|0,0.000,0.000,1401
L10-036,L10,l10-L10-036,"Predict Ethereum gas costs for an eight-transaction DeFi migration, each transaction using 300,000 gas, with ETH at $2,800. Current gas is 41 base plus 3 priority gwei. Event context: - US market close may reduce activity. - A liquidation cascade may increase gas if it triggers. - A scheduled protocol migration can be delayed if gas is too high. Execution options already summarize those events: - Low scenario at 32 gwei, 100% fill for all eight transactions. - Medium scenario at 67 gwei, 75% fill. - High scenario at 115 gwei, migration remains incomplete. For this scenario, execute all eight transactions only in the Low scenario. Treat current gas and event bullets as context already summarized by the three execution options; do not recombine them into a separate forecast. Medium and High are infeasible because the migration requires all eight transactions to execute. Compute USD cost as transactions * gas_per_transaction * gas_price_gwei * 1e-9 ETH/gwei * ETH price. Design the schedule minimizing expected spend and report expected USD cost.",mistralai/mistral-medium-3-5,3,1,1|1|1,1|1|1,1.000,1.000,2309
L10-036,L10,l10-L10-036,"Predict Ethereum gas costs for an eight-transaction DeFi migration, each transaction using 300,000 gas, with ETH at $2,800. Current gas is 41 base plus 3 priority gwei. Event context: - US market close may reduce activity. - A liquidation cascade may increase gas if it triggers. - A scheduled protocol migration can be delayed if gas is too high. Execution options already summarize those events: - Low scenario at 32 gwei, 100% fill for all eight transactions. - Medium scenario at 67 gwei, 75% fill. - High scenario at 115 gwei, migration remains incomplete. For this scenario, execute all eight transactions only in the Low scenario. Treat current gas and event bullets as context already summarized by the three execution options; do not recombine them into a separate forecast. Medium and High are infeasible because the migration requires all eight transactions to execute. Compute USD cost as transactions * gas_per_transaction * gas_price_gwei * 1e-9 ETH/gwei * ETH price. Design the schedule minimizing expected spend and report expected USD cost.",mistralai/mistral-small-2603,1,0,1|0|0,0.7|0|0,0.233,0.000,1093
L10-037,L10,l10-L10-037,"Ethereum's next major upgrade occurs in 30 days. You manage $4,000,000 across spot ETH, CME futures, perpetuals, and options. The market quotes CME basis at 2.4%, perpetual funding at 11.0% APR, and implied volatility at 58%. Use this required risk-balanced allocation and deterministic 60-day return model: - 35% spot ETH with a +28% upgrade-cycle base case. - 30% CME basis trade earning the full +2.4% basis convergence. - 20% perpetual funding leg earning 11.0% APR prorated over 60 days. - 15% options convexity leg earning +55% net after premium. For this scenario, realized volatility is assumed to exceed implied volatility, so the +55% options payoff is active, not conditional. The options leg includes a put spread that caps total portfolio drawdown below 14% in the stress case; ignore additional fees and financing. Compute total portfolio return as the weighted sum of the four deterministic leg returns. Design the multi-leg strategy and report expected percent return over 60 days.",mistralai/mistral-medium-3-5,3,1,1|1|1,1|1|0.7,0.900,1.000,2326
L10-037,L10,l10-L10-037,"Ethereum's next major upgrade occurs in 30 days. You manage $4,000,000 across spot ETH, CME futures, perpetuals, and options. The market quotes CME basis at 2.4%, perpetual funding at 11.0% APR, and implied volatility at 58%. Use this required risk-balanced allocation and deterministic 60-day return model: - 35% spot ETH with a +28% upgrade-cycle base case. - 30% CME basis trade earning the full +2.4% basis convergence. - 20% perpetual funding leg earning 11.0% APR prorated over 60 days. - 15% options convexity leg earning +55% net after premium. For this scenario, realized volatility is assumed to exceed implied volatility, so the +55% options payoff is active, not conditional. The options leg includes a put spread that caps total portfolio drawdown below 14% in the stress case; ignore additional fees and financing. Compute total portfolio return as the weighted sum of the four deterministic leg returns. Design the multi-leg strategy and report expected percent return over 60 days.",mistralai/mistral-small-2603,3,1,1|1|1,1|1|0.7,0.900,1.000,1614
L10-038,L10,l10-L10-038,"A Solana performance catalyst is expected in 75 days. You manage $6,000,000 across spot SOL, JitoSOL carry, perpetual funding, and options. Spot markets imply a +22% catalyst base case, JitoSOL staking carry is 8.0% APR, perpetual funding is 18.0% APR, and options implied volatility is below the expected realized move. Use this required risk-balanced allocation and deterministic 75-day return model: - 30% spot SOL earning +22%. - 25% JitoSOL carry earning 8.0% APR prorated over 75 days. - 25% perpetual funding leg earning 18.0% APR prorated over 75 days. - 20% options call-spread leg earning +65% net after premium. For this scenario, the +65% options payoff is active, not conditional. The options package includes downside puts that cap total portfolio drawdown below 16% in the stress case; ignore additional fees, borrow costs, and slippage. Compute total portfolio return as the weighted sum of the four deterministic leg returns. Design the multi-leg strategy and report expected percent return over 75 days.",mistralai/mistral-medium-3-5,0,0,0|0|0,0|0|0,0.000,0.000,4455
L10-038,L10,l10-L10-038,"A Solana performance catalyst is expected in 75 days. You manage $6,000,000 across spot SOL, JitoSOL carry, perpetual funding, and options. Spot markets imply a +22% catalyst base case, JitoSOL staking carry is 8.0% APR, perpetual funding is 18.0% APR, and options implied volatility is below the expected realized move. Use this required risk-balanced allocation and deterministic 75-day return model: - 30% spot SOL earning +22%. - 25% JitoSOL carry earning 8.0% APR prorated over 75 days. - 25% perpetual funding leg earning 18.0% APR prorated over 75 days. - 20% options call-spread leg earning +65% net after premium. For this scenario, the +65% options payoff is active, not conditional. The options package includes downside puts that cap total portfolio drawdown below 16% in the stress case; ignore additional fees, borrow costs, and slippage. Compute total portfolio return as the weighted sum of the four deterministic leg returns. Design the multi-leg strategy and report expected percent return over 75 days.",mistralai/mistral-small-2603,3,1,1|1|1,1|0.7|0.7,0.800,0.700,2335
L10-039,L10,l10-L10-039,"Operate a Lightning routing node managing $1,200,000 BTC liquidity. Current state: 21 BTC across 38 channels, 88% payment success, 0.13% fee rate, $14,000,000 monthly successful routed volume, and 12% failures due to inbound imbalance. Objectives: - Reach 95% payment success. - Keep total channels at or below 55. - Spend no more than $4,000 in one-time on-chain rebalancing. - Grow final successful routed volume to exactly $28,000,000 per month at the same 0.13% fee rate. For this scenario, the $14,000,000 baseline is already successful routed volume, not attempted volume. Rebalancing costs are one-time and excluded from monthly revenue. Direct merchant channels and inbound leases should be sized so final successful routed volume is exactly $28,000,000 per month; do not apply any extra volume multiplier beyond that target. Devise the channel and rebalancing plan meeting the objectives and report expected monthly routing revenue. Optimize for satisfying all stated channel, success-rate, and rebalancing constraints while calculating revenue from final successful routed volume at the fee rate.",mistralai/mistral-medium-3-5,2,1,1|1|0,1|1|0,0.667,1.000,2501
L10-039,L10,l10-L10-039,"Operate a Lightning routing node managing $1,200,000 BTC liquidity. Current state: 21 BTC across 38 channels, 88% payment success, 0.13% fee rate, $14,000,000 monthly successful routed volume, and 12% failures due to inbound imbalance. Objectives: - Reach 95% payment success. - Keep total channels at or below 55. - Spend no more than $4,000 in one-time on-chain rebalancing. - Grow final successful routed volume to exactly $28,000,000 per month at the same 0.13% fee rate. For this scenario, the $14,000,000 baseline is already successful routed volume, not attempted volume. Rebalancing costs are one-time and excluded from monthly revenue. Direct merchant channels and inbound leases should be sized so final successful routed volume is exactly $28,000,000 per month; do not apply any extra volume multiplier beyond that target. Devise the channel and rebalancing plan meeting the objectives and report expected monthly routing revenue. Optimize for satisfying all stated channel, success-rate, and rebalancing constraints while calculating revenue from final successful routed volume at the fee rate.",mistralai/mistral-small-2603,3,1,1|1|1,1|1|1,1.000,1.000,1868
L10-040,L10,l10-L10-040,"Operate a cross-rollup stablecoin routing desk with $3,000,000 inventory across Arbitrum, Base, and Optimism. Current state: $22,000,000 monthly successful routed volume, 91% fill success, 0.11% net routing fee after LP rebates, and 9% failures caused by inventory imbalance between rollups. Objectives: - Reach 97% fill success. - Keep total rebalancing spend below $6,000 per month. - Keep inventory on all three rollups, with no rollup below 20% of total inventory. - Grow final successful routed volume to exactly $45,000,000 per month at the same 0.11% net fee rate. For this scenario, the $22,000,000 baseline is successful routed volume, not attempted volume. Rebalancing spend is excluded from the reported monthly revenue. Institutional RFQ flow and solver integrations should be sized so final successful routed volume is exactly $45,000,000 per month; do not apply additional multipliers. Report revenue as final successful routed volume * 0.11%. Devise the liquidity routing plan and report expected monthly revenue.",mistralai/mistral-medium-3-5,1,0,1|0|0,1|0|0,0.333,0.000,1924
L10-040,L10,l10-L10-040,"Operate a cross-rollup stablecoin routing desk with $3,000,000 inventory across Arbitrum, Base, and Optimism. Current state: $22,000,000 monthly successful routed volume, 91% fill success, 0.11% net routing fee after LP rebates, and 9% failures caused by inventory imbalance between rollups. Objectives: - Reach 97% fill success. - Keep total rebalancing spend below $6,000 per month. - Keep inventory on all three rollups, with no rollup below 20% of total inventory. - Grow final successful routed volume to exactly $45,000,000 per month at the same 0.11% net fee rate. For this scenario, the $22,000,000 baseline is successful routed volume, not attempted volume. Rebalancing spend is excluded from the reported monthly revenue. Institutional RFQ flow and solver integrations should be sized so final successful routed volume is exactly $45,000,000 per month; do not apply additional multipliers. Report revenue as final successful routed volume * 0.11%. Devise the liquidity routing plan and report expected monthly revenue.",mistralai/mistral-small-2603,0,0,0|0|0,0|0|0,0.000,0.000,2414
L10-041,L10,l10-L10-041,"Manage 4,120 native SegWit UTXOs totaling 210.6 BTC. You must consolidate within 120 days while keeping at least 30 BTC liquid and keeping total transaction costs below 0.06 BTC. Use this deterministic consolidation plan: - Leave the largest 30 BTC untouched for liquidity. - Consolidate the 3,000 smallest UTXOs into 150 equal-sized outputs. - Execute only during four low-fee windows at 8 sat/vB; ignore all higher-fee windows. - Native SegWit inputs are 68 vbytes each. - Consolidation outputs are 31 vbytes each. - Total batch overhead across the consolidation transactions is 420 vbytes. For the objective answer, compute total vbytes as inputs * 68 + outputs * 31 + overhead, then compute BTC cost as total_vbytes * 8 sat/vB / 100,000,000. Do not add change outputs, CPFP, exchange withdrawal fees, or privacy haircuts beyond the specified output count. Select the consolidation plan and report expected BTC transaction cost.",mistralai/mistral-medium-3-5,0,0,0|0|0,0|0|0,0.000,0.000,4239
L10-041,L10,l10-L10-041,"Manage 4,120 native SegWit UTXOs totaling 210.6 BTC. You must consolidate within 120 days while keeping at least 30 BTC liquid and keeping total transaction costs below 0.06 BTC. Use this deterministic consolidation plan: - Leave the largest 30 BTC untouched for liquidity. - Consolidate the 3,000 smallest UTXOs into 150 equal-sized outputs. - Execute only during four low-fee windows at 8 sat/vB; ignore all higher-fee windows. - Native SegWit inputs are 68 vbytes each. - Consolidation outputs are 31 vbytes each. - Total batch overhead across the consolidation transactions is 420 vbytes. For the objective answer, compute total vbytes as inputs * 68 + outputs * 31 + overhead, then compute BTC cost as total_vbytes * 8 sat/vB / 100,000,000. Do not add change outputs, CPFP, exchange withdrawal fees, or privacy haircuts beyond the specified output count. Select the consolidation plan and report expected BTC transaction cost.",mistralai/mistral-small-2603,0,0,0|0|0,0|0|0,0.000,0.000,1836
L10-042,L10,l10-L10-042,"Manage 2,430 Taproot UTXOs totaling 98.4 BTC. You must consolidate within 75 days while keeping at least 15 BTC liquid and keeping total transaction costs below 0.04 BTC. Use this deterministic consolidation plan: - Leave the largest 15 BTC untouched for liquidity. - Consolidate the 1,850 smallest UTXOs into 90 equal-sized outputs. - Execute only during three low-fee windows at 12 sat/vB; ignore all higher-fee windows. - Taproot key-path inputs are 58 vbytes each. - Consolidation outputs are 43 vbytes each. - Total batch overhead across the consolidation transactions is 300 vbytes. For the objective answer, compute total vbytes as inputs * 58 + outputs * 43 + overhead, then compute BTC cost as total_vbytes * 12 sat/vB / 100,000,000. Do not add change outputs, CPFP, exchange withdrawal fees, or privacy haircuts beyond the specified output count. Select the consolidation plan and report expected BTC transaction cost.",mistralai/mistral-medium-3-5,0,0,0|0|0,0|0|0,0.000,0.000,2969
L10-042,L10,l10-L10-042,"Manage 2,430 Taproot UTXOs totaling 98.4 BTC. You must consolidate within 75 days while keeping at least 15 BTC liquid and keeping total transaction costs below 0.04 BTC. Use this deterministic consolidation plan: - Leave the largest 15 BTC untouched for liquidity. - Consolidate the 1,850 smallest UTXOs into 90 equal-sized outputs. - Execute only during three low-fee windows at 12 sat/vB; ignore all higher-fee windows. - Taproot key-path inputs are 58 vbytes each. - Consolidation outputs are 43 vbytes each. - Total batch overhead across the consolidation transactions is 300 vbytes. For the objective answer, compute total vbytes as inputs * 58 + outputs * 43 + overhead, then compute BTC cost as total_vbytes * 12 sat/vB / 100,000,000. Do not add change outputs, CPFP, exchange withdrawal fees, or privacy haircuts beyond the specified output count. Select the consolidation plan and report expected BTC transaction cost.",mistralai/mistral-small-2603,0,0,0|0|0,0|0|0,0.000,0.000,1596
L10-043,L10,l10-L10-043,"Provide $3,000,000 liquidity to a Uniswap V3 WBTC/USDC pool, split as $1,500,000 WBTC and $1,500,000 USDC, with the pool centered at $70,000. You need to project upside and downside outcomes for a 45-day hedge decision. Scenario table: - At +/-25% WBTC price move, use 0.63% impermanent loss versus HODL. - At +/-50% WBTC price move, use 4.04% impermanent loss versus HODL. - At +100% WBTC price move, use 5.72% impermanent loss versus HODL. - At -100%, assume WBTC cannot trade below zero and the LP is fully in WBTC with no additional IL haircut beyond terminal pool value. Use this prescribed hedge for the objective answer: spend $45,000 (1.5% of capital) on an asymmetric range shift plus protective overlay. The overlay covers at least 80% of downside IL exposure in negative WBTC scenarios, but it has $0 payoff in the +50% and +100% upside scenarios. For the reported upside-capture percentage, use the +100% WBTC scenario and compute (LP value after subtracting the $45,000 hedge cost and with zero upside hedge payoff - initial $3,000,000) / (HODL value - initial $3,000,000). Compute PnL across the table and report the +100% upside-capture percentage.",mistralai/mistral-medium-3-5,0,0,0|0|0,0|0|0,0.000,0.000,2947
L10-043,L10,l10-L10-043,"Provide $3,000,000 liquidity to a Uniswap V3 WBTC/USDC pool, split as $1,500,000 WBTC and $1,500,000 USDC, with the pool centered at $70,000. You need to project upside and downside outcomes for a 45-day hedge decision. Scenario table: - At +/-25% WBTC price move, use 0.63% impermanent loss versus HODL. - At +/-50% WBTC price move, use 4.04% impermanent loss versus HODL. - At +100% WBTC price move, use 5.72% impermanent loss versus HODL. - At -100%, assume WBTC cannot trade below zero and the LP is fully in WBTC with no additional IL haircut beyond terminal pool value. Use this prescribed hedge for the objective answer: spend $45,000 (1.5% of capital) on an asymmetric range shift plus protective overlay. The overlay covers at least 80% of downside IL exposure in negative WBTC scenarios, but it has $0 payoff in the +50% and +100% upside scenarios. For the reported upside-capture percentage, use the +100% WBTC scenario and compute (LP value after subtracting the $45,000 hedge cost and with zero upside hedge payoff - initial $3,000,000) / (HODL value - initial $3,000,000). Compute PnL across the table and report the +100% upside-capture percentage.",mistralai/mistral-small-2603,0,0,0|0|0,0|0|0,0.000,0.000,2702
L10-044,L10,l10-L10-044,"Provide $1,600,000 liquidity to an ARB/USDC concentrated pool, split as $800,000 ARB and $800,000 USDC. You need to evaluate an asymmetric hedge for a 30-day catalyst window. Scenario table: - At +/-25% ARB price move, use 0.63% impermanent loss versus HODL. - At +/-50% ARB price move, use 4.04% impermanent loss versus HODL. - At +100% ARB price move, use 5.72% impermanent loss versus HODL. - At -100%, assume ARB cannot trade below zero and the LP is fully in ARB with no additional IL haircut beyond terminal pool value. Use this prescribed hedge for the objective answer: spend $20,000 (1.25% of capital) on a protective put-spread plus range shift. The overlay covers at least 80% of downside IL exposure in negative ARB scenarios, but it has $0 payoff in the +50% and +100% upside scenarios. For the reported upside-capture percentage, use the +50% ARB scenario and compute (LP value after subtracting the $20,000 hedge cost and with zero upside hedge payoff - initial $1,600,000) / (HODL value - initial $1,600,000). Compute PnL across the table and report the +50% upside-capture percentage.",mistralai/mistral-medium-3-5,0,0,0|0|0,0|0|0,0.000,0.000,2294
L10-044,L10,l10-L10-044,"Provide $1,600,000 liquidity to an ARB/USDC concentrated pool, split as $800,000 ARB and $800,000 USDC. You need to evaluate an asymmetric hedge for a 30-day catalyst window. Scenario table: - At +/-25% ARB price move, use 0.63% impermanent loss versus HODL. - At +/-50% ARB price move, use 4.04% impermanent loss versus HODL. - At +100% ARB price move, use 5.72% impermanent loss versus HODL. - At -100%, assume ARB cannot trade below zero and the LP is fully in ARB with no additional IL haircut beyond terminal pool value. Use this prescribed hedge for the objective answer: spend $20,000 (1.25% of capital) on a protective put-spread plus range shift. The overlay covers at least 80% of downside IL exposure in negative ARB scenarios, but it has $0 payoff in the +50% and +100% upside scenarios. For the reported upside-capture percentage, use the +50% ARB scenario and compute (LP value after subtracting the $20,000 hedge cost and with zero upside hedge payoff - initial $1,600,000) / (HODL value - initial $1,600,000). Compute PnL across the table and report the +50% upside-capture percentage.",mistralai/mistral-small-2603,0,0,0|0|0,0|0|0,0.000,0.000,2001
L10-045,L10,l10-L10-045,"Execute a $5,000,000 ETH to USDC swap on Ethereum mainnet. The public mempool exposes swaps above $250,000 to sandwiching; historical attack rate is 68% with average 0.9% adverse slippage. Options: 1. Submit through Flashbots Protect with a $2,000 tip, 88% protected-completion probability. 2. Use a CowSwap solver auction costing 0.18% all-in, 93% protected-completion probability. 3. Split into 25 child orders of $200,000 each, adding 0.12% aggregate execution slippage, 85% protected-completion probability. 4. Hybrid: split into 25 child orders of $200,000 and route them through a private solver/RPC path. Objective and cost convention: choose the highest protected-completion probability strategy with total expected cost at or below 0.50%, while also keeping each child order at or below $200,000. Flashbots and CowSwap alone fail the child-order constraint, and splitting alone fails the 90% protected-completion target. For the Hybrid, define success probability as 93% and expected total cost as 0.12% split slippage + $2,000 / $5,000,000 private routing cost + 0.21% residual adverse-selection cost = 0.37% rounded. Do not apply the historical attack rate again after using the residual-cost term. Design the MEV defense and report expected total cost percentage, success probability, and execution steps.",mistralai/mistral-medium-3-5,0,0,0|0|0,0|0|0,0.000,0.000,1797
L10-045,L10,l10-L10-045,"Execute a $5,000,000 ETH to USDC swap on Ethereum mainnet. The public mempool exposes swaps above $250,000 to sandwiching; historical attack rate is 68% with average 0.9% adverse slippage. Options: 1. Submit through Flashbots Protect with a $2,000 tip, 88% protected-completion probability. 2. Use a CowSwap solver auction costing 0.18% all-in, 93% protected-completion probability. 3. Split into 25 child orders of $200,000 each, adding 0.12% aggregate execution slippage, 85% protected-completion probability. 4. Hybrid: split into 25 child orders of $200,000 and route them through a private solver/RPC path. Objective and cost convention: choose the highest protected-completion probability strategy with total expected cost at or below 0.50%, while also keeping each child order at or below $200,000. Flashbots and CowSwap alone fail the child-order constraint, and splitting alone fails the 90% protected-completion target. For the Hybrid, define success probability as 93% and expected total cost as 0.12% split slippage + $2,000 / $5,000,000 private routing cost + 0.21% residual adverse-selection cost = 0.37% rounded. Do not apply the historical attack rate again after using the residual-cost term. Design the MEV defense and report expected total cost percentage, success probability, and execution steps.",mistralai/mistral-small-2603,0,0,0|0|0,0|0|0,0.000,0.000,1995
L10-046,L10,l10-L10-046,"Execute a $3,000,000 USDC to ARB swap on Arbitrum. Sequencer-adjacent orderflow exposes swaps above $250,000 to backrunning; historical attack rate is 61% with average 0.7% adverse slippage. Options: 1. Use a private RPC relay costing $300, 86% protected-completion probability. 2. Use a solver auction costing 0.16% all-in, 92% protected-completion probability. 3. Split into 15 child orders of $200,000 each, adding 0.10% aggregate execution slippage, 84% protected-completion probability. 4. Hybrid: split into 15 child orders of $200,000 and submit through a private solver/RPC route. Objective and cost convention: choose the highest protected-completion probability strategy with total expected cost at or below 0.45%, while also keeping each child order at or below $200,000. Private RPC and solver alone fail the child-order constraint, and splitting alone fails the 90% protected-completion target. For the Hybrid, define success probability as 92% and expected total cost as 0.10% split slippage + $300 / $3,000,000 private routing cost + 0.24% residual adverse-selection cost = 0.35% rounded. Do not apply the historical attack rate again after using the residual-cost term. Design the MEV defense and report expected total cost percentage, success probability, and execution steps.",mistralai/mistral-medium-3-5,0,0,0|0|0,0|0|0,0.000,0.000,3313
L10-046,L10,l10-L10-046,"Execute a $3,000,000 USDC to ARB swap on Arbitrum. Sequencer-adjacent orderflow exposes swaps above $250,000 to backrunning; historical attack rate is 61% with average 0.7% adverse slippage. Options: 1. Use a private RPC relay costing $300, 86% protected-completion probability. 2. Use a solver auction costing 0.16% all-in, 92% protected-completion probability. 3. Split into 15 child orders of $200,000 each, adding 0.10% aggregate execution slippage, 84% protected-completion probability. 4. Hybrid: split into 15 child orders of $200,000 and submit through a private solver/RPC route. Objective and cost convention: choose the highest protected-completion probability strategy with total expected cost at or below 0.45%, while also keeping each child order at or below $200,000. Private RPC and solver alone fail the child-order constraint, and splitting alone fails the 90% protected-completion target. For the Hybrid, define success probability as 92% and expected total cost as 0.10% split slippage + $300 / $3,000,000 private routing cost + 0.24% residual adverse-selection cost = 0.35% rounded. Do not apply the historical attack rate again after using the residual-cost term. Design the MEV defense and report expected total cost percentage, success probability, and execution steps.",mistralai/mistral-small-2603,0,0,0|0|0,0|0|0,0.000,0.000,2178
L10-047,L10,l10-L10-047,"Operate an Ethereum validator fleet with 1,200 validators (38,400 ETH) at ETH = $3,200. Current effective uptime is 96.8%, relay diversity is weak, and missed-attestation penalties are rising. Target: restore effective uptime to 99.2% and reach 15% ROI within six months under a $180,000 budget. For this scenario, ROI means incremental six-month net profit divided by the upgrade spend selected for the plan, not return on validator principal. Upgrade options: 1. Relay diversity automation ($40,000) contributing to the uptime target. 2. DVT failover cluster ($55,000) contributing to the uptime target. 3. MEV-Boost tuning ($10,000) adding six-month net MEV profit. 4. Lower operator fee from 8% to 6%, stabilizing delegations but with no direct six-month incremental-profit credit. 5. Premium RPC endpoint ($120,000) evaluated on year-one economics and not part of the six-month ROI numerator. Economic constants: the relay diversity + DVT failover + MEV tuning package costs $105,000; restoring uptime from 96.8% to 99.2% adds $9,450 of six-month net profit; MEV tuning adds $6,300 of six-month net profit after setup effects. Premium RPC is outside the six-month numerator. Devise a three-phase plan within budget and report six-month ROI percentage.",mistralai/mistral-medium-3-5,2,1,1|1|0,1|1|0,0.667,1.000,3555
L10-047,L10,l10-L10-047,"Operate an Ethereum validator fleet with 1,200 validators (38,400 ETH) at ETH = $3,200. Current effective uptime is 96.8%, relay diversity is weak, and missed-attestation penalties are rising. Target: restore effective uptime to 99.2% and reach 15% ROI within six months under a $180,000 budget. For this scenario, ROI means incremental six-month net profit divided by the upgrade spend selected for the plan, not return on validator principal. Upgrade options: 1. Relay diversity automation ($40,000) contributing to the uptime target. 2. DVT failover cluster ($55,000) contributing to the uptime target. 3. MEV-Boost tuning ($10,000) adding six-month net MEV profit. 4. Lower operator fee from 8% to 6%, stabilizing delegations but with no direct six-month incremental-profit credit. 5. Premium RPC endpoint ($120,000) evaluated on year-one economics and not part of the six-month ROI numerator. Economic constants: the relay diversity + DVT failover + MEV tuning package costs $105,000; restoring uptime from 96.8% to 99.2% adds $9,450 of six-month net profit; MEV tuning adds $6,300 of six-month net profit after setup effects. Premium RPC is outside the six-month numerator. Devise a three-phase plan within budget and report six-month ROI percentage.",mistralai/mistral-small-2603,3,1,1|1|1,1|1|1,1.000,1.000,1526
L10-048,L10,l10-L10-048,"Operate a Cosmos validator with 8,000,000 ATOM delegated at $9 per ATOM. Current signing uptime is 92%, missed-block penalties are increasing, and delegations are declining 4% per quarter. Target: restore uptime to 98% and reach 15% ROI within six months under a $150,000 budget. For this scenario, ROI means incremental six-month net profit divided by the upgrade spend selected for the plan, not return on delegated stake principal. Upgrade options: 1. Add distributed sentry nodes ($48,000) contributing to the uptime target. 2. Deploy Horcrux threshold signer ($32,000) contributing to the uptime target. 3. Add Skip MEV integration ($10,000) adding six-month net MEV profit. 4. Lower commission from 7% to 5%, stabilizing delegations but with no direct six-month incremental-profit credit. 5. Build a public API product ($90,000) evaluated on year-one economics and not part of the six-month ROI numerator. Economic constants: the sentry nodes + Horcrux signer + Skip MEV package costs $90,000; restoring uptime from 92% to 98% adds $8,100 of six-month net profit; Skip MEV adds $5,400 of six-month net profit after setup effects. Public API is outside the six-month numerator. Devise a three-phase plan within budget and report six-month ROI percentage.",mistralai/mistral-medium-3-5,0,0,0|0|0,0|0|0,0.000,0.000,3666
L10-048,L10,l10-L10-048,"Operate a Cosmos validator with 8,000,000 ATOM delegated at $9 per ATOM. Current signing uptime is 92%, missed-block penalties are increasing, and delegations are declining 4% per quarter. Target: restore uptime to 98% and reach 15% ROI within six months under a $150,000 budget. For this scenario, ROI means incremental six-month net profit divided by the upgrade spend selected for the plan, not return on delegated stake principal. Upgrade options: 1. Add distributed sentry nodes ($48,000) contributing to the uptime target. 2. Deploy Horcrux threshold signer ($32,000) contributing to the uptime target. 3. Add Skip MEV integration ($10,000) adding six-month net MEV profit. 4. Lower commission from 7% to 5%, stabilizing delegations but with no direct six-month incremental-profit credit. 5. Build a public API product ($90,000) evaluated on year-one economics and not part of the six-month ROI numerator. Economic constants: the sentry nodes + Horcrux signer + Skip MEV package costs $90,000; restoring uptime from 92% to 98% adds $8,100 of six-month net profit; Skip MEV adds $5,400 of six-month net profit after setup effects. Public API is outside the six-month numerator. Devise a three-phase plan within budget and report six-month ROI percentage.",mistralai/mistral-small-2603,3,1,1|1|1,1|1|1,1.000,1.000,1476
L10-049,L10,l10-L10-049,"You manage an $18,000,000 stablecoin treasury for a 60-day liability window. Allocate across four venues: 1. Tokenized Treasury repo: 5.4% APR, 2-day liquidity, no modeled tail loss. 2. FraxBP LP: 9.8% nominal APR, 5-day liquidity, 1.5% chance of an 18% pool loss. 3. Maple senior loan: 13.0% nominal APR, 45-day liquidity, 2.0% chance of a 35% credit loss. 4. Ethena sUSDe lock: 16.5% nominal APR, 7-day liquidity, 3.0% chance of a 22% protocol loss. Constraints: - At most 30% allocation to any venue. - At least 55% of capital must be liquid within 7 days. - At most 25% of capital may be in assets liquid later than 7 days. - Portfolio expected tail loss must be below 1.0% of capital. - Target pre-tail-loss nominal APR is above 10.0%. - Report risk-adjusted annualized yield by subtracting probability times severity from each venue's APR as percentage points, without annualizing tail losses. Compute the allocation that maximizes risk-adjusted annualized yield while satisfying every constraint, and report the APR percentage.",mistralai/mistral-medium-3-5,0,0,0|0|0,0.4|0|0,0.133,0.000,9277
L10-049,L10,l10-L10-049,"You manage an $18,000,000 stablecoin treasury for a 60-day liability window. Allocate across four venues: 1. Tokenized Treasury repo: 5.4% APR, 2-day liquidity, no modeled tail loss. 2. FraxBP LP: 9.8% nominal APR, 5-day liquidity, 1.5% chance of an 18% pool loss. 3. Maple senior loan: 13.0% nominal APR, 45-day liquidity, 2.0% chance of a 35% credit loss. 4. Ethena sUSDe lock: 16.5% nominal APR, 7-day liquidity, 3.0% chance of a 22% protocol loss. Constraints: - At most 30% allocation to any venue. - At least 55% of capital must be liquid within 7 days. - At most 25% of capital may be in assets liquid later than 7 days. - Portfolio expected tail loss must be below 1.0% of capital. - Target pre-tail-loss nominal APR is above 10.0%. - Report risk-adjusted annualized yield by subtracting probability times severity from each venue's APR as percentage points, without annualizing tail losses. Compute the allocation that maximizes risk-adjusted annualized yield while satisfying every constraint, and report the APR percentage.",mistralai/mistral-small-2603,0,0,0|0|0,0.4|0.4|0.4,0.400,0.400,1801
L10-050,L10,l10-L10-050,"You hold 4,000 ETH at $3,000 per ETH and need a 30-day hedge. Risk policy says that if ETH drops 18% in one day, total portfolio loss after hedge payoff and hedge carry must not exceed $420,000. Available hedges: 1. Sell covered calls for $42 per ETH; they do not protect the downside stress. 2. Buy 20% OTM puts with strike $2,400 for $54 per ETH; at the -18% stress price they have no payoff. 3. Buy 10% OTM puts with strike $2,700 for $96 per ETH; at the -18% stress price they pay intrinsic value only. 4. Short ETH perps for the minimum necessary notional; funding cost is 0.012% per day on short notional for 30 days, and the short gains dollar-for-dollar on the -18% price move. Use hedge cost as part of stress loss. Ignore slippage, option delta before expiry, and basis risk. Choose the cheapest hedge that satisfies the stress-loss cap and report the 30-day hedge cost in USD.",mistralai/mistral-medium-3-5,0,0,0|0|0,0|0|0,0.000,0.000,4816
L10-050,L10,l10-L10-050,"You hold 4,000 ETH at $3,000 per ETH and need a 30-day hedge. Risk policy says that if ETH drops 18% in one day, total portfolio loss after hedge payoff and hedge carry must not exceed $420,000. Available hedges: 1. Sell covered calls for $42 per ETH; they do not protect the downside stress. 2. Buy 20% OTM puts with strike $2,400 for $54 per ETH; at the -18% stress price they have no payoff. 3. Buy 10% OTM puts with strike $2,700 for $96 per ETH; at the -18% stress price they pay intrinsic value only. 4. Short ETH perps for the minimum necessary notional; funding cost is 0.012% per day on short notional for 30 days, and the short gains dollar-for-dollar on the -18% price move. Use hedge cost as part of stress loss. Ignore slippage, option delta before expiry, and basis risk. Choose the cheapest hedge that satisfies the stress-loss cap and report the 30-day hedge cost in USD.",mistralai/mistral-small-2603,0,0,0|0|0,0|0|0,0.000,0.000,1820
L10-051,L10,l10-L10-051,"Allocate $20,000,000 for a 90-day delta-neutral funding strategy. Each trade is cash-and-carry: buy spot, short the perp, collect funding, pay borrow, and pay one-time execution/roll fees. Options: - BTC: collect 0.035% per day, borrow cost 4.0% APR, one-time fees 0.18%, stress haircut 4%, capacity $8,000,000. - ETH: collect 0.052% per day, borrow cost 5.5% APR, one-time fees 0.22%, stress haircut 7%, capacity $6,000,000. - SOL: collect 0.095% per day, borrow cost 7.0% APR, one-time fees 0.35%, stress haircut 12%, capacity $4,000,000. - Idle USDC earns 5.1% APR with 0% stress haircut. Constraints: - At least $6,000,000 must remain idle in USDC. - Stress haircut consumption, measured as haircut percentage times allocation divided by total capital, must be at most 6.0%. - No crypto basis trade may exceed its capacity. - Use 365-day year conventions and do not compound. Choose the allocation that maximizes 90-day expected profit and report that profit in USD.",mistralai/mistral-medium-3-5,0,0,0|0|0,0|0|0,0.000,0.000,7240
L10-051,L10,l10-L10-051,"Allocate $20,000,000 for a 90-day delta-neutral funding strategy. Each trade is cash-and-carry: buy spot, short the perp, collect funding, pay borrow, and pay one-time execution/roll fees. Options: - BTC: collect 0.035% per day, borrow cost 4.0% APR, one-time fees 0.18%, stress haircut 4%, capacity $8,000,000. - ETH: collect 0.052% per day, borrow cost 5.5% APR, one-time fees 0.22%, stress haircut 7%, capacity $6,000,000. - SOL: collect 0.095% per day, borrow cost 7.0% APR, one-time fees 0.35%, stress haircut 12%, capacity $4,000,000. - Idle USDC earns 5.1% APR with 0% stress haircut. Constraints: - At least $6,000,000 must remain idle in USDC. - Stress haircut consumption, measured as haircut percentage times allocation divided by total capital, must be at most 6.0%. - No crypto basis trade may exceed its capacity. - Use 365-day year conventions and do not compound. Choose the allocation that maximizes 90-day expected profit and report that profit in USD.",mistralai/mistral-small-2603,0,0,0|0|0,0|0|0,0.000,0.000,2576
L10-052,L10,l10-L10-052,"You have $9,000,000 USDC available to defend three lending positions before a volatility update. Repayments reduce debt dollar-for-dollar. The required post-stress health factor is 1.08, where health factor equals stressed collateral value times liquidation threshold divided by remaining debt. Positions: - WBTC vault: $14,000,000 collateral, $9,800,000 debt, 78% liquidation threshold, collateral stress -12%. - ETH vault: $8,000,000 collateral, $5,200,000 debt, 82% liquidation threshold, collateral stress -15%. - stSOL vault: $5,000,000 collateral, $3,400,000 debt, 75% liquidation threshold, collateral stress -20%. Ignore interest, liquidation penalties, and slippage for the repayment calculation. Compute the minimum total repayment that brings all three positions to a post-stress health factor of at least 1.08, and report the required repayment in USD.",mistralai/mistral-medium-3-5,0,0,0|0|0,0|0|0,0.000,0.000,2165
L10-052,L10,l10-L10-052,"You have $9,000,000 USDC available to defend three lending positions before a volatility update. Repayments reduce debt dollar-for-dollar. The required post-stress health factor is 1.08, where health factor equals stressed collateral value times liquidation threshold divided by remaining debt. Positions: - WBTC vault: $14,000,000 collateral, $9,800,000 debt, 78% liquidation threshold, collateral stress -12%. - ETH vault: $8,000,000 collateral, $5,200,000 debt, 82% liquidation threshold, collateral stress -15%. - stSOL vault: $5,000,000 collateral, $3,400,000 debt, 75% liquidation threshold, collateral stress -20%. Ignore interest, liquidation penalties, and slippage for the repayment calculation. Compute the minimum total repayment that brings all three positions to a post-stress health factor of at least 1.08, and report the required repayment in USD.",mistralai/mistral-small-2603,0,0,0|0|0,0|0|0,0.000,0.000,1384
L10-053,L10,l10-L10-053,"Deploy $7,000,000 into discounted liquid staking tokens and redeem to ETH. Hedge ETH price risk until each withdrawal settles. Routes: - stETH discount 0.85%, withdrawal time 6 days, hedge cost 4.5% APR, depeg/failure risk 0.05% of principal, unlimited capacity. - rETH discount 1.40%, withdrawal time 14 days, hedge cost 5.2% APR, depeg/failure risk 0.10% of principal, capacity $3,000,000. - cbETH discount 1.90%, withdrawal time 21 days, hedge cost 6.8% APR, depeg/failure risk 0.30% of principal, capacity $2,000,000. Constraints: - Weighted-average settlement time must be at most 14 days. - No route may exceed its capacity. - Use only positive expected-value routes. - Expected profit per route equals discount minus prorated hedge cost minus depeg/failure risk, all as percentages of allocated principal. Choose the profit-maximizing allocation and report expected profit in USD.",mistralai/mistral-medium-3-5,0,0,0|0|0,0|0|0,0.000,0.000,2631
L10-053,L10,l10-L10-053,"Deploy $7,000,000 into discounted liquid staking tokens and redeem to ETH. Hedge ETH price risk until each withdrawal settles. Routes: - stETH discount 0.85%, withdrawal time 6 days, hedge cost 4.5% APR, depeg/failure risk 0.05% of principal, unlimited capacity. - rETH discount 1.40%, withdrawal time 14 days, hedge cost 5.2% APR, depeg/failure risk 0.10% of principal, capacity $3,000,000. - cbETH discount 1.90%, withdrawal time 21 days, hedge cost 6.8% APR, depeg/failure risk 0.30% of principal, capacity $2,000,000. Constraints: - Weighted-average settlement time must be at most 14 days. - No route may exceed its capacity. - Use only positive expected-value routes. - Expected profit per route equals discount minus prorated hedge cost minus depeg/failure risk, all as percentages of allocated principal. Choose the profit-maximizing allocation and report expected profit in USD.",mistralai/mistral-small-2603,0,0,0|0|0,0|0|0,0.000,0.000,2054
L10-054,L10,l10-L10-054,"You market-make ARB-PERP with an existing long inventory of 5,000,000 ARB at a mark price of $1.20. Over the next two hours choose one quoting mode. Mode A - tight two-sided quotes: - Expected buy fills: 700,000 ARB. - Expected sell fills: 500,000 ARB. - Spread capture: 0.08% of filled notional. Mode B - skew asks wider and bids smaller: - Expected buy fills: 100,000 ARB. - Expected sell fills: 1,400,000 ARB. - Spread capture: 0.11% of filled notional. - Adverse-selection cost: 0.03% of sell notional. Mode C - pull bids and leave only high asks: - Expected buy fills: 0 ARB. - Expected sell fills: 900,000 ARB. - Spread capture: 0.14% of filled notional. - Exchange cancel/queue penalty: $6,000. Risk penalty after the two-hour window is $0.012 per ARB of ending inventory above 4,000,000 ARB. Ending inventory equals starting inventory plus expected buy fills minus expected sell fills. Choose the mode with the highest net expected PnL after spread capture, adverse selection, penalties, and inventory risk, and report that net PnL in USD.",mistralai/mistral-medium-3-5,0,0,0|0|0,0|0|0,0.000,0.000,2899
L10-054,L10,l10-L10-054,"You market-make ARB-PERP with an existing long inventory of 5,000,000 ARB at a mark price of $1.20. Over the next two hours choose one quoting mode. Mode A - tight two-sided quotes: - Expected buy fills: 700,000 ARB. - Expected sell fills: 500,000 ARB. - Spread capture: 0.08% of filled notional. Mode B - skew asks wider and bids smaller: - Expected buy fills: 100,000 ARB. - Expected sell fills: 1,400,000 ARB. - Spread capture: 0.11% of filled notional. - Adverse-selection cost: 0.03% of sell notional. Mode C - pull bids and leave only high asks: - Expected buy fills: 0 ARB. - Expected sell fills: 900,000 ARB. - Spread capture: 0.14% of filled notional. - Exchange cancel/queue penalty: $6,000. Risk penalty after the two-hour window is $0.012 per ARB of ending inventory above 4,000,000 ARB. Ending inventory equals starting inventory plus expected buy fills minus expected sell fills. Choose the mode with the highest net expected PnL after spread capture, adverse selection, penalties, and inventory risk, and report that net PnL in USD.",mistralai/mistral-small-2603,0,0,0|0|0,0|0|0,0.000,0.000,2274
L10-055,L10,l10-L10-055,"A USD treasury allocates EUR 10,000,000 into tokenized 91-day German T-bills at a EUR/USD spot rate of 1.08. The EUR bill yield is 3.2% APR. The treasury fully hedges EUR/USD back to USD for the holding period. Costs and conventions: - FX hedge carry cost is 0.55% APR on USD notional. - Custody/admin cost is 0.12% APR on USD notional. - Mint and redeem fees total 0.08% one-time on USD notional. - Use a 365-day year, simple interest, and the initial EUR/USD spot rate to define USD notional. - Ignore taxes, margin interest, and reinvestment. Compute the hedged net USD profit over 91 days and report it in USD.",mistralai/mistral-medium-3-5,1,0,0|0|1,0|0|1,0.333,0.000,3417
L10-055,L10,l10-L10-055,"A USD treasury allocates EUR 10,000,000 into tokenized 91-day German T-bills at a EUR/USD spot rate of 1.08. The EUR bill yield is 3.2% APR. The treasury fully hedges EUR/USD back to USD for the holding period. Costs and conventions: - FX hedge carry cost is 0.55% APR on USD notional. - Custody/admin cost is 0.12% APR on USD notional. - Mint and redeem fees total 0.08% one-time on USD notional. - Use a 365-day year, simple interest, and the initial EUR/USD spot rate to define USD notional. - Ignore taxes, margin interest, and reinvestment. Compute the hedged net USD profit over 91 days and report it in USD.",mistralai/mistral-small-2603,0,0,0|0|0,0|0|0,0.000,0.000,2582
L10-056,L10,l10-L10-056,"Allocate a $25,000,000 ETH treasury between native staking and three restaking AVSs for a 12-month plan. Options: - Native staking: 4.2% APR, no modeled slash loss, no cap. - AVS A: 8.0% APR, 0.8% slash probability, 15% slash severity, cap 40% of capital. - AVS B: 11.0% APR, 1.2% slash probability, 25% slash severity, cap 30% of capital. - AVS C: 15.0% APR, 2.0% slash probability, 50% slash severity, cap 20% of capital. Constraints: - Expected slash loss, calculated as allocation weight times probability times severity, must be at most 0.45% of total capital. - At least 35% of capital must stay in native staking. - Maximize risk-adjusted APR, where each AVS APR is reduced by probability times severity as percentage points. Compute the optimal allocation and report the portfolio risk-adjusted APR percentage.",mistralai/mistral-medium-3-5,0,0,0|0|0,0|0|0,0.000,0.000,2437
L10-056,L10,l10-L10-056,"Allocate a $25,000,000 ETH treasury between native staking and three restaking AVSs for a 12-month plan. Options: - Native staking: 4.2% APR, no modeled slash loss, no cap. - AVS A: 8.0% APR, 0.8% slash probability, 15% slash severity, cap 40% of capital. - AVS B: 11.0% APR, 1.2% slash probability, 25% slash severity, cap 30% of capital. - AVS C: 15.0% APR, 2.0% slash probability, 50% slash severity, cap 20% of capital. Constraints: - Expected slash loss, calculated as allocation weight times probability times severity, must be at most 0.45% of total capital. - At least 35% of capital must stay in native staking. - Maximize risk-adjusted APR, where each AVS APR is reduced by probability times severity as percentage points. Compute the optimal allocation and report the portfolio risk-adjusted APR percentage.",mistralai/mistral-small-2603,0,0,0|0|0,0|0|0,0.000,0.000,2362
L10-057,L10,l10-L10-057,"You run a liquidation keeper on Base and can submit one bundle with at most 12,000,000 gas. For each opportunity, expected bonus equals gross bonus times success probability. You keep 60% of expected bonus after paying the sequencer a 40% share. Ignore separate gas costs. Opportunities: - A: $42,000 gross bonus, 90% success, 2,000,000 gas. - B: $35,000 gross bonus, 95% success, 4,000,000 gas. - C: $24,000 gross bonus, 80% success, 1,500,000 gas. - D: $60,000 gross bonus, 70% success, 7,000,000 gas. - E: $18,000 gross bonus, 98% success, 1,000,000 gas. Select the gas-feasible bundle that maximizes keeper retained expected profit and report that retained profit in USD.",mistralai/mistral-medium-3-5,0,0,0|0|0,0|0|0,0.000,0.000,11770
L10-057,L10,l10-L10-057,"You run a liquidation keeper on Base and can submit one bundle with at most 12,000,000 gas. For each opportunity, expected bonus equals gross bonus times success probability. You keep 60% of expected bonus after paying the sequencer a 40% share. Ignore separate gas costs. Opportunities: - A: $42,000 gross bonus, 90% success, 2,000,000 gas. - B: $35,000 gross bonus, 95% success, 4,000,000 gas. - C: $24,000 gross bonus, 80% success, 1,500,000 gas. - D: $60,000 gross bonus, 70% success, 7,000,000 gas. - E: $18,000 gross bonus, 98% success, 1,000,000 gas. Select the gas-feasible bundle that maximizes keeper retained expected profit and report that retained profit in USD.",mistralai/mistral-small-2603,0,0,0|0|0,0|0|0,0.000,0.000,1505
L10-058,L10,l10-L10-058,"A protocol has an $850,000 budget for one emissions epoch. Each $1 of bribe spend produces the expected protocol revenue shown below before subtracting the bribe. Pools: - Pool A: $1.38 expected revenue per $1 bribe, maximum bribe $250,000. - Pool B: $1.55 expected revenue per $1 bribe, maximum bribe $350,000. - Pool C: $1.24 expected revenue per $1 bribe, maximum bribe $500,000. - Pool D: $1.70 revenue per $1 bribe if governance passes, but governance has a 35% failure probability that makes revenue zero; maximum bribe $200,000. Constraints: - Spend the full $850,000. - Use at least three pools. - No pool may receive more than 40% of the total budget. - Maximize expected ROI, where ROI equals (expected revenue minus bribe spend) divided by bribe spend. Choose the allocation and report expected ROI percentage.",mistralai/mistral-medium-3-5,0,0,0|0|0,0|0|0,0.000,0.000,3660
L10-058,L10,l10-L10-058,"A protocol has an $850,000 budget for one emissions epoch. Each $1 of bribe spend produces the expected protocol revenue shown below before subtracting the bribe. Pools: - Pool A: $1.38 expected revenue per $1 bribe, maximum bribe $250,000. - Pool B: $1.55 expected revenue per $1 bribe, maximum bribe $350,000. - Pool C: $1.24 expected revenue per $1 bribe, maximum bribe $500,000. - Pool D: $1.70 revenue per $1 bribe if governance passes, but governance has a 35% failure probability that makes revenue zero; maximum bribe $200,000. Constraints: - Spend the full $850,000. - Use at least three pools. - No pool may receive more than 40% of the total budget. - Maximize expected ROI, where ROI equals (expected revenue minus bribe spend) divided by bribe spend. Choose the allocation and report expected ROI percentage.",mistralai/mistral-small-2603,1,0,0|1|0,0|0.7|0.4,0.367,0.400,1791
L10-059,L10,l10-L10-059,"A treasury holds a $32,000,000 stablecoin basket: - 40% USDC. - 25% DAI. - 20% FRAX. - 15% TUSD. New risk policy requires the following target basket based on the starting $32,000,000 notional: 30% USDC, 30% DAI, 15% FRAX, and 25% tokenized T-bills. TUSD must be fully exited. Execution costs: - Selling USDC costs 0.05% of USDC sold. - Buying DAI costs 0.08% of DAI bought. - Selling FRAX costs 0.35% of FRAX sold. - Selling TUSD costs 2.20% of TUSD sold. - Minting tokenized T-bills costs 0.02% of T-bills bought. Ignore price drift and yield. Compute the final basket value after all execution costs and report it in USD.",mistralai/mistral-medium-3-5,3,1,1|1|1,1|1|1,1.000,1.000,4319
L10-059,L10,l10-L10-059,"A treasury holds a $32,000,000 stablecoin basket: - 40% USDC. - 25% DAI. - 20% FRAX. - 15% TUSD. New risk policy requires the following target basket based on the starting $32,000,000 notional: 30% USDC, 30% DAI, 15% FRAX, and 25% tokenized T-bills. TUSD must be fully exited. Execution costs: - Selling USDC costs 0.05% of USDC sold. - Buying DAI costs 0.08% of DAI bought. - Selling FRAX costs 0.35% of FRAX sold. - Selling TUSD costs 2.20% of TUSD sold. - Minting tokenized T-bills costs 0.02% of T-bills bought. Ignore price drift and yield. Compute the final basket value after all execution costs and report it in USD.",mistralai/mistral-small-2603,3,1,1|1|1,1|1|1,1.000,1.000,2430
L10-060,L10,l10-L10-060,"Allocate $600,000 for a 10-week airdrop points program. Expected token value and costs are deterministic for this scenario. Strategies: - Lending: 120 points per $1,000 per week, expected token value $0.15 per point, one-time gas/ops cost 0.20% of capital, cap $200,000. - Perp volume: 25 points per $1,000 notional, capital can turn over 8x per week, expected token value $0.022 per point, trading fees 0.045% of notional, cap $150,000. - NFT bids: 200 points per $1,000 per week, expected token value $0.10 per point, stale-fill loss 0.35% of capital per week, cap $100,000. - Bridge activity: 90 points per $1,000 transferred, 3 transfers per week, expected token value $0.018 per point, bridge fees 0.08% of transferred notional, cap $200,000. Use all capital, respect caps, and maximize expected net profit after costs. Report total expected net profit in USD.",mistralai/mistral-medium-3-5,0,0,0|0|0,0|0|0,0.000,0.000,5120
L10-060,L10,l10-L10-060,"Allocate $600,000 for a 10-week airdrop points program. Expected token value and costs are deterministic for this scenario. Strategies: - Lending: 120 points per $1,000 per week, expected token value $0.15 per point, one-time gas/ops cost 0.20% of capital, cap $200,000. - Perp volume: 25 points per $1,000 notional, capital can turn over 8x per week, expected token value $0.022 per point, trading fees 0.045% of notional, cap $150,000. - NFT bids: 200 points per $1,000 per week, expected token value $0.10 per point, stale-fill loss 0.35% of capital per week, cap $100,000. - Bridge activity: 90 points per $1,000 transferred, 3 transfers per week, expected token value $0.018 per point, bridge fees 0.08% of transferred notional, cap $200,000. Use all capital, respect caps, and maximize expected net profit after costs. Report total expected net profit in USD.",mistralai/mistral-small-2603,0,0,0|0|0,0|0|0,0.000,0.000,2486
L10-061,L10,l10-L10-061,"Bridge $4,000,000 from Arbitrum to Solana within a weighted-average settlement time of at most 90 minutes. Expected cost equals route fee plus insurance premium plus expected uncovered loss. Routes: - Wormhole: 25 minutes, 0.18% fee, 0.25% failure probability, optional 0.32% insurance that covers 95% of failed principal, capacity $2,000,000. - LayerZero: 50 minutes, 0.22% fee, 0.15% failure probability, optional 0.28% insurance that covers 90% of failed principal, capacity $3,000,000. - CCTP: 140 minutes, 0.10% fee, 0.02% failure probability, no insurance, unlimited capacity. - Mayan: 18 minutes, 0.35% fee, 0.45% failure probability, optional 0.45% insurance that covers 98% of failed principal, capacity $1,000,000. For routes with optional insurance, use insurance if it lowers expected uncovered-loss risk enough to support the target. The total expected uncovered principal loss must be at most $4,000. Minimize expected total cost while meeting the time and risk constraints. Report expected total cost in USD.",mistralai/mistral-medium-3-5,0,0,0|0|0,0|0|0,0.000,0.000,3119
L10-061,L10,l10-L10-061,"Bridge $4,000,000 from Arbitrum to Solana within a weighted-average settlement time of at most 90 minutes. Expected cost equals route fee plus insurance premium plus expected uncovered loss. Routes: - Wormhole: 25 minutes, 0.18% fee, 0.25% failure probability, optional 0.32% insurance that covers 95% of failed principal, capacity $2,000,000. - LayerZero: 50 minutes, 0.22% fee, 0.15% failure probability, optional 0.28% insurance that covers 90% of failed principal, capacity $3,000,000. - CCTP: 140 minutes, 0.10% fee, 0.02% failure probability, no insurance, unlimited capacity. - Mayan: 18 minutes, 0.35% fee, 0.45% failure probability, optional 0.45% insurance that covers 98% of failed principal, capacity $1,000,000. For routes with optional insurance, use insurance if it lowers expected uncovered-loss risk enough to support the target. The total expected uncovered principal loss must be at most $4,000. Minimize expected total cost while meeting the time and risk constraints. Report expected total cost in USD.",mistralai/mistral-small-2603,0,0,0|0|0,0|0|0,0.000,0.000,1712
L10-062,L10,l10-L10-062,"A cross-margin account has $15,000,000 USDT equity before stress and these positions: - Long BTC-PERP $40,000,000 notional. - Short ETH-PERP $18,000,000 notional. - Long SOL spot $6,000,000 notional. Stress scenario: - BTC falls 9%. - ETH rises 12%, hurting the short. - SOL falls 18%. After stress, the account must keep equity at least 8% of stressed gross notional. Stressed gross notional is the sum of absolute stressed notionals. Ignore funding, fees, and convexity. Compute the maximum USDT that can be withdrawn immediately while still satisfying the post-stress 8% equity requirement, and report it in USD.",mistralai/mistral-medium-3-5,0,0,0|0|0,0|0|0,0.000,0.000,2665
L10-062,L10,l10-L10-062,"A cross-margin account has $15,000,000 USDT equity before stress and these positions: - Long BTC-PERP $40,000,000 notional. - Short ETH-PERP $18,000,000 notional. - Long SOL spot $6,000,000 notional. Stress scenario: - BTC falls 9%. - ETH rises 12%, hurting the short. - SOL falls 18%. After stress, the account must keep equity at least 8% of stressed gross notional. Stressed gross notional is the sum of absolute stressed notionals. Ignore funding, fees, and convexity. Compute the maximum USDT that can be withdrawn immediately while still satisfying the post-stress 8% equity requirement, and report it in USD.",mistralai/mistral-small-2603,0,0,0|0|0,0|0|0,0.000,0.000,3304
L10-063,L10,l10-L10-063,"Sell 1,200,000 XYZ at a reference price of $6.40 over six hourly TWAP buckets. Forecast market volume by hour is: 1. 1,000,000 XYZ 2. 1,600,000 XYZ 3. 2,400,000 XYZ 4. 2,000,000 XYZ 5. 1,400,000 XYZ 6. 800,000 XYZ Lit-market participation may not exceed 12% of each hour's volume. Lit execution impact cost in an hour equals 0.45% * (participation rate / 10%)^2 of that hour's sold notional. Any unsold residual after using lit capacity can be crossed in a final dark-pool block at a 2.10% haircut to reference price. Because the lit impact at the 12% cap is cheaper than the dark-pool haircut, use all available lit capacity before the dark block. Compute expected total proceeds after lit impact and dark-pool haircut, and report proceeds in USD.",mistralai/mistral-medium-3-5,3,1,1|1|1,0.7|0.7|0.7,0.700,0.700,2490
L10-063,L10,l10-L10-063,"Sell 1,200,000 XYZ at a reference price of $6.40 over six hourly TWAP buckets. Forecast market volume by hour is: 1. 1,000,000 XYZ 2. 1,600,000 XYZ 3. 2,400,000 XYZ 4. 2,000,000 XYZ 5. 1,400,000 XYZ 6. 800,000 XYZ Lit-market participation may not exceed 12% of each hour's volume. Lit execution impact cost in an hour equals 0.45% * (participation rate / 10%)^2 of that hour's sold notional. Any unsold residual after using lit capacity can be crossed in a final dark-pool block at a 2.10% haircut to reference price. Because the lit impact at the 12% cap is cheaper than the dark-pool haircut, use all available lit capacity before the dark block. Compute expected total proceeds after lit impact and dark-pool haircut, and report proceeds in USD.",mistralai/mistral-small-2603,3,1,1|1|1,1|1|1,1.000,1.000,3316
L10-064,L10,l10-L10-064,"You submit one Ethereum backrun bundle with at most 25,000,000 gas. ETH is $3,200 and the variable priority tip is 20 gwei per gas. Base fee is burned by all competitors and should be ignored for bundle selection. Opportunities: - A: $210,000 gross value, 80% success, 8,000,000 gas. - B: $160,000 gross value, 85% success, 5,000,000 gas. - C: $95,000 gross value, 95% success, 4,000,000 gas. - D: $70,000 gross value, 90% success, 2,000,000 gas. - E: $140,000 gross value, 70% success, 10,000,000 gas. The builder requires a bid equal to $18,000 plus 45% of the included opportunities' expected gross value. Your retained net profit equals 55% of expected gross value minus the $18,000 fixed bid component minus the variable priority tip cost. Select the bundle that maximizes retained net profit and report that profit in USD.",mistralai/mistral-medium-3-5,0,0,0|0|0,0|0|0,0.000,0.000,5033
L10-064,L10,l10-L10-064,"You submit one Ethereum backrun bundle with at most 25,000,000 gas. ETH is $3,200 and the variable priority tip is 20 gwei per gas. Base fee is burned by all competitors and should be ignored for bundle selection. Opportunities: - A: $210,000 gross value, 80% success, 8,000,000 gas. - B: $160,000 gross value, 85% success, 5,000,000 gas. - C: $95,000 gross value, 95% success, 4,000,000 gas. - D: $70,000 gross value, 90% success, 2,000,000 gas. - E: $140,000 gross value, 70% success, 10,000,000 gas. The builder requires a bid equal to $18,000 plus 45% of the included opportunities' expected gross value. Your retained net profit equals 55% of expected gross value minus the $18,000 fixed bid component minus the variable priority tip cost. Select the bundle that maximizes retained net profit and report that profit in USD.",mistralai/mistral-small-2603,0,0,0|0|0,0|0|0,0.000,0.000,3973
L10-065,L10,l10-L10-065,"A protocol receives $2,400,000 revenue at the start of each month for six months. Its treasury waterfall is: - 35% of monthly revenue goes to token buybacks. - 25% goes to an insurance fund until that fund reaches $4,000,000. - Any insurance allocation after the fund reaches $4,000,000 is redirected to token buybacks in the same month. - The remaining revenue goes to operations. The insurance fund starts at $2,800,000. Average buyback prices by month are: 1. $1.20 2. $1.05 3. $0.90 4. $1.10 5. $1.25 6. $1.40 Buybacks execute once per month at the listed average price. Compute total tokens bought and burned over six months, and report the token count.",mistralai/mistral-medium-3-5,1,0,1|0|0,1|0|0,0.333,0.000,2762
L10-065,L10,l10-L10-065,"A protocol receives $2,400,000 revenue at the start of each month for six months. Its treasury waterfall is: - 35% of monthly revenue goes to token buybacks. - 25% goes to an insurance fund until that fund reaches $4,000,000. - Any insurance allocation after the fund reaches $4,000,000 is redirected to token buybacks in the same month. - The remaining revenue goes to operations. The insurance fund starts at $2,800,000. Average buyback prices by month are: 1. $1.20 2. $1.05 3. $0.90 4. $1.10 5. $1.25 6. $1.40 Buybacks execute once per month at the listed average price. Compute total tokens bought and burned over six months, and report the token count.",mistralai/mistral-small-2603,0,0,0|0|0,0|0|0,0.000,0.000,3218
L10-066,L10,l10-L10-066,"An NFT lending vault has three tranches of BAYC-backed loans. Current BAYC floor is 28 ETH and ETH is $2,800. Risk policy requires each tranche to have post-stress LTV at or below 78% after a 22% floor-price decline. Repayments reduce debt ETH-for-ETH. Tranches: - A: 40 NFTs, debt 21 ETH per NFT. - B: 35 NFTs, debt 19 ETH per NFT. - C: 25 NFTs, debt 16 ETH per NFT. Ignore interest, auction penalties, and ETH price movement for this deleveraging calculation. Compute the minimum USD repayment needed to bring every tranche to a post-stress LTV of at most 78%, and report it in USD.",mistralai/mistral-medium-3-5,0,0,0|0|0,0|0|0,0.000,0.000,4850
L10-066,L10,l10-L10-066,"An NFT lending vault has three tranches of BAYC-backed loans. Current BAYC floor is 28 ETH and ETH is $2,800. Risk policy requires each tranche to have post-stress LTV at or below 78% after a 22% floor-price decline. Repayments reduce debt ETH-for-ETH. Tranches: - A: 40 NFTs, debt 21 ETH per NFT. - B: 35 NFTs, debt 19 ETH per NFT. - C: 25 NFTs, debt 16 ETH per NFT. Ignore interest, auction penalties, and ETH price movement for this deleveraging calculation. Compute the minimum USD repayment needed to bring every tranche to a post-stress LTV of at most 78%, and report it in USD.",mistralai/mistral-small-2603,0,0,0|0|0,0|0|0,0.000,0.000,2931
L10-067,L10,l10-L10-067,"A rollup sequencer forecasts 24,000,000 transactions next month. Each transaction currently posts 42 bytes of calldata, and calldata costs 16 gas per byte. Expected L1 base fee is 22 gwei and ETH is $3,100. Sequencer revenue is $0.035 per transaction before data costs. Available upgrades: 1. Brotli compression: reduces bytes by 28%, costs $65,000 per month, no revenue loss. 2. Blob posting: reduces the remaining data gas cost by 62%, costs $90,000 per month, and causes a 4% transaction revenue loss from delayed settlement. 3. Batch delay: reduces data by 12%, costs $15,000 per month, but violates the latency target and is infeasible. Compression and blob posting can both be used, with reductions applied multiplicatively. Ignore all other costs. Choose the feasible upgrade plan that maximizes monthly net profit and report that profit in USD.",mistralai/mistral-medium-3-5,0,0,0|0|0,0|0|0,0.000,0.000,12274
L10-067,L10,l10-L10-067,"A rollup sequencer forecasts 24,000,000 transactions next month. Each transaction currently posts 42 bytes of calldata, and calldata costs 16 gas per byte. Expected L1 base fee is 22 gwei and ETH is $3,100. Sequencer revenue is $0.035 per transaction before data costs. Available upgrades: 1. Brotli compression: reduces bytes by 28%, costs $65,000 per month, no revenue loss. 2. Blob posting: reduces the remaining data gas cost by 62%, costs $90,000 per month, and causes a 4% transaction revenue loss from delayed settlement. 3. Batch delay: reduces data by 12%, costs $15,000 per month, but violates the latency target and is infeasible. Compression and blob posting can both be used, with reductions applied multiplicatively. Ignore all other costs. Choose the feasible upgrade plan that maximizes monthly net profit and report that profit in USD.",mistralai/mistral-small-2603,0,0,0|0|0,0|0|0,0.000,0.000,2763
L10-068,L10,l10-L10-068,"A CeFi desk must meet $45,000,000 of client withdrawals within 36 hours and still hold at least a $10,000,000 cash buffer after the withdrawals clear. Available liquidity: - $18,000,000 cash, immediate, no haircut. - $22,000,000 tokenized T-bills, settle T+1 within the window, 0.04% liquidation haircut. - $16,000,000 ETH inventory, same-day OTC sale, 1.10% haircut. - $12,000,000 alt inventory, same-day OTC sale, 4.80% haircut. Choose the liquidation plan that meets withdrawals plus the ending cash buffer at minimum haircut cost. Report total haircut cost in USD.",mistralai/mistral-medium-3-5,0,0,0|0|0,0|0|0,0.000,0.000,3419
L10-068,L10,l10-L10-068,"A CeFi desk must meet $45,000,000 of client withdrawals within 36 hours and still hold at least a $10,000,000 cash buffer after the withdrawals clear. Available liquidity: - $18,000,000 cash, immediate, no haircut. - $22,000,000 tokenized T-bills, settle T+1 within the window, 0.04% liquidation haircut. - $16,000,000 ETH inventory, same-day OTC sale, 1.10% haircut. - $12,000,000 alt inventory, same-day OTC sale, 4.80% haircut. Choose the liquidation plan that meets withdrawals plus the ending cash buffer at minimum haircut cost. Report total haircut cost in USD.",mistralai/mistral-small-2603,0,0,0|0|0,0|0|0,0.000,0.000,2158
L10-069,L10,l10-L10-069,"A $40,000,000 portfolio is allocated 45% BTC, 25% ETH, 15% SOL, and 15% stables. Daily volatilities are BTC 4.2%, ETH 5.4%, SOL 7.5%, and stables 0%. Correlations: - BTC/ETH: 0.78. - BTC/SOL: 0.62. - ETH/SOL: 0.68. Risk policy requires portfolio daily volatility at or below 3.20%. To preserve strategic weights, reduce the crypto sleeve pro rata across BTC, ETH, and SOL and move the proceeds to stables. Stables have zero volatility and zero correlation. Use the covariance formula with the given volatilities and correlations. Compute the maximum dollar amount that can remain in the crypto sleeve while meeting the 3.20% volatility target, and report it in USD.",mistralai/mistral-medium-3-5,0,0,0|0|0,0|0|0,0.000,0.000,4706
L10-069,L10,l10-L10-069,"A $40,000,000 portfolio is allocated 45% BTC, 25% ETH, 15% SOL, and 15% stables. Daily volatilities are BTC 4.2%, ETH 5.4%, SOL 7.5%, and stables 0%. Correlations: - BTC/ETH: 0.78. - BTC/SOL: 0.62. - ETH/SOL: 0.68. Risk policy requires portfolio daily volatility at or below 3.20%. To preserve strategic weights, reduce the crypto sleeve pro rata across BTC, ETH, and SOL and move the proceeds to stables. Stables have zero volatility and zero correlation. Use the covariance formula with the given volatilities and correlations. Compute the maximum dollar amount that can remain in the crypto sleeve while meeting the 3.20% volatility target, and report it in USD.",mistralai/mistral-small-2603,0,0,0|0|0,0|0|0.4,0.133,0.000,2306
AGI-001,L11/AGI,agi-AGI-001,"You manage this marked spot portfolio: - BTC: 10 @ $60,000 - ETH: 50 @ $3,000 - SOL: 1,000 @ $140 - LINK: 2,000 @ $15 - MATIC: 5,000 @ $0.90 Stress tapes give these one-hour percentage shocks: - SVB collapse: BTC -8.2%, ETH -9.1%, SOL -12.3%, LINK -7.8%, MATIC -11.2% - ETF squeeze: BTC +12.3%, ETH +8.5%, SOL +15.2%, LINK +4.3%, MATIC +9.8% - Yen unwind: BTC -15.3%, ETH -18.2%, SOL -22.1%, LINK -16.8%, MATIC -19.7% Beta estimates for crisis-margin purposes are BTC 1.00, ETH 1.10, SOL 1.50, LINK 0.90, MATIC 1.30. In the next 15 minutes you may use at most $400,000 gross notional across these immediately available perp hedge clips: - SOL short clip: $180,000 notional, 0.10% impact if first, 0.25% if after a MATIC clip. - MATIC short clip: $220,000 notional, 0.08% impact if first, 0.22% if after a SOL clip. - LINK short clip: $160,000 notional, 0.09% impact if first, 0.18% if after another clip. The market maker sees the first clip and reprices correlated alt hedges before your second clip. You need the hedge basket and execution order that leaves the smallest worst-case portfolio PnL across the stress tapes while cutting crisis beta-dollar exposure by at least 50%. Spot holdings cannot be sold. Output JSON fields: intent, chosen_strategy, execution_sequence, shorts, expected_risk_reduction_pct, worst_case_residual_pnl_usd.",mistralai/mistral-medium-3-5,0,0,0|0|0,0.556|0.444|0.556,0.519,0.556,4771
AGI-001,L11/AGI,agi-AGI-001,"You manage this marked spot portfolio: - BTC: 10 @ $60,000 - ETH: 50 @ $3,000 - SOL: 1,000 @ $140 - LINK: 2,000 @ $15 - MATIC: 5,000 @ $0.90 Stress tapes give these one-hour percentage shocks: - SVB collapse: BTC -8.2%, ETH -9.1%, SOL -12.3%, LINK -7.8%, MATIC -11.2% - ETF squeeze: BTC +12.3%, ETH +8.5%, SOL +15.2%, LINK +4.3%, MATIC +9.8% - Yen unwind: BTC -15.3%, ETH -18.2%, SOL -22.1%, LINK -16.8%, MATIC -19.7% Beta estimates for crisis-margin purposes are BTC 1.00, ETH 1.10, SOL 1.50, LINK 0.90, MATIC 1.30. In the next 15 minutes you may use at most $400,000 gross notional across these immediately available perp hedge clips: - SOL short clip: $180,000 notional, 0.10% impact if first, 0.25% if after a MATIC clip. - MATIC short clip: $220,000 notional, 0.08% impact if first, 0.22% if after a SOL clip. - LINK short clip: $160,000 notional, 0.09% impact if first, 0.18% if after another clip. The market maker sees the first clip and reprices correlated alt hedges before your second clip. You need the hedge basket and execution order that leaves the smallest worst-case portfolio PnL across the stress tapes while cutting crisis beta-dollar exposure by at least 50%. Spot holdings cannot be sold. Output JSON fields: intent, chosen_strategy, execution_sequence, shorts, expected_risk_reduction_pct, worst_case_residual_pnl_usd.",mistralai/mistral-small-2603,0,0,0|0|0,0.222|0.333|0.444,0.333,0.333,2083
AGI-002,L11/AGI,agi-AGI-002,"You must buy exactly 25,000 ALT within two minutes. Current mid is $2.455. A public DEX-X ask sweep is visible to a liquidity bot that widens remaining public ALT offers after it sees more than 8,000 ALT of aggressive buying. Public DEX-X asks: $2.460 x 3,500; $2.465 x 2,800; $2.470 x 4,200; $2.475 x 3,000; $2.480 x 5,500; $2.485 x 4,000; $2.490 x 6,000. Private or semi-private liquidity available now: - CEX-Y: up to 8,000 ALT at $2.468 plus 0.12% taker fee; not visible to the DEX-X bot. - Dark RFQ-B: exactly 10,000 ALT at $2.472 all-in; fill-or-kill; not visible to the DEX-X bot. - RFQ-A: up to 12,000 ALT at $2.474 all-in if queried before any public DEX-X sweep above 8,000 ALT; otherwise the dealer refreshes to $2.486. You can combine venues, but every child order must be completed inside the two-minute window and the whole 25,000 ALT target must fill. Identify the unique routing policy that minimizes adversarially realized average price and report its expected slippage versus mid. Output JSON fields: intent, chosen_strategy, execution_sequence, venue_fills, expected_avg_price, expected_slippage_pct.",mistralai/mistral-medium-3-5,0,0,0|0|0,0.375|0.375|0.125,0.292,0.375,6698
AGI-002,L11/AGI,agi-AGI-002,"You must buy exactly 25,000 ALT within two minutes. Current mid is $2.455. A public DEX-X ask sweep is visible to a liquidity bot that widens remaining public ALT offers after it sees more than 8,000 ALT of aggressive buying. Public DEX-X asks: $2.460 x 3,500; $2.465 x 2,800; $2.470 x 4,200; $2.475 x 3,000; $2.480 x 5,500; $2.485 x 4,000; $2.490 x 6,000. Private or semi-private liquidity available now: - CEX-Y: up to 8,000 ALT at $2.468 plus 0.12% taker fee; not visible to the DEX-X bot. - Dark RFQ-B: exactly 10,000 ALT at $2.472 all-in; fill-or-kill; not visible to the DEX-X bot. - RFQ-A: up to 12,000 ALT at $2.474 all-in if queried before any public DEX-X sweep above 8,000 ALT; otherwise the dealer refreshes to $2.486. You can combine venues, but every child order must be completed inside the two-minute window and the whole 25,000 ALT target must fill. Identify the unique routing policy that minimizes adversarially realized average price and report its expected slippage versus mid. Output JSON fields: intent, chosen_strategy, execution_sequence, venue_fills, expected_avg_price, expected_slippage_pct.",mistralai/mistral-small-2603,0,0,0|0|0,0.5|0.375|0.25,0.375,0.375,2181
AGI-003,L11/AGI,agi-AGI-003,"You are long 100 ETH perpetuals from $2,850 at 5x leverage. Current ETH mid is $2,822; original margin was one-fifth of entry notional. Liquidation is near $2,565, but an exchange liquidation engine begins a correlated-long sweep in 15 minutes. Current 8-hour funding is +0.08% to residual longs and is paid in 42 minutes. Raw venue primitives: - The liquidation engine re-scores accounts from visible net ETH exposure at the sweep. Accounts still showing more than 60 ETH net long are treated as crowded collateral and can be swept through a $2,700 mark before funding. - A private hedge tunnel can immediately reduce net exposure by up to 60 ETH at the $2,822 mid with 0.06% execution cost. It updates the venue risk feed before the sweep and does not advertise a margin top-up. - Visible margin additions settle in 18 minutes and are copied by liquidation searchers before the exchange risk feed updates. - If your account avoids the sweep, the post-sweep funding mark is expected to be $2,880. - The portfolio mandate requires preserving at least 40 ETH of upside delta if that can be done without creating a sweep-path inconsistency. Design the defensive strategy from these primitives. The answer must reconcile the execution choice, residual exposure, worst sweep drawdown versus original margin, and funding-window PnL from the same plan. Output JSON fields: intent, chosen_strategy, hedge_eth, net_exposure_eth, worst_case_margin_drawdown_pct, funding_window_pnl_usd, self_check.",mistralai/mistral-medium-3-5,0,0,0|0|0,0.286|0.286|0,0.190,0.286,8641
AGI-003,L11/AGI,agi-AGI-003,"You are long 100 ETH perpetuals from $2,850 at 5x leverage. Current ETH mid is $2,822; original margin was one-fifth of entry notional. Liquidation is near $2,565, but an exchange liquidation engine begins a correlated-long sweep in 15 minutes. Current 8-hour funding is +0.08% to residual longs and is paid in 42 minutes. Raw venue primitives: - The liquidation engine re-scores accounts from visible net ETH exposure at the sweep. Accounts still showing more than 60 ETH net long are treated as crowded collateral and can be swept through a $2,700 mark before funding. - A private hedge tunnel can immediately reduce net exposure by up to 60 ETH at the $2,822 mid with 0.06% execution cost. It updates the venue risk feed before the sweep and does not advertise a margin top-up. - Visible margin additions settle in 18 minutes and are copied by liquidation searchers before the exchange risk feed updates. - If your account avoids the sweep, the post-sweep funding mark is expected to be $2,880. - The portfolio mandate requires preserving at least 40 ETH of upside delta if that can be done without creating a sweep-path inconsistency. Design the defensive strategy from these primitives. The answer must reconcile the execution choice, residual exposure, worst sweep drawdown versus original margin, and funding-window PnL from the same plan. Output JSON fields: intent, chosen_strategy, hedge_eth, net_exposure_eth, worst_case_margin_drawdown_pct, funding_window_pnl_usd, self_check.",mistralai/mistral-small-2603,0,0,0|0|0,0.286|0.286|0.286,0.286,0.286,2242
AGI-004,L11/AGI,agi-AGI-004,"Allocate $100,000 for 90 days across these yield venues while preserving crisis liquidity. A public allocator that overloads a fragile venue will be queued behind mercenary withdrawals. Venues: - Aave USDC: 4.2% APY, liquid within one day, no queue penalty at this size. - Curve 3pool: 8.1% APY, 1.5% chance of a 12% depeg loss during the term, liquid within one day, max $30,000 before imbalance fees accelerate. - Ethena USDe: 15.2% APY, 3% chance of an 80% shutdown loss during the term, seven-day exit, redemptions above $20,000 enter an adversarial queue with an extra 6% haircut. - Pendle PT-stETH: 3.8% fixed APY, locked to maturity, no depeg loss. - GMX GLP: 18.7% APY, market-beta hedge costs 9.0% annualized, five-day exit, max $30,000 before withdrawal impact. Constraints: no venue above $30,000; at least $50,000 must be withdrawable inside 48 hours; avoid any allocation tier that enters the adversarial queue; maximize risk-adjusted 90-day dollars using the listed APYs, tail losses, hedge drag, liquidity, and caps. Output JSON fields: intent, chosen_strategy, allocation_usd, expected_net_apy_pct, expected_90d_profit_usd, liquidity_48h_usd. Choose the strategy from: [balanced_no_constraints, conservative_low_apy_only, aggressive_yield_chase, liquid_barbell_capped_tail].",mistralai/mistral-medium-3-5,0,0,0|0|0,0.333|0.333|0.222,0.296,0.333,2640
AGI-004,L11/AGI,agi-AGI-004,"Allocate $100,000 for 90 days across these yield venues while preserving crisis liquidity. A public allocator that overloads a fragile venue will be queued behind mercenary withdrawals. Venues: - Aave USDC: 4.2% APY, liquid within one day, no queue penalty at this size. - Curve 3pool: 8.1% APY, 1.5% chance of a 12% depeg loss during the term, liquid within one day, max $30,000 before imbalance fees accelerate. - Ethena USDe: 15.2% APY, 3% chance of an 80% shutdown loss during the term, seven-day exit, redemptions above $20,000 enter an adversarial queue with an extra 6% haircut. - Pendle PT-stETH: 3.8% fixed APY, locked to maturity, no depeg loss. - GMX GLP: 18.7% APY, market-beta hedge costs 9.0% annualized, five-day exit, max $30,000 before withdrawal impact. Constraints: no venue above $30,000; at least $50,000 must be withdrawable inside 48 hours; avoid any allocation tier that enters the adversarial queue; maximize risk-adjusted 90-day dollars using the listed APYs, tail losses, hedge drag, liquidity, and caps. Output JSON fields: intent, chosen_strategy, allocation_usd, expected_net_apy_pct, expected_90d_profit_usd, liquidity_48h_usd. Choose the strategy from: [balanced_no_constraints, conservative_low_apy_only, aggressive_yield_chase, liquid_barbell_capped_tail].",mistralai/mistral-small-2603,0,0,0|0|0,0.333|0.222|0.222,0.259,0.222,2141
AGI-005,L11/AGI,agi-AGI-005,"Move $500,000 USDC to Arbitrum before a lending auction starts in 100 minutes. Funds that arrive after the auction cannot repair the account. A bridge exploit searcher watches public transfer graphs and focuses attacks on the largest observable clip, while private attestations reduce how much of a transfer is visible before settlement. Raw route primitives: - Alpha: private-attested bridge, 70-minute settlement, 99.7% arrival reliability, 0.05% toll, private capacity $300,000, total capacity $380,000. - Beta: fast optimistic bridge, 25-minute settlement, 98.8% arrival reliability, 0.03% toll, public clips above $220,000 trigger a 95-minute challenge delay. - Gamma: canonical bridge, 140-minute settlement, 99.9% arrival reliability, 0.08% toll. - Delta: relayer bridge, 45-minute settlement, 99.4% arrival reliability, 0.02% toll, relayer balance $240,000, observable clips above $240,000 are broadcast to the searcher. Splits settle independently, but the account is only repaired if the whole planned amount is spendable by the auction. Design the route plan, including the internal checks that the selected clips arrive in time, do not create a focal public target, and reconcile the reported deadweight loss with route tolls plus non-arrival risk. Output JSON fields: intent, chosen_strategy, route_allocation_usd, observable_largest_clip_usd, expected_loss_usd, expected_arrival_minutes, self_check.",mistralai/mistral-medium-3-5,0,0,0|0|0,0.5|0.5|0.5,0.500,0.500,6031
AGI-005,L11/AGI,agi-AGI-005,"Move $500,000 USDC to Arbitrum before a lending auction starts in 100 minutes. Funds that arrive after the auction cannot repair the account. A bridge exploit searcher watches public transfer graphs and focuses attacks on the largest observable clip, while private attestations reduce how much of a transfer is visible before settlement. Raw route primitives: - Alpha: private-attested bridge, 70-minute settlement, 99.7% arrival reliability, 0.05% toll, private capacity $300,000, total capacity $380,000. - Beta: fast optimistic bridge, 25-minute settlement, 98.8% arrival reliability, 0.03% toll, public clips above $220,000 trigger a 95-minute challenge delay. - Gamma: canonical bridge, 140-minute settlement, 99.9% arrival reliability, 0.08% toll. - Delta: relayer bridge, 45-minute settlement, 99.4% arrival reliability, 0.02% toll, relayer balance $240,000, observable clips above $240,000 are broadcast to the searcher. Splits settle independently, but the account is only repaired if the whole planned amount is spendable by the auction. Design the route plan, including the internal checks that the selected clips arrive in time, do not create a focal public target, and reconcile the reported deadweight loss with route tolls plus non-arrival risk. Output JSON fields: intent, chosen_strategy, route_allocation_usd, observable_largest_clip_usd, expected_loss_usd, expected_arrival_minutes, self_check.",mistralai/mistral-small-2603,0,0,0|0|0,0.375|0.5|0.375,0.417,0.375,3998
AGI-006,L11/AGI,agi-AGI-006,"At 14:35:00 you must buy 500 BTC within ten minutes. Recent tape: - 14:23:10: 1,000 BTC market sell moved $58,520 -> $58,480 and recovered to $58,518 in 8 seconds. - 14:26:35: 800 BTC market sell moved $58,525 -> $58,492 and recovered to $58,523 in 5 seconds. - 14:31:20: 1,200 BTC market sell moved $58,530 -> $58,485 and recovered to $58,528 in 3 seconds. - 14:34:05: 100 BTC market buy moved $58,530 -> $58,545, while typical impact is +$8 to +$10. Current quote is $58,538 / $58,545. A toxicity classifier will fade displayed buy interest above 150 BTC and sweep stale bids after momentum bursts. Hidden iceberg child orders up to 40 BTC are not detected, but overly passive bids below fair value risk non-completion. The exchange allows immediate repricing every 45 seconds. Design the execution strategy that completes the meta-order while minimizing adverse selection from the classifier. Output JSON fields: intent, chosen_strategy, price_band, child_order_btc, repricing_interval_sec, expected_avg_price. Choose the strategy from: [momentum_sweep_market_buy, passive_vwap_schedule, reactive_iceberg_limits, displayed_block_liquidity].",mistralai/mistral-medium-3-5,0,0,0|0|0,0|0.5|0.5,0.333,0.500,6939
AGI-006,L11/AGI,agi-AGI-006,"At 14:35:00 you must buy 500 BTC within ten minutes. Recent tape: - 14:23:10: 1,000 BTC market sell moved $58,520 -> $58,480 and recovered to $58,518 in 8 seconds. - 14:26:35: 800 BTC market sell moved $58,525 -> $58,492 and recovered to $58,523 in 5 seconds. - 14:31:20: 1,200 BTC market sell moved $58,530 -> $58,485 and recovered to $58,528 in 3 seconds. - 14:34:05: 100 BTC market buy moved $58,530 -> $58,545, while typical impact is +$8 to +$10. Current quote is $58,538 / $58,545. A toxicity classifier will fade displayed buy interest above 150 BTC and sweep stale bids after momentum bursts. Hidden iceberg child orders up to 40 BTC are not detected, but overly passive bids below fair value risk non-completion. The exchange allows immediate repricing every 45 seconds. Design the execution strategy that completes the meta-order while minimizing adverse selection from the classifier. Output JSON fields: intent, chosen_strategy, price_band, child_order_btc, repricing_interval_sec, expected_avg_price. Choose the strategy from: [momentum_sweep_market_buy, passive_vwap_schedule, reactive_iceberg_limits, displayed_block_liquidity].",mistralai/mistral-small-2603,0,0,0|0|0,0.5|0.5|0.5,0.500,0.500,1798
AGI-007,L11/AGI,agi-AGI-007,"YieldDAO token YLD trades at $2.40 after falling from $3.20 over 14 days. TVL is stable at $45M. Current emissions are 50,000 YLD/day, pool APR is 97% mostly in YLD, daily market sell pressure is 30,000 YLD, and DEX liquidity is $800,000. A vote in 24 hours would cut emissions to 25,000 YLD/day. Strategic farmers controlling 38% of farmed emissions will leave if the cut fails. If it passes, retained farmers are expected to sell fewer rewards, but a delayed-unlock cohort adds 4,000 YLD/day of extra selling for the first three days. A treasury stabilization order of $40,000 is authorized only if the cut passes. Your current farm position is $100,000 of YLD. Over the next 12 days, decide how to vote and whether to keep farming or exit. Treat DEX liquidity as the relevant near-term absorption capacity and account for strategic farmer response, delayed unlocks, and the treasury order. Output JSON fields: intent, vote, position, chosen_strategy, expected_12d_price_change_pct.",mistralai/mistral-medium-3-5,0,0,0|0|0,0.2|0.2|0.2,0.200,0.200,4065
AGI-007,L11/AGI,agi-AGI-007,"YieldDAO token YLD trades at $2.40 after falling from $3.20 over 14 days. TVL is stable at $45M. Current emissions are 50,000 YLD/day, pool APR is 97% mostly in YLD, daily market sell pressure is 30,000 YLD, and DEX liquidity is $800,000. A vote in 24 hours would cut emissions to 25,000 YLD/day. Strategic farmers controlling 38% of farmed emissions will leave if the cut fails. If it passes, retained farmers are expected to sell fewer rewards, but a delayed-unlock cohort adds 4,000 YLD/day of extra selling for the first three days. A treasury stabilization order of $40,000 is authorized only if the cut passes. Your current farm position is $100,000 of YLD. Over the next 12 days, decide how to vote and whether to keep farming or exit. Treat DEX liquidity as the relevant near-term absorption capacity and account for strategic farmer response, delayed unlocks, and the treasury order. Output JSON fields: intent, vote, position, chosen_strategy, expected_12d_price_change_pct.",mistralai/mistral-small-2603,0,0,0|0|0,0.2|0.2|0.2,0.200,0.200,2289
AGI-008,L11/AGI,agi-AGI-008,"At T+0, the SEC announces that USDT is under investigation. At T+10m you have one operations seat available every ten minutes, and market structure is changing faster than committee approval can be refreshed. Raw exposure and timing primitives: - Curve 3pool (USDT/USDC/DAI): $500,000 principal. Exiting at T+10m costs 0.25%. Pool imbalance is 62% USDT and rising about 1.3 percentage points per ten minutes; withdrawal gates start when imbalance clears 65%, after which expected exit cost is above 2.4%. - Aave USDT lending loop: $300,000 principal. Unwinding costs 0.40%. Health factor is 1.18; if USDT oracle marks below 0.985 after the next oracle push around T+28m, the loop can liquidate with a 7% penalty. - ETH perpetuals: $400,000 notional with USDC collateral. Reducing notional costs 0.15%; if stablecoin venue congestion is still unresolved near T+40m, margin buffers can gap down during the next funding update. - BTC spot: $200,000, unencumbered, not USDT-collateralized, and sellable at 0.10% cost. Visible T+10m signals: USDT/USDC at 0.998, Curve imbalance building, Binance withdrawal-pause chatter, and USDT order-book depth thinning. Design the crisis sequence from these primitives and make the timing, neutralized principal, residual margin action, and cost arithmetic agree with one another. Output JSON fields: intent, chosen_strategy, actions, priority_order, direct_usdt_neutralized_usd, latest_direct_neutralization_min, margin_notional_reduced_usd, expected_execution_cost_usd, self_check. Choose the strategy from: [neutralize_timeboxed_usdt_then_margin, reduce_perps_before_usdt_principal, wait_for_committee_reapproval, sell_unencumbered_btc_first].",mistralai/mistral-medium-3-5,0,0,0|0|0,0.111|0.222|0.222,0.185,0.222,8939
AGI-008,L11/AGI,agi-AGI-008,"At T+0, the SEC announces that USDT is under investigation. At T+10m you have one operations seat available every ten minutes, and market structure is changing faster than committee approval can be refreshed. Raw exposure and timing primitives: - Curve 3pool (USDT/USDC/DAI): $500,000 principal. Exiting at T+10m costs 0.25%. Pool imbalance is 62% USDT and rising about 1.3 percentage points per ten minutes; withdrawal gates start when imbalance clears 65%, after which expected exit cost is above 2.4%. - Aave USDT lending loop: $300,000 principal. Unwinding costs 0.40%. Health factor is 1.18; if USDT oracle marks below 0.985 after the next oracle push around T+28m, the loop can liquidate with a 7% penalty. - ETH perpetuals: $400,000 notional with USDC collateral. Reducing notional costs 0.15%; if stablecoin venue congestion is still unresolved near T+40m, margin buffers can gap down during the next funding update. - BTC spot: $200,000, unencumbered, not USDT-collateralized, and sellable at 0.10% cost. Visible T+10m signals: USDT/USDC at 0.998, Curve imbalance building, Binance withdrawal-pause chatter, and USDT order-book depth thinning. Design the crisis sequence from these primitives and make the timing, neutralized principal, residual margin action, and cost arithmetic agree with one another. Output JSON fields: intent, chosen_strategy, actions, priority_order, direct_usdt_neutralized_usd, latest_direct_neutralization_min, margin_notional_reduced_usd, expected_execution_cost_usd, self_check. Choose the strategy from: [neutralize_timeboxed_usdt_then_margin, reduce_perps_before_usdt_principal, wait_for_committee_reapproval, sell_unencumbered_btc_first].",mistralai/mistral-small-2603,0,0,0|0|0,0.333|0.111|0.222,0.222,0.222,3906
AGI-009,L11/AGI,agi-AGI-009,"Convert 1,000 USDC on Ethereum L1 into WLD on Optimism before a partnership announcement is fully priced in 30 minutes. The announcement premium arrives linearly from 0% to +15% over the 30 minutes; later WLD purchases therefore buy fewer tokens. Spot now: WLD Ethereum $2.40, Arbitrum $2.38, Optimism $2.42, Base $2.39. Routes: - Route 1: bridge USDC to Optimism in 10 minutes, pay $8 bridge and $12 gas, then buy WLD with 0.3% slippage. - Route 2: buy WLD on Ethereum now with 0.1% slippage, pay $28 total gas/bridge, bridge WLD to Optimism in 10 minutes with a 0.15% token fee. - Route 3: bridge USDC to Arbitrum in 25 minutes, pay $15 bridge and $18 gas, buy WLD with 0.2% slippage, then use an unspecified second bridge to Optimism. - Route 4: bridge USDC to Base in 18 minutes, pay $5 bridge and $6 gas, buy WLD with 0.5% slippage, then use an unspecified second bridge to Optimism. Searchers close cross-chain WLD spreads after 12 minutes, and any route with an unspecified second bridge is not executable for this mandate. Choose the route that maximizes WLD delivered on Optimism by minute 30. Output JSON fields: intent, chosen_strategy, chosen_path, expected_wld, completion_minutes. Optimize for the maximum WLD delivered on Optimism by minute 30 among executable routes only.",mistralai/mistral-medium-3-5,0,0,0|0|0,0.2|0|0.2,0.133,0.200,7526
AGI-009,L11/AGI,agi-AGI-009,"Convert 1,000 USDC on Ethereum L1 into WLD on Optimism before a partnership announcement is fully priced in 30 minutes. The announcement premium arrives linearly from 0% to +15% over the 30 minutes; later WLD purchases therefore buy fewer tokens. Spot now: WLD Ethereum $2.40, Arbitrum $2.38, Optimism $2.42, Base $2.39. Routes: - Route 1: bridge USDC to Optimism in 10 minutes, pay $8 bridge and $12 gas, then buy WLD with 0.3% slippage. - Route 2: buy WLD on Ethereum now with 0.1% slippage, pay $28 total gas/bridge, bridge WLD to Optimism in 10 minutes with a 0.15% token fee. - Route 3: bridge USDC to Arbitrum in 25 minutes, pay $15 bridge and $18 gas, buy WLD with 0.2% slippage, then use an unspecified second bridge to Optimism. - Route 4: bridge USDC to Base in 18 minutes, pay $5 bridge and $6 gas, buy WLD with 0.5% slippage, then use an unspecified second bridge to Optimism. Searchers close cross-chain WLD spreads after 12 minutes, and any route with an unspecified second bridge is not executable for this mandate. Choose the route that maximizes WLD delivered on Optimism by minute 30. Output JSON fields: intent, chosen_strategy, chosen_path, expected_wld, completion_minutes. Optimize for the maximum WLD delivered on Optimism by minute 30 among executable routes only.",mistralai/mistral-small-2603,0,0,0|0|0,0.2|0.2|0.2,0.200,0.200,1640
AGI-010,L11/AGI,agi-AGI-010,"You market-make newly listed XYZ around fair value $10.00 +/- $0.50 with $100,000 capital and 50 ms gateway latency. Competitors: - FastBot: $50,000 capital, 10 ms latency, 0.1% full spreads, captures 60% of flow, cumulative PnL -$2,000. - WideBot: $200,000 capital, 200 ms latency, 0.5% full spreads, captures 15% of flow, cumulative PnL +$5,000. - ToxicBot: $30,000 capital, 30 ms latency, trades only when holding alpha, cumulative PnL +$8,000 against stale quotes. Expected daily addressable flow is $4,000,000. A defensive quote policy can capture about 12% of flow if it stays inside WideBot but outside FastBot. A toxicity filter reduces ToxicBot losses to about $600/day if it combines shock cancels, counterparty signatures, skew widening, and inventory caps. Inventory above $25,000 increases adverse-selection losses sharply because ToxicBot can force one-sided fills. Choose the Nash-stable quoting policy that maximizes expected PnL without trying to outrun faster latency. Output JSON fields: intent, chosen_strategy, spread_bps, update_ms, max_inventory_usd, toxic_defense, expected_daily_pnl_usd. Choose the strategy from: [inventory_maximizing_quote, passive_midpoint_pegging, latency_race_tight_spread, selective_wide_toxic_filter].",mistralai/mistral-medium-3-5,0,0,0|0|0,0.143|0.286|0.286,0.238,0.286,3423
AGI-010,L11/AGI,agi-AGI-010,"You market-make newly listed XYZ around fair value $10.00 +/- $0.50 with $100,000 capital and 50 ms gateway latency. Competitors: - FastBot: $50,000 capital, 10 ms latency, 0.1% full spreads, captures 60% of flow, cumulative PnL -$2,000. - WideBot: $200,000 capital, 200 ms latency, 0.5% full spreads, captures 15% of flow, cumulative PnL +$5,000. - ToxicBot: $30,000 capital, 30 ms latency, trades only when holding alpha, cumulative PnL +$8,000 against stale quotes. Expected daily addressable flow is $4,000,000. A defensive quote policy can capture about 12% of flow if it stays inside WideBot but outside FastBot. A toxicity filter reduces ToxicBot losses to about $600/day if it combines shock cancels, counterparty signatures, skew widening, and inventory caps. Inventory above $25,000 increases adverse-selection losses sharply because ToxicBot can force one-sided fills. Choose the Nash-stable quoting policy that maximizes expected PnL without trying to outrun faster latency. Output JSON fields: intent, chosen_strategy, spread_bps, update_ms, max_inventory_usd, toxic_defense, expected_daily_pnl_usd. Choose the strategy from: [inventory_maximizing_quote, passive_midpoint_pegging, latency_race_tight_spread, selective_wide_toxic_filter].",mistralai/mistral-small-2603,0,0,0|0|0,0.286|0.286|0.286,0.286,0.286,2339
AGI-011,L11/AGI,agi-AGI-011,"You have $375,000 deployed across SketchyDeFi: BlueChip pool $250,000, YieldFarm $105,000, and RiskyCoin $20,000. A mempool monitor detects calldata matching a known oracle-manipulation exploit likely to execute in about 60 seconds. RiskyCoin has anonymous operators, locked chat, $85,000 liquidity, $12,000 24h volume, and an unverified contract. Similar launches rugged 11 of 12 times. If this launch is legitimate, RiskyCoin may be worth $2,000,000 to you; if it rugs during the exploit, the platform drain takes the whole $375,000. Withdrawal mechanics: BlueChip exits in 12 seconds, YieldFarm exits in 25 seconds, RiskyCoin exits in 8 seconds. If RiskyCoin is withdrawn first in the public mempool, the attacker infers detection and drains YieldFarm before it exits. A private relay costs $600 and prevents the attacker from seeing the sequence before inclusion. Choose the action and withdrawal sequence that maximizes expected value under the adversarial timing. Output JSON fields: decision, chosen_strategy, withdrawal_sequence, ev_withdraw, ev_stay.",mistralai/mistral-medium-3-5,0,0,0|0|0,0|0|0.2,0.067,0.000,4240
AGI-011,L11/AGI,agi-AGI-011,"You have $375,000 deployed across SketchyDeFi: BlueChip pool $250,000, YieldFarm $105,000, and RiskyCoin $20,000. A mempool monitor detects calldata matching a known oracle-manipulation exploit likely to execute in about 60 seconds. RiskyCoin has anonymous operators, locked chat, $85,000 liquidity, $12,000 24h volume, and an unverified contract. Similar launches rugged 11 of 12 times. If this launch is legitimate, RiskyCoin may be worth $2,000,000 to you; if it rugs during the exploit, the platform drain takes the whole $375,000. Withdrawal mechanics: BlueChip exits in 12 seconds, YieldFarm exits in 25 seconds, RiskyCoin exits in 8 seconds. If RiskyCoin is withdrawn first in the public mempool, the attacker infers detection and drains YieldFarm before it exits. A private relay costs $600 and prevents the attacker from seeing the sequence before inclusion. Choose the action and withdrawal sequence that maximizes expected value under the adversarial timing. Output JSON fields: decision, chosen_strategy, withdrawal_sequence, ev_withdraw, ev_stay.",mistralai/mistral-small-2603,0,0,0|0|0,0.2|0.2|0.2,0.200,0.200,1791
AGI-012,L11/AGI,agi-AGI-012,"Portfolio: BTC $800,000, ETH $700,000, SOL $500,000. Historical regimes: - Normal: Corr(BTC,ETH)=0.72, Corr(BTC,SOL)=0.65, Corr(ETH,SOL)=0.78; vol(BTC)=3.2%, ETH=4.1%, SOL=6.3%. - Crisis: Corr(BTC,ETH)=0.94, Corr(BTC,SOL)=0.93, Corr(ETH,SOL)=0.96; vol(BTC)=8.5%, ETH=11.2%, SOL=18.7%. - Euphoria: correlations below 0.45 with upside drift. Current signals at 10:00 UTC: VIX 18 -> 28, yields falling, BTC -2.1%, ETH -2.8%, SOL -4.3% over the past hour; 1h correlations are BTC/ETH 0.91, BTC/SOL 0.89, ETH/SOL 0.94. CEXs have raised margin on crowded SOL shorts after the first $350,000 notional, while BTC put spreads can be bought immediately but cost premium. Design the hedge that cuts crisis-regime portfolio volatility by roughly half without selling spot and without exceeding the crowded-SOL margin tripwire. Output JSON fields: intent, chosen_strategy, hedge_legs, expected_vol_reduction_pct, residual_1d_var_usd. For hedge_legs, use nested keys SOL_short.notional_usd and BTC_put_spread.notional_usd.",mistralai/mistral-medium-3-5,0,0,0|0|0,0|0|0,0.000,0.000,3733
AGI-012,L11/AGI,agi-AGI-012,"Portfolio: BTC $800,000, ETH $700,000, SOL $500,000. Historical regimes: - Normal: Corr(BTC,ETH)=0.72, Corr(BTC,SOL)=0.65, Corr(ETH,SOL)=0.78; vol(BTC)=3.2%, ETH=4.1%, SOL=6.3%. - Crisis: Corr(BTC,ETH)=0.94, Corr(BTC,SOL)=0.93, Corr(ETH,SOL)=0.96; vol(BTC)=8.5%, ETH=11.2%, SOL=18.7%. - Euphoria: correlations below 0.45 with upside drift. Current signals at 10:00 UTC: VIX 18 -> 28, yields falling, BTC -2.1%, ETH -2.8%, SOL -4.3% over the past hour; 1h correlations are BTC/ETH 0.91, BTC/SOL 0.89, ETH/SOL 0.94. CEXs have raised margin on crowded SOL shorts after the first $350,000 notional, while BTC put spreads can be bought immediately but cost premium. Design the hedge that cuts crisis-regime portfolio volatility by roughly half without selling spot and without exceeding the crowded-SOL margin tripwire. Output JSON fields: intent, chosen_strategy, hedge_legs, expected_vol_reduction_pct, residual_1d_var_usd. For hedge_legs, use nested keys SOL_short.notional_usd and BTC_put_spread.notional_usd.",mistralai/mistral-small-2603,0,0,0|0|0,0|0|0,0.000,0.000,2290
AGI-013,L11/AGI,agi-AGI-013,"Date: 20 December 2025. You are a U.S. taxpayer with $80,000 of realized short-term capital gains taxed at 37%. Crypto portfolio cost basis -> current value: - ETH: $300K -> $450K - SOL: $200K -> $180K - LINK: $150K -> $120K - MATIC: $150K -> $140K - AVAX: $200K -> $210K Constraints: stay fully invested, avoid buying back the same ticker inside 30 days, transaction cost is 0.3% per buy or sell, and replacement exposure must preserve broad beta without being substantially identical. Available replacement map: SOL -> AVAX/NEAR basket, LINK -> UNI, MATIC -> ARB. Liquidity is thinnest in LINK, then SOL, then MATIC, so an adversarial market maker widens later exits if the thinnest loss lot is left for last. Construct the harvesting plan that maximizes after-fee tax benefit while maintaining exposure and minimizing adversarial execution cost. Output JSON fields: intent, chosen_strategy, assets_to_sell, sale_sequence, replacement_assets, net_tax_benefit, remaining_unoffset_gains.",mistralai/mistral-medium-3-5,0,0,0|0|0,0.333|0.333|0.333,0.333,0.333,17034
AGI-013,L11/AGI,agi-AGI-013,"Date: 20 December 2025. You are a U.S. taxpayer with $80,000 of realized short-term capital gains taxed at 37%. Crypto portfolio cost basis -> current value: - ETH: $300K -> $450K - SOL: $200K -> $180K - LINK: $150K -> $120K - MATIC: $150K -> $140K - AVAX: $200K -> $210K Constraints: stay fully invested, avoid buying back the same ticker inside 30 days, transaction cost is 0.3% per buy or sell, and replacement exposure must preserve broad beta without being substantially identical. Available replacement map: SOL -> AVAX/NEAR basket, LINK -> UNI, MATIC -> ARB. Liquidity is thinnest in LINK, then SOL, then MATIC, so an adversarial market maker widens later exits if the thinnest loss lot is left for last. Construct the harvesting plan that maximizes after-fee tax benefit while maintaining exposure and minimizing adversarial execution cost. Output JSON fields: intent, chosen_strategy, assets_to_sell, sale_sequence, replacement_assets, net_tax_benefit, remaining_unoffset_gains.",mistralai/mistral-small-2603,0,0,0|0|0,0.444|0.222|0.444,0.370,0.444,2435
AGI-014,L11/AGI,agi-AGI-014,"ETH spot is $3,000 and ETH perps trade at $3,018 (+0.6% premium). Open interest is at an all-time high and the long/short ratio is 82/18. Funding rates annualized: Binance 25%, Bybit 28%, OKX 22%, dYdX 18%, Hyperliquid 30%. In prior crowded episodes, funding mean-reverts within 48-72 hours and basis compresses toward +0.1%. You have $500,000 and a 5x leverage cap, but must survive a cascade to $2,850 without forced deleveraging. Venue constraints for a resilient delta-neutral short-perp leg: Binance max $150k, Bybit max $100k, OKX max $100k, Hyperliquid max $100k because of ADL risk, dYdX max $50k because of liquidity. Stable borrow and operational drag cost 2.4% annualized. Use spot custody for the long leg. Design the venue ladder that maximizes resilient funding-plus-basis carry without exceeding venue risk caps. Output JSON fields: intent, chosen_strategy, perp_short_allocation_usd, leverage, apr_pct, pnl_30d_usd, survives_cascade. Optimize for maximum resilient funding-plus-basis carry while remaining delta-neutral and surviving the stated cascade.",mistralai/mistral-medium-3-5,0,0,0|0|0,0.545|0.545|0.545,0.545,0.545,5041
AGI-014,L11/AGI,agi-AGI-014,"ETH spot is $3,000 and ETH perps trade at $3,018 (+0.6% premium). Open interest is at an all-time high and the long/short ratio is 82/18. Funding rates annualized: Binance 25%, Bybit 28%, OKX 22%, dYdX 18%, Hyperliquid 30%. In prior crowded episodes, funding mean-reverts within 48-72 hours and basis compresses toward +0.1%. You have $500,000 and a 5x leverage cap, but must survive a cascade to $2,850 without forced deleveraging. Venue constraints for a resilient delta-neutral short-perp leg: Binance max $150k, Bybit max $100k, OKX max $100k, Hyperliquid max $100k because of ADL risk, dYdX max $50k because of liquidity. Stable borrow and operational drag cost 2.4% annualized. Use spot custody for the long leg. Design the venue ladder that maximizes resilient funding-plus-basis carry without exceeding venue risk caps. Output JSON fields: intent, chosen_strategy, perp_short_allocation_usd, leverage, apr_pct, pnl_30d_usd, survives_cascade. Optimize for maximum resilient funding-plus-basis carry while remaining delta-neutral and surviving the stated cascade.",mistralai/mistral-small-2603,0,0,0|0|0,0.545|0.545|0.545,0.545,0.545,2158
AGI-015,L11/AGI,agi-AGI-015,"Convert $2,000,000 USDC to ETH before a 90-minute announcement expected to push ETH +5-8%. You want lowest acquisition cost, but visible DEX or bridge overuse is copied by searchers after the first large route. Venues (price | fee | fixed costs | adversarial capacity before repricing): - Binance: $3,005 | 0.10% taker | $0 fixed | $600,000. - Coinbase: $3,010 | 0.15% taker | $0 fixed | $500,000. - Kraken: $3,000 | 0.26% taker | $0 fixed | $500,000. - Uniswap V3 Ethereum: $3,003 | 0.30% pool fee | $80 gas | $450,000. - Curve ETH: $3,004 | 0.04% fee | $120 gas | $400,000. - Uniswap Arbitrum: $2,998 | 0.25% fee | $14 bridge+gas | $400,000 private-intent capacity. - Velodrome Optimism: $2,995 | 0.20% fee | $9 bridge+gas | $400,000 private-intent capacity. - OTC Circle: $3,006 | 0.05% fee | $0 fixed | $250,000 before dealer fade. - OTC Cumberland: $3,008 | 0.08% fee | $0 fixed | $250,000 before dealer fade. Trades above an adversarial capacity incur copied-flow repricing that is worse than the next listed venue. Construct the unique allocation that minimizes total cost while completing inside the 90-minute window. Output JSON fields: intent, chosen_strategy, venue_allocation_usd, expected_eth_received, effective_price. Choose the strategy from: [capacity_capped_best_execution, otc_first_dealer_workup, single_venue_lowest_quote_sweep, pro_rata_across_all_venues].",mistralai/mistral-medium-3-5,0,0,0|0|0,0.667|0.667|0.667,0.667,0.667,3247
AGI-015,L11/AGI,agi-AGI-015,"Convert $2,000,000 USDC to ETH before a 90-minute announcement expected to push ETH +5-8%. You want lowest acquisition cost, but visible DEX or bridge overuse is copied by searchers after the first large route. Venues (price | fee | fixed costs | adversarial capacity before repricing): - Binance: $3,005 | 0.10% taker | $0 fixed | $600,000. - Coinbase: $3,010 | 0.15% taker | $0 fixed | $500,000. - Kraken: $3,000 | 0.26% taker | $0 fixed | $500,000. - Uniswap V3 Ethereum: $3,003 | 0.30% pool fee | $80 gas | $450,000. - Curve ETH: $3,004 | 0.04% fee | $120 gas | $400,000. - Uniswap Arbitrum: $2,998 | 0.25% fee | $14 bridge+gas | $400,000 private-intent capacity. - Velodrome Optimism: $2,995 | 0.20% fee | $9 bridge+gas | $400,000 private-intent capacity. - OTC Circle: $3,006 | 0.05% fee | $0 fixed | $250,000 before dealer fade. - OTC Cumberland: $3,008 | 0.08% fee | $0 fixed | $250,000 before dealer fade. Trades above an adversarial capacity incur copied-flow repricing that is worse than the next listed venue. Construct the unique allocation that minimizes total cost while completing inside the 90-minute window. Output JSON fields: intent, chosen_strategy, venue_allocation_usd, expected_eth_received, effective_price. Choose the strategy from: [capacity_capped_best_execution, otc_first_dealer_workup, single_venue_lowest_quote_sweep, pro_rata_across_all_venues].",mistralai/mistral-small-2603,2,1,1|0|1,0.778|0.667|0.778,0.741,0.778,1924
AGI-021,L11/AGI,agi-AGI-021,"A 2008-style credit shock proxy tape is hitting crypto beta. You hold a marked crypto proxy book with crisis beta estimates and three stress tapes. You may not sell spot. The hedge cap allows at most two clips. Eligible clips: SOL short 210000 notional with 31.24% crisis-beta relief; LINK short 190000 notional with 23.56% crisis-beta relief; a smaller diversifier clip with 16.4% relief. The three stress tapes have different spot losses, so the chosen pair must be evaluated by worst residual PnL, not by beta relief alone. Dealer impact schedule: SOL costs 0.12% if first and 0.31% if after LINK; LINK costs 0.09% if first and 0.22% if after SOL; the diversifier costs 0.08% if first and 0.18% otherwise. A dealer reprices the second correlated hedge after seeing the first clip. Choose the hedge basket and execution order that minimizes the worst stress residual PnL while cutting crisis beta-dollar exposure by at least half. Output JSON fields: intent, chosen_strategy, execution_sequence, hedge_legs, risk_reduction_pct, worst_case_residual_pnl_usd.",mistralai/mistral-medium-3-5,0,0,0|0|0,0|0.429|0,0.143,0.000,2958
AGI-021,L11/AGI,agi-AGI-021,"A 2008-style credit shock proxy tape is hitting crypto beta. You hold a marked crypto proxy book with crisis beta estimates and three stress tapes. You may not sell spot. The hedge cap allows at most two clips. Eligible clips: SOL short 210000 notional with 31.24% crisis-beta relief; LINK short 190000 notional with 23.56% crisis-beta relief; a smaller diversifier clip with 16.4% relief. The three stress tapes have different spot losses, so the chosen pair must be evaluated by worst residual PnL, not by beta relief alone. Dealer impact schedule: SOL costs 0.12% if first and 0.31% if after LINK; LINK costs 0.09% if first and 0.22% if after SOL; the diversifier costs 0.08% if first and 0.18% otherwise. A dealer reprices the second correlated hedge after seeing the first clip. Choose the hedge basket and execution order that minimizes the worst stress residual PnL while cutting crisis beta-dollar exposure by at least half. Output JSON fields: intent, chosen_strategy, execution_sequence, hedge_legs, risk_reduction_pct, worst_case_residual_pnl_usd.",mistralai/mistral-small-2603,0,0,0|0|0,0.429|0.286|0.429,0.381,0.429,2406
AGI-022,L11/AGI,agi-AGI-022,"A March-2020 liquidation tape is hitting high-beta alt collateral. You hold a marked crypto proxy book with crisis beta estimates and three stress tapes. You may not sell spot. The hedge cap allows at most two clips. Eligible clips: AVAX short 175000 notional with 29.98% crisis-beta relief; MATIC short 225000 notional with 22.62% crisis-beta relief; a smaller diversifier clip with 16.4% relief. The three stress tapes have different spot losses, so the chosen pair must be evaluated by worst residual PnL, not by beta relief alone. Dealer impact schedule: AVAX costs 0.12% if first and 0.31% if after MATIC; MATIC costs 0.09% if first and 0.22% if after AVAX; the diversifier costs 0.08% if first and 0.18% otherwise. A dealer reprices the second correlated hedge after seeing the first clip. Choose the hedge basket and execution order that minimizes the worst stress residual PnL while cutting crisis beta-dollar exposure by at least half. Output JSON fields: intent, chosen_strategy, execution_sequence, hedge_legs, risk_reduction_pct, worst_case_residual_pnl_usd.",mistralai/mistral-medium-3-5,0,0,0|0|0,0.429|0.429|0.429,0.429,0.429,2279
AGI-022,L11/AGI,agi-AGI-022,"A March-2020 liquidation tape is hitting high-beta alt collateral. You hold a marked crypto proxy book with crisis beta estimates and three stress tapes. You may not sell spot. The hedge cap allows at most two clips. Eligible clips: AVAX short 175000 notional with 29.98% crisis-beta relief; MATIC short 225000 notional with 22.62% crisis-beta relief; a smaller diversifier clip with 16.4% relief. The three stress tapes have different spot losses, so the chosen pair must be evaluated by worst residual PnL, not by beta relief alone. Dealer impact schedule: AVAX costs 0.12% if first and 0.31% if after MATIC; MATIC costs 0.09% if first and 0.22% if after AVAX; the diversifier costs 0.08% if first and 0.18% otherwise. A dealer reprices the second correlated hedge after seeing the first clip. Choose the hedge basket and execution order that minimizes the worst stress residual PnL while cutting crisis beta-dollar exposure by at least half. Output JSON fields: intent, chosen_strategy, execution_sequence, hedge_legs, risk_reduction_pct, worst_case_residual_pnl_usd.",mistralai/mistral-small-2603,0,0,0|0|0,0.429|0.429|0.429,0.429,0.429,2140
AGI-023,L11/AGI,agi-AGI-023,"A yen-unwind stress tape is hitting meme beta and L2 beta together. You hold a marked crypto proxy book with crisis beta estimates and three stress tapes. You may not sell spot. The hedge cap allows at most two clips. Eligible clips: DOGE short 160000 notional with 32.6% crisis-beta relief; ARB short 240000 notional with 24.6% crisis-beta relief; a smaller diversifier clip with 16.4% relief. The three stress tapes have different spot losses, so the chosen pair must be evaluated by worst residual PnL, not by beta relief alone. Dealer impact schedule: DOGE costs 0.12% if first and 0.31% if after ARB; ARB costs 0.09% if first and 0.22% if after DOGE; the diversifier costs 0.08% if first and 0.18% otherwise. A dealer reprices the second correlated hedge after seeing the first clip. Choose the hedge basket and execution order that minimizes the worst stress residual PnL while cutting crisis beta-dollar exposure by at least half. Output JSON fields: intent, chosen_strategy, execution_sequence, hedge_legs, risk_reduction_pct, worst_case_residual_pnl_usd.",mistralai/mistral-medium-3-5,0,0,0|0|0,0.429|0.429|0.429,0.429,0.429,2729
AGI-023,L11/AGI,agi-AGI-023,"A yen-unwind stress tape is hitting meme beta and L2 beta together. You hold a marked crypto proxy book with crisis beta estimates and three stress tapes. You may not sell spot. The hedge cap allows at most two clips. Eligible clips: DOGE short 160000 notional with 32.6% crisis-beta relief; ARB short 240000 notional with 24.6% crisis-beta relief; a smaller diversifier clip with 16.4% relief. The three stress tapes have different spot losses, so the chosen pair must be evaluated by worst residual PnL, not by beta relief alone. Dealer impact schedule: DOGE costs 0.12% if first and 0.31% if after ARB; ARB costs 0.09% if first and 0.22% if after DOGE; the diversifier costs 0.08% if first and 0.18% otherwise. A dealer reprices the second correlated hedge after seeing the first clip. Choose the hedge basket and execution order that minimizes the worst stress residual PnL while cutting crisis beta-dollar exposure by at least half. Output JSON fields: intent, chosen_strategy, execution_sequence, hedge_legs, risk_reduction_pct, worst_case_residual_pnl_usd.",mistralai/mistral-small-2603,0,0,0|0|0,0.286|0.571|0.571,0.476,0.571,2415
AGI-024,L11/AGI,agi-AGI-024,"You must buy 50,000 ABC before an information event. A copy-trading bot worsens the remaining public book after it sees an aggressive parent order above 10,000 ABC, while private fills update no public footprint. Raw execution primitives: - Dark_RFQ can fill 15,000 ABC at $1.206 all-in if committed before T+20s; it is not visible to the copy bot. - Internalizer can fill 18,000 ABC at $1.2075 all-in if committed before T+45s; it is not visible to the copy bot. - RFQ_A can fill 10,000 ABC at $1.209 all-in if committed before T+70s; it is not visible to the copy bot. - A hidden public iceberg can absorb up to 7,000 ABC at $1.204 before the event. Any larger public parent becomes visible and can reprice the rest of the order. - Current mid is $1.2. Every committed child must finish inside the event window. Design the execution route from these primitives. The answer must reconcile route order, venue fills, hidden-public size, all-in average price, slippage versus mid, and a self-check that the copied-flow trigger is not activated. Output JSON fields: intent, chosen_strategy, execution_sequence, venue_fills, hidden_public_qty, expected_avg_price, expected_slippage_pct, self_check.",mistralai/mistral-medium-3-5,2,1,0|1|1,0.636|0.727|0.727,0.697,0.727,3526
AGI-024,L11/AGI,agi-AGI-024,"You must buy 50,000 ABC before an information event. A copy-trading bot worsens the remaining public book after it sees an aggressive parent order above 10,000 ABC, while private fills update no public footprint. Raw execution primitives: - Dark_RFQ can fill 15,000 ABC at $1.206 all-in if committed before T+20s; it is not visible to the copy bot. - Internalizer can fill 18,000 ABC at $1.2075 all-in if committed before T+45s; it is not visible to the copy bot. - RFQ_A can fill 10,000 ABC at $1.209 all-in if committed before T+70s; it is not visible to the copy bot. - A hidden public iceberg can absorb up to 7,000 ABC at $1.204 before the event. Any larger public parent becomes visible and can reprice the rest of the order. - Current mid is $1.2. Every committed child must finish inside the event window. Design the execution route from these primitives. The answer must reconcile route order, venue fills, hidden-public size, all-in average price, slippage versus mid, and a self-check that the copied-flow trigger is not activated. Output JSON fields: intent, chosen_strategy, execution_sequence, venue_fills, hidden_public_qty, expected_avg_price, expected_slippage_pct, self_check.",mistralai/mistral-small-2603,2,1,1|1|0,0.727|0.727|0.636,0.697,0.727,2866
AGI-025,L11/AGI,agi-AGI-025,"You must buy 80,000 RHO before an information event. A copy-trading bot worsens the remaining public book after it sees an aggressive parent order above 18,000 RHO, while private fills update no public footprint. Raw execution primitives: - CEX_Y can fill 22,000 RHO at $0.8218 all-in if committed before T+20s; it is not visible to the copy bot. - Dark_RFQ can fill 25,000 RHO at $0.8229 all-in if committed before T+45s; it is not visible to the copy bot. - RFQ_A can fill 24,000 RHO at $0.8242 all-in if committed before T+70s; it is not visible to the copy bot. - A hidden public iceberg can absorb up to 9,000 RHO at $0.8205 before the event. Any larger public parent becomes visible and can reprice the rest of the order. - Current mid is $0.819. Every committed child must finish inside the event window. Design the execution route from these primitives. The answer must reconcile route order, venue fills, hidden-public size, all-in average price, slippage versus mid, and a self-check that the copied-flow trigger is not activated. Output JSON fields: intent, chosen_strategy, execution_sequence, venue_fills, hidden_public_qty, expected_avg_price, expected_slippage_pct, self_check.",mistralai/mistral-medium-3-5,0,0,0|0|0,0.636|0.636|0.636,0.636,0.636,4848
AGI-025,L11/AGI,agi-AGI-025,"You must buy 80,000 RHO before an information event. A copy-trading bot worsens the remaining public book after it sees an aggressive parent order above 18,000 RHO, while private fills update no public footprint. Raw execution primitives: - CEX_Y can fill 22,000 RHO at $0.8218 all-in if committed before T+20s; it is not visible to the copy bot. - Dark_RFQ can fill 25,000 RHO at $0.8229 all-in if committed before T+45s; it is not visible to the copy bot. - RFQ_A can fill 24,000 RHO at $0.8242 all-in if committed before T+70s; it is not visible to the copy bot. - A hidden public iceberg can absorb up to 9,000 RHO at $0.8205 before the event. Any larger public parent becomes visible and can reprice the rest of the order. - Current mid is $0.819. Every committed child must finish inside the event window. Design the execution route from these primitives. The answer must reconcile route order, venue fills, hidden-public size, all-in average price, slippage versus mid, and a self-check that the copied-flow trigger is not activated. Output JSON fields: intent, chosen_strategy, execution_sequence, venue_fills, hidden_public_qty, expected_avg_price, expected_slippage_pct, self_check.",mistralai/mistral-small-2603,0,0,0|0|0,0.545|0.636|0.636,0.606,0.636,2498
AGI-026,L11/AGI,agi-AGI-026,"You must buy 120,000 KAP before an information event. A copy-trading bot worsens the remaining public book after it sees an aggressive parent order above 25,000 KAP, while private fills update no public footprint. Raw execution primitives: - Internalizer can fill 42,000 KAP at $4.925 all-in if committed before T+20s; it is not visible to the copy bot. - Dark_RFQ can fill 35,000 KAP at $4.931 all-in if committed before T+45s; it is not visible to the copy bot. - CEX_Y can fill 30,000 KAP at $4.936 all-in if committed before T+70s; it is not visible to the copy bot. - A hidden public iceberg can absorb up to 13,000 KAP at $4.918 before the event. Any larger public parent becomes visible and can reprice the rest of the order. - Current mid is $4.91. Every committed child must finish inside the event window. Design the execution route from these primitives. The answer must reconcile route order, venue fills, hidden-public size, all-in average price, slippage versus mid, and a self-check that the copied-flow trigger is not activated. Output JSON fields: intent, chosen_strategy, execution_sequence, venue_fills, hidden_public_qty, expected_avg_price, expected_slippage_pct, self_check.",mistralai/mistral-medium-3-5,3,1,1|1|1,0.727|0.727|0.727,0.727,0.727,8603
AGI-026,L11/AGI,agi-AGI-026,"You must buy 120,000 KAP before an information event. A copy-trading bot worsens the remaining public book after it sees an aggressive parent order above 25,000 KAP, while private fills update no public footprint. Raw execution primitives: - Internalizer can fill 42,000 KAP at $4.925 all-in if committed before T+20s; it is not visible to the copy bot. - Dark_RFQ can fill 35,000 KAP at $4.931 all-in if committed before T+45s; it is not visible to the copy bot. - CEX_Y can fill 30,000 KAP at $4.936 all-in if committed before T+70s; it is not visible to the copy bot. - A hidden public iceberg can absorb up to 13,000 KAP at $4.918 before the event. Any larger public parent becomes visible and can reprice the rest of the order. - Current mid is $4.91. Every committed child must finish inside the event window. Design the execution route from these primitives. The answer must reconcile route order, venue fills, hidden-public size, all-in average price, slippage versus mid, and a self-check that the copied-flow trigger is not activated. Output JSON fields: intent, chosen_strategy, execution_sequence, venue_fills, hidden_public_qty, expected_avg_price, expected_slippage_pct, self_check.",mistralai/mistral-small-2603,0,0,0|0|0,0.636|0.636|0.636,0.636,0.636,2607
AGI-027,L11/AGI,agi-AGI-027,"You are long 80 ETH perpetual units from $3200 at 4x leverage. Current ETH mid is $3150; original margin was entry notional divided by leverage. A liquidation engine begins a correlated-account sweep before the next carry/funding timestamp. Raw venue primitives: - The risk feed classifies accounts by visible net ETH exposure at the sweep. Accounts still showing more than 55 ETH net long can be stress-marked to $3000 before carry is paid. - A private hedge tunnel can reduce up to 50 ETH immediately at the current mid with 0.07% execution cost. It updates the risk feed before the sweep and does not advertise a margin top-up. - Visible margin additions settle after the sweep scorer snapshots the account and can be copied by liquidation searchers. - If the account avoids the sweep, the post-sweep mark is expected to be $3260 and residual longs receive 0.060% funding on that mark. - The portfolio mandate requires preserving at least 30 ETH of upside delta if that can be done without creating a sweep-path inconsistency. Design the defensive strategy from these primitives. The answer must reconcile the hedge size, residual exposure, worst sweep drawdown versus original margin, funding-window PnL, and self-check from the same plan. Output JSON fields: intent, chosen_strategy, hedge_units, net_exposure_units, worst_case_margin_drawdown_pct, funding_window_pnl_usd, self_check.",mistralai/mistral-medium-3-5,0,0,0|0|0,0|0|0,0.000,0.000,4228
AGI-027,L11/AGI,agi-AGI-027,"You are long 80 ETH perpetual units from $3200 at 4x leverage. Current ETH mid is $3150; original margin was entry notional divided by leverage. A liquidation engine begins a correlated-account sweep before the next carry/funding timestamp. Raw venue primitives: - The risk feed classifies accounts by visible net ETH exposure at the sweep. Accounts still showing more than 55 ETH net long can be stress-marked to $3000 before carry is paid. - A private hedge tunnel can reduce up to 50 ETH immediately at the current mid with 0.07% execution cost. It updates the risk feed before the sweep and does not advertise a margin top-up. - Visible margin additions settle after the sweep scorer snapshots the account and can be copied by liquidation searchers. - If the account avoids the sweep, the post-sweep mark is expected to be $3260 and residual longs receive 0.060% funding on that mark. - The portfolio mandate requires preserving at least 30 ETH of upside delta if that can be done without creating a sweep-path inconsistency. Design the defensive strategy from these primitives. The answer must reconcile the hedge size, residual exposure, worst sweep drawdown versus original margin, funding-window PnL, and self-check from the same plan. Output JSON fields: intent, chosen_strategy, hedge_units, net_exposure_units, worst_case_margin_drawdown_pct, funding_window_pnl_usd, self_check.",mistralai/mistral-small-2603,0,0,0|0|0,0.286|0.286|0.286,0.286,0.286,2863
AGI-028,L11/AGI,agi-AGI-028,"You are long 5,000 SOL perpetual units from $145 at 5x leverage. Current SOL mid is $142; original margin was entry notional divided by leverage. A liquidation engine begins a correlated-account sweep before the next carry/funding timestamp. Raw venue primitives: - The risk feed classifies accounts by visible net SOL exposure at the sweep. Accounts still showing more than 3,200 SOL net long can be stress-marked to $132 before carry is paid. - A private hedge tunnel can reduce up to 3,000 SOL immediately at the current mid with 0.08% execution cost. It updates the risk feed before the sweep and does not advertise a margin top-up. - Visible margin additions settle after the sweep scorer snapshots the account and can be copied by liquidation searchers. - If the account avoids the sweep, the post-sweep mark is expected to be $150 and residual longs receive 0.090% funding on that mark. - The portfolio mandate requires preserving at least 2,000 SOL of upside delta if that can be done without creating a sweep-path inconsistency. Design the defensive strategy from these primitives. The answer must reconcile the hedge size, residual exposure, worst sweep drawdown versus original margin, funding-window PnL, and self-check from the same plan. Output JSON fields: intent, chosen_strategy, hedge_units, net_exposure_units, worst_case_margin_drawdown_pct, funding_window_pnl_usd, self_check.",mistralai/mistral-medium-3-5,0,0,0|0|0,0|0|0,0.000,0.000,2497
AGI-028,L11/AGI,agi-AGI-028,"You are long 5,000 SOL perpetual units from $145 at 5x leverage. Current SOL mid is $142; original margin was entry notional divided by leverage. A liquidation engine begins a correlated-account sweep before the next carry/funding timestamp. Raw venue primitives: - The risk feed classifies accounts by visible net SOL exposure at the sweep. Accounts still showing more than 3,200 SOL net long can be stress-marked to $132 before carry is paid. - A private hedge tunnel can reduce up to 3,000 SOL immediately at the current mid with 0.08% execution cost. It updates the risk feed before the sweep and does not advertise a margin top-up. - Visible margin additions settle after the sweep scorer snapshots the account and can be copied by liquidation searchers. - If the account avoids the sweep, the post-sweep mark is expected to be $150 and residual longs receive 0.090% funding on that mark. - The portfolio mandate requires preserving at least 2,000 SOL of upside delta if that can be done without creating a sweep-path inconsistency. Design the defensive strategy from these primitives. The answer must reconcile the hedge size, residual exposure, worst sweep drawdown versus original margin, funding-window PnL, and self-check from the same plan. Output JSON fields: intent, chosen_strategy, hedge_units, net_exposure_units, worst_case_margin_drawdown_pct, funding_window_pnl_usd, self_check.",mistralai/mistral-small-2603,0,0,0|0|0,0.286|0.286|0.286,0.286,0.286,1961
AGI-029,L11/AGI,agi-AGI-029,"You are long 200,000 ARB perpetual units from $1.22 at 4x leverage. Current ARB mid is $1.19; original margin was entry notional divided by leverage. A liquidation engine begins a correlated-account sweep before the next carry/funding timestamp. Raw venue primitives: - The risk feed classifies accounts by visible net ARB exposure at the sweep. Accounts still showing more than 120,000 ARB net long can be stress-marked to $1.08 before carry is paid. - A private hedge tunnel can reduce up to 125,000 ARB immediately at the current mid with 0.10% execution cost. It updates the risk feed before the sweep and does not advertise a margin top-up. - Visible margin additions settle after the sweep scorer snapshots the account and can be copied by liquidation searchers. - If the account avoids the sweep, the post-sweep mark is expected to be $1.25 and residual longs receive 0.070% funding on that mark. - The portfolio mandate requires preserving at least 75,000 ARB of upside delta if that can be done without creating a sweep-path inconsistency. Design the defensive strategy from these primitives. The answer must reconcile the hedge size, residual exposure, worst sweep drawdown versus original margin, funding-window PnL, and self-check from the same plan. Output JSON fields: intent, chosen_strategy, hedge_units, net_exposure_units, worst_case_margin_drawdown_pct, funding_window_pnl_usd, self_check.",mistralai/mistral-medium-3-5,0,0,0|0|0,0.286|0.286|0,0.190,0.286,9571
AGI-029,L11/AGI,agi-AGI-029,"You are long 200,000 ARB perpetual units from $1.22 at 4x leverage. Current ARB mid is $1.19; original margin was entry notional divided by leverage. A liquidation engine begins a correlated-account sweep before the next carry/funding timestamp. Raw venue primitives: - The risk feed classifies accounts by visible net ARB exposure at the sweep. Accounts still showing more than 120,000 ARB net long can be stress-marked to $1.08 before carry is paid. - A private hedge tunnel can reduce up to 125,000 ARB immediately at the current mid with 0.10% execution cost. It updates the risk feed before the sweep and does not advertise a margin top-up. - Visible margin additions settle after the sweep scorer snapshots the account and can be copied by liquidation searchers. - If the account avoids the sweep, the post-sweep mark is expected to be $1.25 and residual longs receive 0.070% funding on that mark. - The portfolio mandate requires preserving at least 75,000 ARB of upside delta if that can be done without creating a sweep-path inconsistency. Design the defensive strategy from these primitives. The answer must reconcile the hedge size, residual exposure, worst sweep drawdown versus original margin, funding-window PnL, and self-check from the same plan. Output JSON fields: intent, chosen_strategy, hedge_units, net_exposure_units, worst_case_margin_drawdown_pct, funding_window_pnl_usd, self_check.",mistralai/mistral-small-2603,0,0,0|0|0,0.286|0.286|0.286,0.286,0.286,1856
AGI-030,L11/AGI,agi-AGI-030,"Stable yield holdout. Allocate $100,000 for 90 days across five protocol venues with APY, tail-loss, cap, and exit-window differences. Venue signals after tail losses and hedge drag: Aave_USDC: cap 20000, net APY signal 7.04%, 48h-liquid; Curve_3pool: cap 30000, net APY signal 8.14%, 48h-liquid; Ethena_USDe: cap 20000, net APY signal 9.24%, term/slow-exit; GMX_GLP: cap 30000, net APY signal 10.34%, term/slow-exit; a fifth uncapped-looking venue has lower net APY and enters a redemption queue above $10,000. A public allocator that exceeds a fragile venue threshold is queued behind mercenary withdrawals. At least half the capital must be liquid inside 48 hours, and no allocation may use a tier that enters the adversarial queue. Maximize risk-adjusted 90-day dollars from the listed opportunity set. Output JSON fields: intent, chosen_strategy, allocation_usd, expected_net_apy_pct, expected_90d_profit_usd, liquidity_48h_usd.",mistralai/mistral-medium-3-5,0,0,0|0|0,0.667|0.667|0.667,0.667,0.667,5529
AGI-030,L11/AGI,agi-AGI-030,"Stable yield holdout. Allocate $100,000 for 90 days across five protocol venues with APY, tail-loss, cap, and exit-window differences. Venue signals after tail losses and hedge drag: Aave_USDC: cap 20000, net APY signal 7.04%, 48h-liquid; Curve_3pool: cap 30000, net APY signal 8.14%, 48h-liquid; Ethena_USDe: cap 20000, net APY signal 9.24%, term/slow-exit; GMX_GLP: cap 30000, net APY signal 10.34%, term/slow-exit; a fifth uncapped-looking venue has lower net APY and enters a redemption queue above $10,000. A public allocator that exceeds a fragile venue threshold is queued behind mercenary withdrawals. At least half the capital must be liquid inside 48 hours, and no allocation may use a tier that enters the adversarial queue. Maximize risk-adjusted 90-day dollars from the listed opportunity set. Output JSON fields: intent, chosen_strategy, allocation_usd, expected_net_apy_pct, expected_90d_profit_usd, liquidity_48h_usd.",mistralai/mistral-small-2603,1,0,0|0|1,0.667|0.667|0.778,0.704,0.667,2084
AGI-031,L11/AGI,agi-AGI-031,"Restaking yield holdout. Allocate $100,000 for 90 days across five protocol venues with APY, tail-loss, cap, and exit-window differences. Venue signals after tail losses and hedge drag: Aave_USDC: cap 25000, net APY signal 6.19%, 48h-liquid; Symbiotic_AVS: cap 20000, net APY signal 7.29%, 48h-liquid; EigenLayer_AVS: cap 25000, net APY signal 8.39%, term/slow-exit; Pendle_PT: cap 30000, net APY signal 9.49%, term/slow-exit; a fifth uncapped-looking venue has lower net APY and enters a redemption queue above $10,000. A public allocator that exceeds a fragile venue threshold is queued behind mercenary withdrawals. At least half the capital must be liquid inside 48 hours, and no allocation may use a tier that enters the adversarial queue. Maximize risk-adjusted 90-day dollars from the listed opportunity set. Output JSON fields: intent, chosen_strategy, allocation_usd, expected_net_apy_pct, expected_90d_profit_usd, liquidity_48h_usd.",mistralai/mistral-medium-3-5,0,0,0|0|0,0.667|0.667|0.667,0.667,0.667,7694
AGI-031,L11/AGI,agi-AGI-031,"Restaking yield holdout. Allocate $100,000 for 90 days across five protocol venues with APY, tail-loss, cap, and exit-window differences. Venue signals after tail losses and hedge drag: Aave_USDC: cap 25000, net APY signal 6.19%, 48h-liquid; Symbiotic_AVS: cap 20000, net APY signal 7.29%, 48h-liquid; EigenLayer_AVS: cap 25000, net APY signal 8.39%, term/slow-exit; Pendle_PT: cap 30000, net APY signal 9.49%, term/slow-exit; a fifth uncapped-looking venue has lower net APY and enters a redemption queue above $10,000. A public allocator that exceeds a fragile venue threshold is queued behind mercenary withdrawals. At least half the capital must be liquid inside 48 hours, and no allocation may use a tier that enters the adversarial queue. Maximize risk-adjusted 90-day dollars from the listed opportunity set. Output JSON fields: intent, chosen_strategy, allocation_usd, expected_net_apy_pct, expected_90d_profit_usd, liquidity_48h_usd.",mistralai/mistral-small-2603,0,0,0|0|0,0.444|0.333|0.333,0.370,0.333,2701
AGI-032,L11/AGI,agi-AGI-032,"Allocate $100,000 for 90 days across protocol venues while preserving crisis liquidity. A public allocator that overloads a fragile redemption lane is queued behind mercenary withdrawals. Raw venue primitives: - Aave_USDC: 5.4% APY, liquid inside 48 hours, no tail loss at this size, $30,000 practical capacity. - Maple_USDC: 9.8% APY, liquid inside 48 hours, 1.0% chance of an 8% credit loss during the term, $25,000 borrower-pool capacity. - Ethena_USDe: 16.0% APY, seven-day exit, 2.5% chance of a 50% shutdown loss during the term, redemptions above $20,000 enter the adversarial queue. - GMX_GLP: 18.0% APY, five-day exit, market-beta hedge drag of 7.0% annualized, $30,000 capacity before withdrawal impact. - NewFarm_USD: headline 13.0% APY, twelve-day exit, queue penalty begins above $10,000 and queue position is public. At least $50,000 must be liquid inside 48 hours, and any allocation that enters an adversarial queue is inconsistent with the mandate. Design the risk-adjusted allocation from these primitives and reconcile allocation, annualized net APY, 90-day profit, 48-hour liquidity, and self-check. Output JSON fields: intent, chosen_strategy, allocation_usd, expected_net_apy_pct, expected_90d_profit_usd, liquidity_48h_usd, self_check.",mistralai/mistral-medium-3-5,0,0,0|0|0,0.4|0.4|0.4,0.400,0.400,6529
AGI-032,L11/AGI,agi-AGI-032,"Allocate $100,000 for 90 days across protocol venues while preserving crisis liquidity. A public allocator that overloads a fragile redemption lane is queued behind mercenary withdrawals. Raw venue primitives: - Aave_USDC: 5.4% APY, liquid inside 48 hours, no tail loss at this size, $30,000 practical capacity. - Maple_USDC: 9.8% APY, liquid inside 48 hours, 1.0% chance of an 8% credit loss during the term, $25,000 borrower-pool capacity. - Ethena_USDe: 16.0% APY, seven-day exit, 2.5% chance of a 50% shutdown loss during the term, redemptions above $20,000 enter the adversarial queue. - GMX_GLP: 18.0% APY, five-day exit, market-beta hedge drag of 7.0% annualized, $30,000 capacity before withdrawal impact. - NewFarm_USD: headline 13.0% APY, twelve-day exit, queue penalty begins above $10,000 and queue position is public. At least $50,000 must be liquid inside 48 hours, and any allocation that enters an adversarial queue is inconsistent with the mandate. Design the risk-adjusted allocation from these primitives and reconcile allocation, annualized net APY, 90-day profit, 48-hour liquidity, and self-check. Output JSON fields: intent, chosen_strategy, allocation_usd, expected_net_apy_pct, expected_90d_profit_usd, liquidity_48h_usd, self_check.",mistralai/mistral-small-2603,0,0,0|0|0,0.4|0.4|0.2,0.333,0.400,2738
AGI-033,L11/AGI,agi-AGI-033,"Move $600,000 USDC before an auction deadline in 90 minutes. A bridge exploit searcher watches public transfer graphs and focuses on the largest observable clip, while private attestation hides transfers before settlement. Raw route primitives: - Alpha: private-attested route, 65-minute settlement, 99.60% arrival reliability, 0.04% toll, usable clip $350,000. - Delta: relayer route, 40-minute settlement, 99.20% arrival reliability, 0.02% toll, usable clip $250,000. - Public fast lanes can be copied into a challenge path when their visible clip becomes the focal transfer. - Slow canonical settlement is safer in isolation but cannot repair the account after the auction starts. - Splits settle independently, but the account is only repaired if the planned amount is spendable before the auction. Design the route plan, including internal checks that the selected clips arrive in time, do not create a focal public target, and reconcile expected deadweight loss with route tolls plus non-arrival risk. Output JSON fields: intent, chosen_strategy, route_allocation_usd, observable_largest_clip_usd, expected_loss_usd, expected_arrival_minutes, self_check.",mistralai/mistral-medium-3-5,0,0,0|0|0,0.375|0.375|0.25,0.333,0.375,5406
AGI-033,L11/AGI,agi-AGI-033,"Move $600,000 USDC before an auction deadline in 90 minutes. A bridge exploit searcher watches public transfer graphs and focuses on the largest observable clip, while private attestation hides transfers before settlement. Raw route primitives: - Alpha: private-attested route, 65-minute settlement, 99.60% arrival reliability, 0.04% toll, usable clip $350,000. - Delta: relayer route, 40-minute settlement, 99.20% arrival reliability, 0.02% toll, usable clip $250,000. - Public fast lanes can be copied into a challenge path when their visible clip becomes the focal transfer. - Slow canonical settlement is safer in isolation but cannot repair the account after the auction starts. - Splits settle independently, but the account is only repaired if the planned amount is spendable before the auction. Design the route plan, including internal checks that the selected clips arrive in time, do not create a focal public target, and reconcile expected deadweight loss with route tolls plus non-arrival risk. Output JSON fields: intent, chosen_strategy, route_allocation_usd, observable_largest_clip_usd, expected_loss_usd, expected_arrival_minutes, self_check.",mistralai/mistral-small-2603,0,0,0|0|0,0.375|0.375|0.375,0.375,0.375,3169
AGI-034,L11/AGI,agi-AGI-034,"Move $500,000 USDC before an auction deadline in 100 minutes. A bridge exploit searcher watches public transfer graphs and focuses on the largest observable clip, while private attestation hides transfers before settlement. Raw route primitives: - Gamma: private-attested route, 70-minute settlement, 99.80% arrival reliability, 0.06% toll, usable clip $300,000. - Sigma: relayer route, 55-minute settlement, 99.50% arrival reliability, 0.02% toll, usable clip $200,000. - Public fast lanes can be copied into a challenge path when their visible clip becomes the focal transfer. - Slow canonical settlement is safer in isolation but cannot repair the account after the auction starts. - Splits settle independently, but the account is only repaired if the planned amount is spendable before the auction. Design the route plan, including internal checks that the selected clips arrive in time, do not create a focal public target, and reconcile expected deadweight loss with route tolls plus non-arrival risk. Output JSON fields: intent, chosen_strategy, route_allocation_usd, observable_largest_clip_usd, expected_loss_usd, expected_arrival_minutes, self_check.",mistralai/mistral-medium-3-5,0,0,0|0|0,0.375|0.375|0.375,0.375,0.375,2744
AGI-034,L11/AGI,agi-AGI-034,"Move $500,000 USDC before an auction deadline in 100 minutes. A bridge exploit searcher watches public transfer graphs and focuses on the largest observable clip, while private attestation hides transfers before settlement. Raw route primitives: - Gamma: private-attested route, 70-minute settlement, 99.80% arrival reliability, 0.06% toll, usable clip $300,000. - Sigma: relayer route, 55-minute settlement, 99.50% arrival reliability, 0.02% toll, usable clip $200,000. - Public fast lanes can be copied into a challenge path when their visible clip becomes the focal transfer. - Slow canonical settlement is safer in isolation but cannot repair the account after the auction starts. - Splits settle independently, but the account is only repaired if the planned amount is spendable before the auction. Design the route plan, including internal checks that the selected clips arrive in time, do not create a focal public target, and reconcile expected deadweight loss with route tolls plus non-arrival risk. Output JSON fields: intent, chosen_strategy, route_allocation_usd, observable_largest_clip_usd, expected_loss_usd, expected_arrival_minutes, self_check.",mistralai/mistral-small-2603,0,0,0|0|0,0.375|0.375|0.375,0.375,0.375,2813
AGI-035,L11/AGI,agi-AGI-035,"Move $450,000 USDC before an auction deadline in 80 minutes. A bridge exploit searcher watches public transfer graphs and focuses on the largest observable clip, while private attestation hides transfers before settlement. Raw route primitives: - Alpha: private-attested route, 60-minute settlement, 99.70% arrival reliability, 0.05% toll, usable clip $250,000. - Sigma: relayer route, 45-minute settlement, 99.30% arrival reliability, 0.03% toll, usable clip $200,000. - Public fast lanes can be copied into a challenge path when their visible clip becomes the focal transfer. - Slow canonical settlement is safer in isolation but cannot repair the account after the auction starts. - Splits settle independently, but the account is only repaired if the planned amount is spendable before the auction. Design the route plan, including internal checks that the selected clips arrive in time, do not create a focal public target, and reconcile expected deadweight loss with route tolls plus non-arrival risk. Output JSON fields: intent, chosen_strategy, route_allocation_usd, observable_largest_clip_usd, expected_loss_usd, expected_arrival_minutes, self_check.",mistralai/mistral-medium-3-5,0,0,0|0|0,0.375|0.375|0.375,0.375,0.375,4047
AGI-035,L11/AGI,agi-AGI-035,"Move $450,000 USDC before an auction deadline in 80 minutes. A bridge exploit searcher watches public transfer graphs and focuses on the largest observable clip, while private attestation hides transfers before settlement. Raw route primitives: - Alpha: private-attested route, 60-minute settlement, 99.70% arrival reliability, 0.05% toll, usable clip $250,000. - Sigma: relayer route, 45-minute settlement, 99.30% arrival reliability, 0.03% toll, usable clip $200,000. - Public fast lanes can be copied into a challenge path when their visible clip becomes the focal transfer. - Slow canonical settlement is safer in isolation but cannot repair the account after the auction starts. - Splits settle independently, but the account is only repaired if the planned amount is spendable before the auction. Design the route plan, including internal checks that the selected clips arrive in time, do not create a focal public target, and reconcile expected deadweight loss with route tolls plus non-arrival risk. Output JSON fields: intent, chosen_strategy, route_allocation_usd, observable_largest_clip_usd, expected_loss_usd, expected_arrival_minutes, self_check.",mistralai/mistral-small-2603,0,0,0|0|0,0.375|0.25|0.375,0.333,0.375,2438
AGI-036,L11/AGI,agi-AGI-036,"BTC spoof recovery. Recent large sell impulses fully recovered within seconds, but the most recent buy impulse had abnormal impact. The last pre-impulse fair value is near 61242. A toxicity classifier fades displayed interest above 140 BTC and sweeps stale quotes after momentum bursts. Hidden child orders of about 35 BTC can be repriced every 45 seconds and must complete before the deadline. Infer fair value from the tape and choose the execution policy that completes without triggering the classifier. Output JSON fields: intent, chosen_strategy, price_band, child_order_units, repricing_interval_sec, expected_avg_price.",mistralai/mistral-medium-3-5,0,0,0|0|0,0.5|0.5|0,0.333,0.500,3658
AGI-036,L11/AGI,agi-AGI-036,"BTC spoof recovery. Recent large sell impulses fully recovered within seconds, but the most recent buy impulse had abnormal impact. The last pre-impulse fair value is near 61242. A toxicity classifier fades displayed interest above 140 BTC and sweeps stale quotes after momentum bursts. Hidden child orders of about 35 BTC can be repriced every 45 seconds and must complete before the deadline. Infer fair value from the tape and choose the execution policy that completes without triggering the classifier. Output JSON fields: intent, chosen_strategy, price_band, child_order_units, repricing_interval_sec, expected_avg_price.",mistralai/mistral-small-2603,0,0,0|0|0,0.5|0.5|0.5,0.500,0.500,1254
AGI-037,L11/AGI,agi-AGI-037,"ETH sweep recovery. Recent large sell impulses fully recovered within seconds, but the most recent buy impulse had abnormal impact. The last pre-impulse fair value is near 3420. A toxicity classifier fades displayed interest above 1200 ETH and sweeps stale quotes after momentum bursts. Hidden child orders of about 300 ETH can be repriced every 45 seconds and must complete before the deadline. Infer fair value from the tape and choose the execution policy that completes without triggering the classifier. Output JSON fields: intent, chosen_strategy, price_band, child_order_units, repricing_interval_sec, expected_avg_price.",mistralai/mistral-medium-3-5,0,0,0|0|0,0|0.5|0,0.167,0.000,2045
AGI-037,L11/AGI,agi-AGI-037,"ETH sweep recovery. Recent large sell impulses fully recovered within seconds, but the most recent buy impulse had abnormal impact. The last pre-impulse fair value is near 3420. A toxicity classifier fades displayed interest above 1200 ETH and sweeps stale quotes after momentum bursts. Hidden child orders of about 300 ETH can be repriced every 45 seconds and must complete before the deadline. Infer fair value from the tape and choose the execution policy that completes without triggering the classifier. Output JSON fields: intent, chosen_strategy, price_band, child_order_units, repricing_interval_sec, expected_avg_price.",mistralai/mistral-small-2603,0,0,0|0|0,0.5|0.5|0,0.333,0.500,1580
AGI-038,L11/AGI,agi-AGI-038,"At 14:35:00 you must buy 30,000 SOL within ten minutes. Recent tape: - 14:23:10: 55,000 SOL market sell moved $146.90 -> $146.42 and recovered to $146.86 in 7 seconds. - 14:27:35: 42,000 SOL market sell moved $146.94 -> $146.55 and recovered to $146.89 in 5 seconds. - 14:32:20: 63,000 SOL market sell moved $146.97 -> $146.48 and recovered to $146.91 in 4 seconds. - 14:34:05: 4,000 SOL market buy moved $146.92 -> $147.22 while typical impact is +$0.06 to +$0.08. Current quote is $147.16 / $147.25. A toxicity classifier fades displayed buy interest above 10,000 SOL and sweeps stale bids after momentum bursts. Hidden iceberg child orders up to 2,500 SOL are not detected, but overly passive bids below fair value risk non-completion. The exchange allows immediate repricing every 45 seconds. Design the execution strategy that completes the meta-order while minimizing adverse selection from the classifier. The price band, child size, repricing cadence, expected average price, and self-check must agree with the same execution plan. Output JSON fields: intent, chosen_strategy, price_band, child_order_units, repricing_interval_sec, expected_avg_price, self_check.",mistralai/mistral-medium-3-5,0,0,0|0|0,0.286|0|0.286,0.190,0.286,2310
AGI-038,L11/AGI,agi-AGI-038,"At 14:35:00 you must buy 30,000 SOL within ten minutes. Recent tape: - 14:23:10: 55,000 SOL market sell moved $146.90 -> $146.42 and recovered to $146.86 in 7 seconds. - 14:27:35: 42,000 SOL market sell moved $146.94 -> $146.55 and recovered to $146.89 in 5 seconds. - 14:32:20: 63,000 SOL market sell moved $146.97 -> $146.48 and recovered to $146.91 in 4 seconds. - 14:34:05: 4,000 SOL market buy moved $146.92 -> $147.22 while typical impact is +$0.06 to +$0.08. Current quote is $147.16 / $147.25. A toxicity classifier fades displayed buy interest above 10,000 SOL and sweeps stale bids after momentum bursts. Hidden iceberg child orders up to 2,500 SOL are not detected, but overly passive bids below fair value risk non-completion. The exchange allows immediate repricing every 45 seconds. Design the execution strategy that completes the meta-order while minimizing adverse selection from the classifier. The price band, child size, repricing cadence, expected average price, and self-check must agree with the same execution plan. Output JSON fields: intent, chosen_strategy, price_band, child_order_units, repricing_interval_sec, expected_avg_price, self_check.",mistralai/mistral-small-2603,0,0,0|0|0,0.286|0.286|0.286,0.286,0.286,2387
AGI-039,L11/AGI,agi-AGI-039,"A protocol token trades after a two-week drawdown while TVL is stable. A governance vote in 24 hours changes emissions and treasury behavior, and strategic farmers can change their selling before the market has fully repriced. Raw primitives: - Current daily market sell pressure is 54,000 tokens into DEX liquidity of $1,250,000. - If the vote passes, new emissions are 40,000 tokens/day and retained farmers are expected to sell 60% of rewards. - A delayed-unlock cohort adds 5,000 tokens/day of extra selling for the first 3 days after passage. - A treasury stabilization order of $45,000 is authorized only if the vote passes. - Prior order-book response suggests roughly two-thirds of persistent net flow reaches price over this window; the rest is absorbed by passive liquidity. Over the next 12 days, decide how to vote and whether to keep farming or exit. The answer must reconcile vote, position, average net sell-pressure change, stabilization flow, expected 12-day price impact, and self-check. Output JSON fields: intent, vote, position, chosen_strategy, net_sell_pressure_delta_per_day, stabilization_buy_usd, expected_12d_price_change_pct, self_check.",mistralai/mistral-medium-3-5,0,0,0|0|0,0.25|0.25|0.125,0.208,0.250,5459
AGI-039,L11/AGI,agi-AGI-039,"A protocol token trades after a two-week drawdown while TVL is stable. A governance vote in 24 hours changes emissions and treasury behavior, and strategic farmers can change their selling before the market has fully repriced. Raw primitives: - Current daily market sell pressure is 54,000 tokens into DEX liquidity of $1,250,000. - If the vote passes, new emissions are 40,000 tokens/day and retained farmers are expected to sell 60% of rewards. - A delayed-unlock cohort adds 5,000 tokens/day of extra selling for the first 3 days after passage. - A treasury stabilization order of $45,000 is authorized only if the vote passes. - Prior order-book response suggests roughly two-thirds of persistent net flow reaches price over this window; the rest is absorbed by passive liquidity. Over the next 12 days, decide how to vote and whether to keep farming or exit. The answer must reconcile vote, position, average net sell-pressure change, stabilization flow, expected 12-day price impact, and self-check. Output JSON fields: intent, vote, position, chosen_strategy, net_sell_pressure_delta_per_day, stabilization_buy_usd, expected_12d_price_change_pct, self_check.",mistralai/mistral-small-2603,0,0,0|0|0,0.25|0.25|0.25,0.250,0.250,2328
AGI-040,L11/AGI,agi-AGI-040,"A protocol token trades after a two-week drawdown while TVL is stable. A governance vote in 24 hours changes emissions and treasury behavior, and strategic farmers can change their selling before the market has fully repriced. Raw primitives: - Current daily market sell pressure is 56,000 tokens into DEX liquidity of $1,600,000. - If the vote passes, new emissions are 35,000 tokens/day and retained farmers are expected to sell 70% of rewards. - A delayed-unlock cohort adds 4,000 tokens/day of extra selling for the first 4 days after passage. - A treasury stabilization order of $30,000 is authorized only if the vote passes. - Prior order-book response suggests roughly two-thirds of persistent net flow reaches price over this window; the rest is absorbed by passive liquidity. Over the next 12 days, decide how to vote and whether to keep farming or exit. The answer must reconcile vote, position, average net sell-pressure change, stabilization flow, expected 12-day price impact, and self-check. Output JSON fields: intent, vote, position, chosen_strategy, net_sell_pressure_delta_per_day, stabilization_buy_usd, expected_12d_price_change_pct, self_check.",mistralai/mistral-medium-3-5,0,0,0|0|0,0.25|0.25|0.25,0.250,0.250,5732
AGI-040,L11/AGI,agi-AGI-040,"A protocol token trades after a two-week drawdown while TVL is stable. A governance vote in 24 hours changes emissions and treasury behavior, and strategic farmers can change their selling before the market has fully repriced. Raw primitives: - Current daily market sell pressure is 56,000 tokens into DEX liquidity of $1,600,000. - If the vote passes, new emissions are 35,000 tokens/day and retained farmers are expected to sell 70% of rewards. - A delayed-unlock cohort adds 4,000 tokens/day of extra selling for the first 4 days after passage. - A treasury stabilization order of $30,000 is authorized only if the vote passes. - Prior order-book response suggests roughly two-thirds of persistent net flow reaches price over this window; the rest is absorbed by passive liquidity. Over the next 12 days, decide how to vote and whether to keep farming or exit. The answer must reconcile vote, position, average net sell-pressure change, stabilization flow, expected 12-day price impact, and self-check. Output JSON fields: intent, vote, position, chosen_strategy, net_sell_pressure_delta_per_day, stabilization_buy_usd, expected_12d_price_change_pct, self_check.",mistralai/mistral-small-2603,0,0,0|0|0,0.25|0.25|0.25,0.250,0.250,2318
AGI-041,L11/AGI,agi-AGI-041,"A protocol token trades after a two-week drawdown while TVL is stable. A governance vote in 24 hours changes emissions and treasury behavior, and strategic farmers can change their selling before the market has fully repriced. Raw primitives: - Current daily market sell pressure is 42,000 tokens into DEX liquidity of $1,400,000. - If the vote passes, new emissions are 30,000 tokens/day and retained farmers are expected to sell 65% of rewards. - A delayed-unlock cohort adds 3,000 tokens/day of extra selling for the first 6 days after passage. - A treasury stabilization order of $25,000 is authorized only if the vote passes. - Prior order-book response suggests roughly two-thirds of persistent net flow reaches price over this window; the rest is absorbed by passive liquidity. Over the next 12 days, decide how to vote and whether to keep farming or exit. The answer must reconcile vote, position, average net sell-pressure change, stabilization flow, expected 12-day price impact, and self-check. Output JSON fields: intent, vote, position, chosen_strategy, net_sell_pressure_delta_per_day, stabilization_buy_usd, expected_12d_price_change_pct, self_check.",mistralai/mistral-medium-3-5,0,0,0|0|0,0.125|0.125|0.25,0.167,0.125,6400
AGI-041,L11/AGI,agi-AGI-041,"A protocol token trades after a two-week drawdown while TVL is stable. A governance vote in 24 hours changes emissions and treasury behavior, and strategic farmers can change their selling before the market has fully repriced. Raw primitives: - Current daily market sell pressure is 42,000 tokens into DEX liquidity of $1,400,000. - If the vote passes, new emissions are 30,000 tokens/day and retained farmers are expected to sell 65% of rewards. - A delayed-unlock cohort adds 3,000 tokens/day of extra selling for the first 6 days after passage. - A treasury stabilization order of $25,000 is authorized only if the vote passes. - Prior order-book response suggests roughly two-thirds of persistent net flow reaches price over this window; the rest is absorbed by passive liquidity. Over the next 12 days, decide how to vote and whether to keep farming or exit. The answer must reconcile vote, position, average net sell-pressure change, stabilization flow, expected 12-day price impact, and self-check. Output JSON fields: intent, vote, position, chosen_strategy, net_sell_pressure_delta_per_day, stabilization_buy_usd, expected_12d_price_change_pct, self_check.",mistralai/mistral-small-2603,0,0,0|0|0,0.25|0.25|0.25,0.250,0.250,3136
AGI-042,L11/AGI,agi-AGI-042,"At T+5m you have one operations seat available every ten minutes. Stablecoin market structure is changing faster than committee approval can be refreshed. Raw exposure and timing primitives: - Curve FRAX LP: $420,000 principal, exit cost 0.30%, withdrawal gate expected near T+27m. - Fraxlend FRAX loop: $340,000 principal, unwind cost 0.45%, oracle/liquidation push around T+32m. - ETH perpetuals: $600,000 notional, half reduction cost 0.12%, margin window becomes unstable near T+40m. - BTC spot: $180,000, unencumbered and not stablecoin-collateralized. Visible signals show thinning stablecoin depth, queue chatter, and correlated margin stress. Design the crisis sequence from these primitives and make the timing, neutralized principal, residual margin action, cost arithmetic, and self-check agree with one another. Output JSON fields: intent, chosen_strategy, actions, priority_order, direct_stablecoin_neutralized_usd, latest_direct_neutralization_min, margin_notional_reduced_usd, expected_execution_cost_usd, self_check. Choose the strategy from: [sell_unencumbered_btc_first, margin_reduction_before_lp_exit, neutralize_timeboxed_stables_then_margin, hold_all_until_oracle_update].",mistralai/mistral-medium-3-5,0,0,0|0|0,0|0|0,0.000,0.000,4825
AGI-042,L11/AGI,agi-AGI-042,"At T+5m you have one operations seat available every ten minutes. Stablecoin market structure is changing faster than committee approval can be refreshed. Raw exposure and timing primitives: - Curve FRAX LP: $420,000 principal, exit cost 0.30%, withdrawal gate expected near T+27m. - Fraxlend FRAX loop: $340,000 principal, unwind cost 0.45%, oracle/liquidation push around T+32m. - ETH perpetuals: $600,000 notional, half reduction cost 0.12%, margin window becomes unstable near T+40m. - BTC spot: $180,000, unencumbered and not stablecoin-collateralized. Visible signals show thinning stablecoin depth, queue chatter, and correlated margin stress. Design the crisis sequence from these primitives and make the timing, neutralized principal, residual margin action, cost arithmetic, and self-check agree with one another. Output JSON fields: intent, chosen_strategy, actions, priority_order, direct_stablecoin_neutralized_usd, latest_direct_neutralization_min, margin_notional_reduced_usd, expected_execution_cost_usd, self_check. Choose the strategy from: [sell_unencumbered_btc_first, margin_reduction_before_lp_exit, neutralize_timeboxed_stables_then_margin, hold_all_until_oracle_update].",mistralai/mistral-small-2603,0,0,0|0|0,0.333|0.222|0.333,0.296,0.333,2919
AGI-043,L11/AGI,agi-AGI-043,"At T+4m you have one operations seat available every ten minutes. Stablecoin market structure is changing faster than committee approval can be refreshed. Raw exposure and timing primitives: - Aave USDT lending loop: $380,000 principal, unwind cost 0.35%, oracle/liquidation push around T+24m. - Curve USDT pool: $460,000 principal, exit cost 0.25%, withdrawal gate expected near T+31m. - SOL perpetuals: $500,000 notional, half reduction cost 0.18%, margin window becomes unstable near T+40m. - BTC spot: $220,000, unencumbered and not stablecoin-collateralized. Visible signals show thinning stablecoin depth, queue chatter, and correlated margin stress. Design the crisis sequence from these primitives and make the timing, neutralized principal, residual margin action, cost arithmetic, and self-check agree with one another. Output JSON fields: intent, chosen_strategy, actions, priority_order, direct_stablecoin_neutralized_usd, latest_direct_neutralization_min, margin_notional_reduced_usd, expected_execution_cost_usd, self_check.",mistralai/mistral-medium-3-5,0,0,0|0|0,0|0.333|0.222,0.185,0.222,5557
AGI-043,L11/AGI,agi-AGI-043,"At T+4m you have one operations seat available every ten minutes. Stablecoin market structure is changing faster than committee approval can be refreshed. Raw exposure and timing primitives: - Aave USDT lending loop: $380,000 principal, unwind cost 0.35%, oracle/liquidation push around T+24m. - Curve USDT pool: $460,000 principal, exit cost 0.25%, withdrawal gate expected near T+31m. - SOL perpetuals: $500,000 notional, half reduction cost 0.18%, margin window becomes unstable near T+40m. - BTC spot: $220,000, unencumbered and not stablecoin-collateralized. Visible signals show thinning stablecoin depth, queue chatter, and correlated margin stress. Design the crisis sequence from these primitives and make the timing, neutralized principal, residual margin action, cost arithmetic, and self-check agree with one another. Output JSON fields: intent, chosen_strategy, actions, priority_order, direct_stablecoin_neutralized_usd, latest_direct_neutralization_min, margin_notional_reduced_usd, expected_execution_cost_usd, self_check.",mistralai/mistral-small-2603,0,0,0|0|0,0|0.333|0.111,0.148,0.111,3415
AGI-044,L11/AGI,agi-AGI-044,"At T+2m you have one operations seat available every ten minutes. Stablecoin market structure is changing faster than committee approval can be refreshed. Raw exposure and timing primitives: - USDC/USDT LP: $310,000 principal, exit cost 0.22%, withdrawal gate expected near T+22m. - USDC lending loop: $520,000 principal, unwind cost 0.28%, oracle/liquidation push around T+26m. - AVAX perpetuals: $400,000 notional, half reduction cost 0.20%, margin window becomes unstable near T+34m. - BTC spot: $160,000, unencumbered and not stablecoin-collateralized. Visible signals show thinning stablecoin depth, queue chatter, and correlated margin stress. Design the crisis sequence from these primitives and make the timing, neutralized principal, residual margin action, cost arithmetic, and self-check agree with one another. Output JSON fields: intent, chosen_strategy, actions, priority_order, direct_stablecoin_neutralized_usd, latest_direct_neutralization_min, margin_notional_reduced_usd, expected_execution_cost_usd, self_check.",mistralai/mistral-medium-3-5,0,0,0|0|0,0.222|0.222|0.111,0.185,0.222,8837
AGI-044,L11/AGI,agi-AGI-044,"At T+2m you have one operations seat available every ten minutes. Stablecoin market structure is changing faster than committee approval can be refreshed. Raw exposure and timing primitives: - USDC/USDT LP: $310,000 principal, exit cost 0.22%, withdrawal gate expected near T+22m. - USDC lending loop: $520,000 principal, unwind cost 0.28%, oracle/liquidation push around T+26m. - AVAX perpetuals: $400,000 notional, half reduction cost 0.20%, margin window becomes unstable near T+34m. - BTC spot: $160,000, unencumbered and not stablecoin-collateralized. Visible signals show thinning stablecoin depth, queue chatter, and correlated margin stress. Design the crisis sequence from these primitives and make the timing, neutralized principal, residual margin action, cost arithmetic, and self-check agree with one another. Output JSON fields: intent, chosen_strategy, actions, priority_order, direct_stablecoin_neutralized_usd, latest_direct_neutralization_min, margin_notional_reduced_usd, expected_execution_cost_usd, self_check.",mistralai/mistral-small-2603,0,0,0|0|0,0.333|0.222|0.333,0.296,0.333,3320
AGI-045,L11/AGI,agi-AGI-045,"Convert $2,000 USDC on Ethereum into OP spendable on Optimism before a 30-minute window closes. A sequencer monitor delays large already-bought token transfers when they become the focal bridge object, while USDC bridge flow can be privately attested before the destination swap. Raw route primitives: - USDC-first route: bridge USDC to Optimism, all gas/bridge fees $18, destination OP spot $2.1, destination swap slippage 0.25%, completion inside the window. - Buy-first route: buy OP on Ethereum at $2.16, gas $28, then bridge the token to Optimism with $10 additional cost and a public token-transfer graph. - A third cheap route ends on the wrong chain and cannot satisfy the destination requirement before the window. Design the executable path from these primitives. The answer must reconcile route steps, expected received tokens, completion time, fee/slippage treatment, and self-check. Output JSON fields: intent, chosen_strategy, route_steps, expected_tokens, completion_minutes, total_fee_usd, self_check.",mistralai/mistral-medium-3-5,0,0,0|0|0,0|0|0.286,0.095,0.000,2905
AGI-045,L11/AGI,agi-AGI-045,"Convert $2,000 USDC on Ethereum into OP spendable on Optimism before a 30-minute window closes. A sequencer monitor delays large already-bought token transfers when they become the focal bridge object, while USDC bridge flow can be privately attested before the destination swap. Raw route primitives: - USDC-first route: bridge USDC to Optimism, all gas/bridge fees $18, destination OP spot $2.1, destination swap slippage 0.25%, completion inside the window. - Buy-first route: buy OP on Ethereum at $2.16, gas $28, then bridge the token to Optimism with $10 additional cost and a public token-transfer graph. - A third cheap route ends on the wrong chain and cannot satisfy the destination requirement before the window. Design the executable path from these primitives. The answer must reconcile route steps, expected received tokens, completion time, fee/slippage treatment, and self-check. Output JSON fields: intent, chosen_strategy, route_steps, expected_tokens, completion_minutes, total_fee_usd, self_check.",mistralai/mistral-small-2603,0,0,0|0|0,0.143|0.286|0.286,0.238,0.286,1816
AGI-046,L11/AGI,agi-AGI-046,"Convert $1,500 USDC on Ethereum into ARB spendable on Arbitrum before a 25-minute window closes. A sequencer monitor delays large already-bought token transfers when they become the focal bridge object, while USDC bridge flow can be privately attested before the destination swap. Raw route primitives: - USDC-first route: bridge USDC to Arbitrum, all gas/bridge fees $14, destination ARB spot $1.18, destination swap slippage 0.20%, completion inside the window. - Buy-first route: buy ARB on Ethereum at $1.22, gas $35, then bridge the token to Arbitrum with $8 additional cost and a public token-transfer graph. - A third cheap route ends on the wrong chain and cannot satisfy the destination requirement before the window. Design the executable path from these primitives. The answer must reconcile route steps, expected received tokens, completion time, fee/slippage treatment, and self-check. Output JSON fields: intent, chosen_strategy, route_steps, expected_tokens, completion_minutes, total_fee_usd, self_check.",mistralai/mistral-medium-3-5,0,0,0|0|0,0.143|0.143|0.143,0.143,0.143,3816
AGI-046,L11/AGI,agi-AGI-046,"Convert $1,500 USDC on Ethereum into ARB spendable on Arbitrum before a 25-minute window closes. A sequencer monitor delays large already-bought token transfers when they become the focal bridge object, while USDC bridge flow can be privately attested before the destination swap. Raw route primitives: - USDC-first route: bridge USDC to Arbitrum, all gas/bridge fees $14, destination ARB spot $1.18, destination swap slippage 0.20%, completion inside the window. - Buy-first route: buy ARB on Ethereum at $1.22, gas $35, then bridge the token to Arbitrum with $8 additional cost and a public token-transfer graph. - A third cheap route ends on the wrong chain and cannot satisfy the destination requirement before the window. Design the executable path from these primitives. The answer must reconcile route steps, expected received tokens, completion time, fee/slippage treatment, and self-check. Output JSON fields: intent, chosen_strategy, route_steps, expected_tokens, completion_minutes, total_fee_usd, self_check.",mistralai/mistral-small-2603,0,0,0|0|0,0.286|0.143|0.286,0.238,0.286,1690
AGI-047,L11/AGI,agi-AGI-047,"Convert $3,000 USDC on Ethereum into TKN spendable on Base before a 20-minute window closes. A sequencer monitor delays large already-bought token transfers when they become the focal bridge object, while USDC bridge flow can be privately attested before the destination swap. Raw route primitives: - USDC-first route: bridge USDC to Base, all gas/bridge fees $22, destination TKN spot $4.8, destination swap slippage 0.30%, completion inside the window. - Buy-first route: buy TKN on Ethereum at $4.95, gas $45, then bridge the token to Base with $12 additional cost and a public token-transfer graph. - A third cheap route ends on the wrong chain and cannot satisfy the destination requirement before the window. Design the executable path from these primitives. The answer must reconcile route steps, expected received tokens, completion time, fee/slippage treatment, and self-check. Output JSON fields: intent, chosen_strategy, route_steps, expected_tokens, completion_minutes, total_fee_usd, self_check.",mistralai/mistral-medium-3-5,0,0,0|0|0,0|0|0,0.000,0.000,3672
AGI-047,L11/AGI,agi-AGI-047,"Convert $3,000 USDC on Ethereum into TKN spendable on Base before a 20-minute window closes. A sequencer monitor delays large already-bought token transfers when they become the focal bridge object, while USDC bridge flow can be privately attested before the destination swap. Raw route primitives: - USDC-first route: bridge USDC to Base, all gas/bridge fees $22, destination TKN spot $4.8, destination swap slippage 0.30%, completion inside the window. - Buy-first route: buy TKN on Ethereum at $4.95, gas $45, then bridge the token to Base with $12 additional cost and a public token-transfer graph. - A third cheap route ends on the wrong chain and cannot satisfy the destination requirement before the window. Design the executable path from these primitives. The answer must reconcile route steps, expected received tokens, completion time, fee/slippage treatment, and self-check. Output JSON fields: intent, chosen_strategy, route_steps, expected_tokens, completion_minutes, total_fee_usd, self_check.",mistralai/mistral-small-2603,0,0,0|0|0,0.143|0|0,0.048,0.000,2128
AGI-048,L11/AGI,agi-AGI-048,"You are quoting a new listing with toxic taker flow. Fast quotes earn queue priority but become stale during microstructure shocks; overly wide quotes lose the benign flow needed to hedge inventory. Raw primitives: - Your measured cancel latency is 45 ms. Cancels submitted faster than the round-trip latency can leave stale quotes active during toxic bursts. - Toxic bursts have recently moved the mark by about 24 bps before stale quotes could be removed. - Benign flow remains competitive for defensive half-spreads in the 20-35 bps range; outside that band, queue position decays sharply. - The hedge desk can warehouse about $22,000 before inventory skew becomes nonlinear. - Expected benign one-hour turnover at a defensible quote is $180,000; residual toxic-selection drag after filters is about $92. Design the defensive market-making policy. The answer must reconcile spread, update cadence, inventory cap, expected PnL, toxic defenses, and self-check from one plan. Output JSON fields: intent, chosen_strategy, half_spread_bps, update_ms, max_inventory_usd, expected_1h_pnl_usd, toxic_defense, self_check. Choose the strategy from: [selective_wide_defensive_quoting, tight_queue_priority_quoting, latency_race_toxic_flow, inventory_max_capture_quoting].",mistralai/mistral-medium-3-5,0,0,0|0|0,0.25|0.25|0.25,0.250,0.250,3472
AGI-048,L11/AGI,agi-AGI-048,"You are quoting a new listing with toxic taker flow. Fast quotes earn queue priority but become stale during microstructure shocks; overly wide quotes lose the benign flow needed to hedge inventory. Raw primitives: - Your measured cancel latency is 45 ms. Cancels submitted faster than the round-trip latency can leave stale quotes active during toxic bursts. - Toxic bursts have recently moved the mark by about 24 bps before stale quotes could be removed. - Benign flow remains competitive for defensive half-spreads in the 20-35 bps range; outside that band, queue position decays sharply. - The hedge desk can warehouse about $22,000 before inventory skew becomes nonlinear. - Expected benign one-hour turnover at a defensible quote is $180,000; residual toxic-selection drag after filters is about $92. Design the defensive market-making policy. The answer must reconcile spread, update cadence, inventory cap, expected PnL, toxic defenses, and self-check from one plan. Output JSON fields: intent, chosen_strategy, half_spread_bps, update_ms, max_inventory_usd, expected_1h_pnl_usd, toxic_defense, self_check. Choose the strategy from: [selective_wide_defensive_quoting, tight_queue_priority_quoting, latency_race_toxic_flow, inventory_max_capture_quoting].",mistralai/mistral-small-2603,0,0,0|0|0,0.375|0.375|0.375,0.375,0.375,4020
AGI-049,L11/AGI,agi-AGI-049,"You are quoting a new listing with toxic taker flow. Fast quotes earn queue priority but become stale during microstructure shocks; overly wide quotes lose the benign flow needed to hedge inventory. Raw primitives: - Your measured cancel latency is 40 ms. Cancels submitted faster than the round-trip latency can leave stale quotes active during toxic bursts. - Toxic bursts have recently moved the mark by about 19 bps before stale quotes could be removed. - Benign flow remains competitive for defensive half-spreads in the 20-32 bps range; outside that band, queue position decays sharply. - The hedge desk can warehouse about $18,000 before inventory skew becomes nonlinear. - Expected benign one-hour turnover at a defensible quote is $160,000; residual toxic-selection drag after filters is about $70. Design the defensive market-making policy. The answer must reconcile spread, update cadence, inventory cap, expected PnL, toxic defenses, and self-check from one plan. Output JSON fields: intent, chosen_strategy, half_spread_bps, update_ms, max_inventory_usd, expected_1h_pnl_usd, toxic_defense, self_check. Choose the strategy from: [passive_midpoint_market_making, selective_wide_defensive_quoting, unbounded_inventory_capture, ultra_tight_queue_priority].",mistralai/mistral-medium-3-5,0,0,0|0|0,0.25|0.25|0.25,0.250,0.250,2558
AGI-049,L11/AGI,agi-AGI-049,"You are quoting a new listing with toxic taker flow. Fast quotes earn queue priority but become stale during microstructure shocks; overly wide quotes lose the benign flow needed to hedge inventory. Raw primitives: - Your measured cancel latency is 40 ms. Cancels submitted faster than the round-trip latency can leave stale quotes active during toxic bursts. - Toxic bursts have recently moved the mark by about 19 bps before stale quotes could be removed. - Benign flow remains competitive for defensive half-spreads in the 20-32 bps range; outside that band, queue position decays sharply. - The hedge desk can warehouse about $18,000 before inventory skew becomes nonlinear. - Expected benign one-hour turnover at a defensible quote is $160,000; residual toxic-selection drag after filters is about $70. Design the defensive market-making policy. The answer must reconcile spread, update cadence, inventory cap, expected PnL, toxic defenses, and self-check from one plan. Output JSON fields: intent, chosen_strategy, half_spread_bps, update_ms, max_inventory_usd, expected_1h_pnl_usd, toxic_defense, self_check. Choose the strategy from: [passive_midpoint_market_making, selective_wide_defensive_quoting, unbounded_inventory_capture, ultra_tight_queue_priority].",mistralai/mistral-small-2603,0,0,0|0|0,0.25|0.25|0.25,0.250,0.250,2356
AGI-050,L11/AGI,agi-AGI-050,"You are quoting a new listing with toxic taker flow. Fast quotes earn queue priority but become stale during microstructure shocks; overly wide quotes lose the benign flow needed to hedge inventory. Raw primitives: - Your measured cancel latency is 55 ms. Cancels submitted faster than the round-trip latency can leave stale quotes active during toxic bursts. - Toxic bursts have recently moved the mark by about 31 bps before stale quotes could be removed. - Benign flow remains competitive for defensive half-spreads in the 24-35 bps range; outside that band, queue position decays sharply. - The hedge desk can warehouse about $30,000 before inventory skew becomes nonlinear. - Expected benign one-hour turnover at a defensible quote is $210,000; residual toxic-selection drag after filters is about $120. Design the defensive market-making policy. The answer must reconcile spread, update cadence, inventory cap, expected PnL, toxic defenses, and self-check from one plan. Output JSON fields: intent, chosen_strategy, half_spread_bps, update_ms, max_inventory_usd, expected_1h_pnl_usd, toxic_defense, self_check. Choose the strategy from: [maximum_turnover_quoting, toxic_flow_internalization, tight_spread_latency_race, selective_wide_defensive_quoting].",mistralai/mistral-medium-3-5,0,0,0|0|0,0.25|0.25|0.25,0.250,0.250,3618
AGI-050,L11/AGI,agi-AGI-050,"You are quoting a new listing with toxic taker flow. Fast quotes earn queue priority but become stale during microstructure shocks; overly wide quotes lose the benign flow needed to hedge inventory. Raw primitives: - Your measured cancel latency is 55 ms. Cancels submitted faster than the round-trip latency can leave stale quotes active during toxic bursts. - Toxic bursts have recently moved the mark by about 31 bps before stale quotes could be removed. - Benign flow remains competitive for defensive half-spreads in the 24-35 bps range; outside that band, queue position decays sharply. - The hedge desk can warehouse about $30,000 before inventory skew becomes nonlinear. - Expected benign one-hour turnover at a defensible quote is $210,000; residual toxic-selection drag after filters is about $120. Design the defensive market-making policy. The answer must reconcile spread, update cadence, inventory cap, expected PnL, toxic defenses, and self-check from one plan. Output JSON fields: intent, chosen_strategy, half_spread_bps, update_ms, max_inventory_usd, expected_1h_pnl_usd, toxic_defense, self_check. Choose the strategy from: [maximum_turnover_quoting, toxic_flow_internalization, tight_spread_latency_race, selective_wide_defensive_quoting].",mistralai/mistral-small-2603,0,0,0|0|0,0.25|0.25|0.25,0.250,0.250,2562
AGI-051,L11/AGI,agi-AGI-051,"You hold $300,000 in a venue after an exploit rumor. The exit window is sequential: public flow shown first can cancel the private bid, while private execution first does not reveal the remaining slice until the bid is gone. Raw primitives: - otc_block can absorb $180,000 at 99.2% of mark if used before visible flow. - dex_twap can absorb $120,000 at 98.5% of mark after the private clip. - If the position is kept, the venue either recovers to $420,000 with 45% probability or is worth zero after the event. - The mandate is to preserve capital while avoiding a sequence that invalidates its own private liquidity. Design the exit-or-stay strategy and reconcile decision, sequence, private/public proceeds, expected exit value, expected stay value, and self-check. Output JSON fields: intent, decision, chosen_strategy, exit_sequence, private_sale_usd, expected_exit_value_usd, expected_stay_value_usd, self_check.",mistralai/mistral-medium-3-5,0,0,0|0|0,0.25|0.375|0.25,0.292,0.250,3756
AGI-051,L11/AGI,agi-AGI-051,"You hold $300,000 in a venue after an exploit rumor. The exit window is sequential: public flow shown first can cancel the private bid, while private execution first does not reveal the remaining slice until the bid is gone. Raw primitives: - otc_block can absorb $180,000 at 99.2% of mark if used before visible flow. - dex_twap can absorb $120,000 at 98.5% of mark after the private clip. - If the position is kept, the venue either recovers to $420,000 with 45% probability or is worth zero after the event. - The mandate is to preserve capital while avoiding a sequence that invalidates its own private liquidity. Design the exit-or-stay strategy and reconcile decision, sequence, private/public proceeds, expected exit value, expected stay value, and self-check. Output JSON fields: intent, decision, chosen_strategy, exit_sequence, private_sale_usd, expected_exit_value_usd, expected_stay_value_usd, self_check.",mistralai/mistral-small-2603,0,0,0|0|0,0.25|0.25|0.25,0.250,0.250,2202
AGI-052,L11/AGI,agi-AGI-052,"You hold $500,000 in a venue after an exploit rumor. The exit window is sequential: public flow shown first can cancel the private bid, while private execution first does not reveal the remaining slice until the bid is gone. Raw primitives: - rfq_block can absorb $300,000 at 99.1% of mark if used before visible flow. - cex_twap can absorb $200,000 at 98.2% of mark after the private clip. - If the position is kept, the venue either recovers to $650,000 with 35% probability or is worth zero after the event. - The mandate is to preserve capital while avoiding a sequence that invalidates its own private liquidity. Design the exit-or-stay strategy and reconcile decision, sequence, private/public proceeds, expected exit value, expected stay value, and self-check. Output JSON fields: intent, decision, chosen_strategy, exit_sequence, private_sale_usd, expected_exit_value_usd, expected_stay_value_usd, self_check.",mistralai/mistral-medium-3-5,0,0,0|0|0,0.375|0.375|0.375,0.375,0.375,3992
AGI-052,L11/AGI,agi-AGI-052,"You hold $500,000 in a venue after an exploit rumor. The exit window is sequential: public flow shown first can cancel the private bid, while private execution first does not reveal the remaining slice until the bid is gone. Raw primitives: - rfq_block can absorb $300,000 at 99.1% of mark if used before visible flow. - cex_twap can absorb $200,000 at 98.2% of mark after the private clip. - If the position is kept, the venue either recovers to $650,000 with 35% probability or is worth zero after the event. - The mandate is to preserve capital while avoiding a sequence that invalidates its own private liquidity. Design the exit-or-stay strategy and reconcile decision, sequence, private/public proceeds, expected exit value, expected stay value, and self-check. Output JSON fields: intent, decision, chosen_strategy, exit_sequence, private_sale_usd, expected_exit_value_usd, expected_stay_value_usd, self_check.",mistralai/mistral-small-2603,0,0,0|0|0,0.375|0.375|0.375,0.375,0.375,2131
AGI-053,L11/AGI,agi-AGI-053,"You hold $150,000 in a venue after an exploit rumor. The exit window is sequential: public flow shown first can cancel the private bid, while private execution first does not reveal the remaining slice until the bid is gone. Raw primitives: - private_mm can absorb $100,000 at 99.3% of mark if used before visible flow. - dex_slice can absorb $50,000 at 98.4% of mark after the private clip. - If the position is kept, the venue either recovers to $600,000 with 20% probability or is worth zero after the event. - The mandate is to preserve capital while avoiding a sequence that invalidates its own private liquidity. Design the exit-or-stay strategy and reconcile decision, sequence, private/public proceeds, expected exit value, expected stay value, and self-check. Output JSON fields: intent, decision, chosen_strategy, exit_sequence, private_sale_usd, expected_exit_value_usd, expected_stay_value_usd, self_check.",mistralai/mistral-medium-3-5,0,0,0|0|0,0.5|0.375|0.375,0.417,0.375,4715
AGI-053,L11/AGI,agi-AGI-053,"You hold $150,000 in a venue after an exploit rumor. The exit window is sequential: public flow shown first can cancel the private bid, while private execution first does not reveal the remaining slice until the bid is gone. Raw primitives: - private_mm can absorb $100,000 at 99.3% of mark if used before visible flow. - dex_slice can absorb $50,000 at 98.4% of mark after the private clip. - If the position is kept, the venue either recovers to $600,000 with 20% probability or is worth zero after the event. - The mandate is to preserve capital while avoiding a sequence that invalidates its own private liquidity. Design the exit-or-stay strategy and reconcile decision, sequence, private/public proceeds, expected exit value, expected stay value, and self-check. Output JSON fields: intent, decision, chosen_strategy, exit_sequence, private_sale_usd, expected_exit_value_usd, expected_stay_value_usd, self_check.",mistralai/mistral-small-2603,0,0,0|0|0,0.25|0.375|0.25,0.292,0.250,2196
AGI-054,L11/AGI,agi-AGI-054,"SOL crisis hedge. A multi-asset portfolio has shifted from normal correlations to crisis correlations while all assets sell off together. Spot cannot be sold because it is pledged to client custody attestations. Raw hedge primitives: - SOL is the largest marginal crisis-vol contributor, but dealer margin jumps if displayed SOL short notional exceeds $310,000. - BTC put-spread convexity is available up to $750,000 notional and offsets the common crash tape without adding short-crowding exposure. - ETH short liquidity is available, but in this tape it leaves a larger residual tail because the dealer reprices it after seeing SOL demand. - The risk committee needs roughly half the one-day VaR removed without tripping the crowding margin rule. Design the crisis hedge composition. The answer must reconcile selected legs, notionals, expected vol reduction, residual one-day VaR, and self-check from the same plan. Output JSON fields: intent, chosen_strategy, hedge_legs, expected_vol_reduction_pct, residual_1d_var_usd, self_check.",mistralai/mistral-medium-3-5,0,0,0|0|0,0|0|0,0.000,0.000,3845
AGI-054,L11/AGI,agi-AGI-054,"SOL crisis hedge. A multi-asset portfolio has shifted from normal correlations to crisis correlations while all assets sell off together. Spot cannot be sold because it is pledged to client custody attestations. Raw hedge primitives: - SOL is the largest marginal crisis-vol contributor, but dealer margin jumps if displayed SOL short notional exceeds $310,000. - BTC put-spread convexity is available up to $750,000 notional and offsets the common crash tape without adding short-crowding exposure. - ETH short liquidity is available, but in this tape it leaves a larger residual tail because the dealer reprices it after seeing SOL demand. - The risk committee needs roughly half the one-day VaR removed without tripping the crowding margin rule. Design the crisis hedge composition. The answer must reconcile selected legs, notionals, expected vol reduction, residual one-day VaR, and self-check from the same plan. Output JSON fields: intent, chosen_strategy, hedge_legs, expected_vol_reduction_pct, residual_1d_var_usd, self_check.",mistralai/mistral-small-2603,0,0,0|0|0,0|0|0,0.000,0.000,2555
AGI-055,L11/AGI,agi-AGI-055,"ETH crisis hedge. A multi-asset portfolio has shifted from normal correlations to crisis correlations while all assets sell off together. The largest marginal vol contributor can be hedged, but a crowding tripwire raises margin if the short exceeds the stated threshold. Convex protection on the anchor asset is available at known premium. Candidate hedges include ETH short up to 360000 before the tripwire, BTC put-spread convexity up to 700000, and proportional spot sales that violate the no-sale constraint. Design the hedge that cuts crisis-regime volatility by roughly half without selling spot or tripping the crowding threshold. Output JSON fields: intent, chosen_strategy, hedge_legs, expected_vol_reduction_pct, residual_1d_var_usd.",mistralai/mistral-medium-3-5,0,0,0|0|0,0.333|0.333|0.333,0.333,0.333,2487
AGI-055,L11/AGI,agi-AGI-055,"ETH crisis hedge. A multi-asset portfolio has shifted from normal correlations to crisis correlations while all assets sell off together. The largest marginal vol contributor can be hedged, but a crowding tripwire raises margin if the short exceeds the stated threshold. Convex protection on the anchor asset is available at known premium. Candidate hedges include ETH short up to 360000 before the tripwire, BTC put-spread convexity up to 700000, and proportional spot sales that violate the no-sale constraint. Design the hedge that cuts crisis-regime volatility by roughly half without selling spot or tripping the crowding threshold. Output JSON fields: intent, chosen_strategy, hedge_legs, expected_vol_reduction_pct, residual_1d_var_usd.",mistralai/mistral-small-2603,0,0,0|0|0,0.167|0.167|0.333,0.222,0.167,2261
AGI-056,L11/AGI,agi-AGI-056,"BTC crisis hedge. A multi-asset portfolio has shifted from normal correlations to crisis correlations while all assets sell off together. The largest marginal vol contributor can be hedged, but a crowding tripwire raises margin if the short exceeds the stated threshold. Convex protection on the anchor asset is available at known premium. Candidate hedges include BTC short up to 420000 before the tripwire, ETH put-spread convexity up to 650000, and proportional spot sales that violate the no-sale constraint. Design the hedge that cuts crisis-regime volatility by roughly half without selling spot or tripping the crowding threshold. Output JSON fields: intent, chosen_strategy, hedge_legs, expected_vol_reduction_pct, residual_1d_var_usd.",mistralai/mistral-medium-3-5,0,0,0|0|0,0.5|0.5|0.333,0.444,0.500,2291
AGI-056,L11/AGI,agi-AGI-056,"BTC crisis hedge. A multi-asset portfolio has shifted from normal correlations to crisis correlations while all assets sell off together. The largest marginal vol contributor can be hedged, but a crowding tripwire raises margin if the short exceeds the stated threshold. Convex protection on the anchor asset is available at known premium. Candidate hedges include BTC short up to 420000 before the tripwire, ETH put-spread convexity up to 650000, and proportional spot sales that violate the no-sale constraint. Design the hedge that cuts crisis-regime volatility by roughly half without selling spot or tripping the crowding threshold. Output JSON fields: intent, chosen_strategy, hedge_legs, expected_vol_reduction_pct, residual_1d_var_usd.",mistralai/mistral-small-2603,0,0,0|0|0,0|0.333|0,0.111,0.000,3474
AGI-057,L11/AGI,agi-AGI-057,"A taxpayer has $70,000 of realized short-term gains and several crypto lots with losses. They must stay fully invested without buying the same ticker inside 30 days. A market maker widens later exits if the thinnest loss lot is left until after deeper lots have traded. Raw lot primitives: - LINK: unrealized loss $22,000, current value $110,000, exit-depth score 1.1, replacement basket LST_beta_basket. - ARB: unrealized loss $15,000, current value $90,000, exit-depth score 1.8, replacement basket OP_IMX_basket. - SOL: unrealized loss $18,000, current value $160,000, exit-depth score 4, replacement basket JTO_PYTH_basket. - Short-term tax rate is 37%; round-trip cost on sold notional is 0.60%. - Replacement baskets preserve broad beta but are not identical tickers. Design the harvest strategy. The answer must reconcile selected lots, sale sequence, replacements, net tax benefit, remaining unoffset gains, and self-check. Output JSON fields: intent, chosen_strategy, assets_to_sell, sale_sequence, replacement_assets, net_tax_benefit, remaining_unoffset_gains, self_check.",mistralai/mistral-medium-3-5,0,0,0|0|0,0.5|0.5|0.5,0.500,0.500,7043
AGI-057,L11/AGI,agi-AGI-057,"A taxpayer has $70,000 of realized short-term gains and several crypto lots with losses. They must stay fully invested without buying the same ticker inside 30 days. A market maker widens later exits if the thinnest loss lot is left until after deeper lots have traded. Raw lot primitives: - LINK: unrealized loss $22,000, current value $110,000, exit-depth score 1.1, replacement basket LST_beta_basket. - ARB: unrealized loss $15,000, current value $90,000, exit-depth score 1.8, replacement basket OP_IMX_basket. - SOL: unrealized loss $18,000, current value $160,000, exit-depth score 4, replacement basket JTO_PYTH_basket. - Short-term tax rate is 37%; round-trip cost on sold notional is 0.60%. - Replacement baskets preserve broad beta but are not identical tickers. Design the harvest strategy. The answer must reconcile selected lots, sale sequence, replacements, net tax benefit, remaining unoffset gains, and self-check. Output JSON fields: intent, chosen_strategy, assets_to_sell, sale_sequence, replacement_assets, net_tax_benefit, remaining_unoffset_gains, self_check.",mistralai/mistral-small-2603,0,0,0|0|0,0.4|0.4|0.2,0.333,0.400,4424
AGI-058,L11/AGI,agi-AGI-058,"A taxpayer has $60,000 of realized short-term gains and several crypto lots with losses. They must stay fully invested without buying the same ticker inside 30 days. A market maker widens later exits if the thinnest loss lot is left until after deeper lots have traded. Raw lot primitives: - DOGE: unrealized loss $20,000, current value $60,000, exit-depth score 0.6, replacement basket MEME_largecap_basket. - OP: unrealized loss $12,000, current value $80,000, exit-depth score 0.9, replacement basket ARB_IMX_basket. - AVAX: unrealized loss $16,000, current value $140,000, exit-depth score 2.5, replacement basket TIA_ATOM_basket. - Short-term tax rate is 37%; round-trip cost on sold notional is 0.60%. - Replacement baskets preserve broad beta but are not identical tickers. Design the harvest strategy. The answer must reconcile selected lots, sale sequence, replacements, net tax benefit, remaining unoffset gains, and self-check. Output JSON fields: intent, chosen_strategy, assets_to_sell, sale_sequence, replacement_assets, net_tax_benefit, remaining_unoffset_gains, self_check.",mistralai/mistral-medium-3-5,0,0,0|0|0,0.5|0.5|0.5,0.500,0.500,3628
AGI-058,L11/AGI,agi-AGI-058,"A taxpayer has $60,000 of realized short-term gains and several crypto lots with losses. They must stay fully invested without buying the same ticker inside 30 days. A market maker widens later exits if the thinnest loss lot is left until after deeper lots have traded. Raw lot primitives: - DOGE: unrealized loss $20,000, current value $60,000, exit-depth score 0.6, replacement basket MEME_largecap_basket. - OP: unrealized loss $12,000, current value $80,000, exit-depth score 0.9, replacement basket ARB_IMX_basket. - AVAX: unrealized loss $16,000, current value $140,000, exit-depth score 2.5, replacement basket TIA_ATOM_basket. - Short-term tax rate is 37%; round-trip cost on sold notional is 0.60%. - Replacement baskets preserve broad beta but are not identical tickers. Design the harvest strategy. The answer must reconcile selected lots, sale sequence, replacements, net tax benefit, remaining unoffset gains, and self-check. Output JSON fields: intent, chosen_strategy, assets_to_sell, sale_sequence, replacement_assets, net_tax_benefit, remaining_unoffset_gains, self_check.",mistralai/mistral-small-2603,0,0,0|0|0,0.1|0|0.1,0.067,0.100,4116
AGI-059,L11/AGI,agi-AGI-059,"A taxpayer has $95,000 of realized short-term gains and several crypto lots with losses. They must stay fully invested without buying the same ticker inside 30 days. A market maker widens later exits if the thinnest loss lot is left until after deeper lots have traded. Raw lot primitives: - FTM: unrealized loss $18,000, current value $70,000, exit-depth score 0.7, replacement basket L1_alt_basket. - MATIC: unrealized loss $25,000, current value $130,000, exit-depth score 1.3, replacement basket ARB_OP_basket. - UNI: unrealized loss $30,000, current value $150,000, exit-depth score 2.1, replacement basket AAVE_COMP_basket. - Short-term tax rate is 37%; round-trip cost on sold notional is 0.60%. - Replacement baskets preserve broad beta but are not identical tickers. Design the harvest strategy. The answer must reconcile selected lots, sale sequence, replacements, net tax benefit, remaining unoffset gains, and self-check. Output JSON fields: intent, chosen_strategy, assets_to_sell, sale_sequence, replacement_assets, net_tax_benefit, remaining_unoffset_gains, self_check.",mistralai/mistral-medium-3-5,0,0,0|0|0,0.5|0.5|0.5,0.500,0.500,7063
AGI-059,L11/AGI,agi-AGI-059,"A taxpayer has $95,000 of realized short-term gains and several crypto lots with losses. They must stay fully invested without buying the same ticker inside 30 days. A market maker widens later exits if the thinnest loss lot is left until after deeper lots have traded. Raw lot primitives: - FTM: unrealized loss $18,000, current value $70,000, exit-depth score 0.7, replacement basket L1_alt_basket. - MATIC: unrealized loss $25,000, current value $130,000, exit-depth score 1.3, replacement basket ARB_OP_basket. - UNI: unrealized loss $30,000, current value $150,000, exit-depth score 2.1, replacement basket AAVE_COMP_basket. - Short-term tax rate is 37%; round-trip cost on sold notional is 0.60%. - Replacement baskets preserve broad beta but are not identical tickers. Design the harvest strategy. The answer must reconcile selected lots, sale sequence, replacements, net tax benefit, remaining unoffset gains, and self-check. Output JSON fields: intent, chosen_strategy, assets_to_sell, sale_sequence, replacement_assets, net_tax_benefit, remaining_unoffset_gains, self_check.",mistralai/mistral-small-2603,0,0,0|0|0,0.1|0.3|0.4,0.267,0.300,3961
AGI-060,L11/AGI,agi-AGI-060,"ETH spot/perp basis is elevated and funding is crowded. You have spot custody for the long leg and must build a 1x delta-neutral short ladder that survives an exchange cascade without forced deleveraging. Raw venue primitives: - Binance: resilient displayed short capacity about $150,000 before ADL/counterparty stress becomes nonlinear; current net carry signal 32% APR. - Hyperliquid: resilient displayed short capacity about $100,000 before ADL/counterparty stress becomes nonlinear; current net carry signal 31% APR. - Bybit: resilient displayed short capacity about $100,000 before ADL/counterparty stress becomes nonlinear; current net carry signal 29% APR. - OKX: resilient displayed short capacity about $100,000 before ADL/counterparty stress becomes nonlinear; current net carry signal 26% APR. - dYdX: resilient displayed short capacity about $50,000 before ADL/counterparty stress becomes nonlinear; current net carry signal 22% APR. - Stable borrow and operational drag are already reflected in the net carry signals. - Using more than the resilient displayed capacity at any venue can flip the cascade buffer negative. - The spot custodian supports $500,000 of matched long exposure without rehypothecation. Design the resilient funding-basis ladder. The answer must reconcile venue short allocation, leverage, weighted APR, 30-day PnL, cascade buffer, and self-check from the same delta-neutral plan. Output JSON fields: intent, chosen_strategy, perp_short_allocation_usd, leverage, apr_pct, pnl_30d_usd, cascade_buffer_pct, survives_cascade, self_check.",mistralai/mistral-medium-3-5,0,0,0|0|0,0|0.538|0,0.179,0.000,3531
AGI-060,L11/AGI,agi-AGI-060,"ETH spot/perp basis is elevated and funding is crowded. You have spot custody for the long leg and must build a 1x delta-neutral short ladder that survives an exchange cascade without forced deleveraging. Raw venue primitives: - Binance: resilient displayed short capacity about $150,000 before ADL/counterparty stress becomes nonlinear; current net carry signal 32% APR. - Hyperliquid: resilient displayed short capacity about $100,000 before ADL/counterparty stress becomes nonlinear; current net carry signal 31% APR. - Bybit: resilient displayed short capacity about $100,000 before ADL/counterparty stress becomes nonlinear; current net carry signal 29% APR. - OKX: resilient displayed short capacity about $100,000 before ADL/counterparty stress becomes nonlinear; current net carry signal 26% APR. - dYdX: resilient displayed short capacity about $50,000 before ADL/counterparty stress becomes nonlinear; current net carry signal 22% APR. - Stable borrow and operational drag are already reflected in the net carry signals. - Using more than the resilient displayed capacity at any venue can flip the cascade buffer negative. - The spot custodian supports $500,000 of matched long exposure without rehypothecation. Design the resilient funding-basis ladder. The answer must reconcile venue short allocation, leverage, weighted APR, 30-day PnL, cascade buffer, and self-check from the same delta-neutral plan. Output JSON fields: intent, chosen_strategy, perp_short_allocation_usd, leverage, apr_pct, pnl_30d_usd, cascade_buffer_pct, survives_cascade, self_check.",mistralai/mistral-small-2603,0,0,0|0|0,0.538|0.538|0.538,0.538,0.538,3289
AGI-061,L11/AGI,agi-AGI-061,"SOL spot/perp basis is elevated and funding is crowded. You have spot custody for the long leg and must build a 1x delta-neutral short ladder that survives an exchange cascade without forced deleveraging. Raw venue primitives: - Binance: resilient displayed short capacity about $120,000 before ADL/counterparty stress becomes nonlinear; current net carry signal 34% APR. - Bybit: resilient displayed short capacity about $120,000 before ADL/counterparty stress becomes nonlinear; current net carry signal 32% APR. - OKX: resilient displayed short capacity about $110,000 before ADL/counterparty stress becomes nonlinear; current net carry signal 30% APR. - Hyperliquid: resilient displayed short capacity about $90,000 before ADL/counterparty stress becomes nonlinear; current net carry signal 31% APR. - dYdX: resilient displayed short capacity about $60,000 before ADL/counterparty stress becomes nonlinear; current net carry signal 24% APR. - Stable borrow and operational drag are already reflected in the net carry signals. - Using more than the resilient displayed capacity at any venue can flip the cascade buffer negative. - The spot custodian supports $500,000 of matched long exposure without rehypothecation. Design the resilient funding-basis ladder. The answer must reconcile venue short allocation, leverage, weighted APR, 30-day PnL, cascade buffer, and self-check from the same delta-neutral plan. Output JSON fields: intent, chosen_strategy, perp_short_allocation_usd, leverage, apr_pct, pnl_30d_usd, cascade_buffer_pct, survives_cascade, self_check.",mistralai/mistral-medium-3-5,0,0,0|0|0,0|0.538|0.538,0.359,0.538,4024
AGI-061,L11/AGI,agi-AGI-061,"SOL spot/perp basis is elevated and funding is crowded. You have spot custody for the long leg and must build a 1x delta-neutral short ladder that survives an exchange cascade without forced deleveraging. Raw venue primitives: - Binance: resilient displayed short capacity about $120,000 before ADL/counterparty stress becomes nonlinear; current net carry signal 34% APR. - Bybit: resilient displayed short capacity about $120,000 before ADL/counterparty stress becomes nonlinear; current net carry signal 32% APR. - OKX: resilient displayed short capacity about $110,000 before ADL/counterparty stress becomes nonlinear; current net carry signal 30% APR. - Hyperliquid: resilient displayed short capacity about $90,000 before ADL/counterparty stress becomes nonlinear; current net carry signal 31% APR. - dYdX: resilient displayed short capacity about $60,000 before ADL/counterparty stress becomes nonlinear; current net carry signal 24% APR. - Stable borrow and operational drag are already reflected in the net carry signals. - Using more than the resilient displayed capacity at any venue can flip the cascade buffer negative. - The spot custodian supports $500,000 of matched long exposure without rehypothecation. Design the resilient funding-basis ladder. The answer must reconcile venue short allocation, leverage, weighted APR, 30-day PnL, cascade buffer, and self-check from the same delta-neutral plan. Output JSON fields: intent, chosen_strategy, perp_short_allocation_usd, leverage, apr_pct, pnl_30d_usd, cascade_buffer_pct, survives_cascade, self_check.",mistralai/mistral-small-2603,0,0,0|0|0,0.615|0.615|0.231,0.487,0.615,2826
AGI-062,L11/AGI,agi-AGI-062,"BTC spot/perp basis is elevated and funding is crowded. You have spot custody for the long leg and must build a 1x delta-neutral short ladder that survives an exchange cascade without forced deleveraging. Raw venue primitives: - Binance: resilient displayed short capacity about $180,000 before ADL/counterparty stress becomes nonlinear; current net carry signal 26% APR. - OKX: resilient displayed short capacity about $100,000 before ADL/counterparty stress becomes nonlinear; current net carry signal 24% APR. - Bybit: resilient displayed short capacity about $90,000 before ADL/counterparty stress becomes nonlinear; current net carry signal 23% APR. - Hyperliquid: resilient displayed short capacity about $80,000 before ADL/counterparty stress becomes nonlinear; current net carry signal 25% APR. - dYdX: resilient displayed short capacity about $50,000 before ADL/counterparty stress becomes nonlinear; current net carry signal 19% APR. - Stable borrow and operational drag are already reflected in the net carry signals. - Using more than the resilient displayed capacity at any venue can flip the cascade buffer negative. - The spot custodian supports $500,000 of matched long exposure without rehypothecation. Design the resilient funding-basis ladder. The answer must reconcile venue short allocation, leverage, weighted APR, 30-day PnL, cascade buffer, and self-check from the same delta-neutral plan. Output JSON fields: intent, chosen_strategy, perp_short_allocation_usd, leverage, apr_pct, pnl_30d_usd, cascade_buffer_pct, survives_cascade, self_check.",mistralai/mistral-medium-3-5,0,0,0|0|0,0.615|0.615|0,0.410,0.615,5834
AGI-062,L11/AGI,agi-AGI-062,"BTC spot/perp basis is elevated and funding is crowded. You have spot custody for the long leg and must build a 1x delta-neutral short ladder that survives an exchange cascade without forced deleveraging. Raw venue primitives: - Binance: resilient displayed short capacity about $180,000 before ADL/counterparty stress becomes nonlinear; current net carry signal 26% APR. - OKX: resilient displayed short capacity about $100,000 before ADL/counterparty stress becomes nonlinear; current net carry signal 24% APR. - Bybit: resilient displayed short capacity about $90,000 before ADL/counterparty stress becomes nonlinear; current net carry signal 23% APR. - Hyperliquid: resilient displayed short capacity about $80,000 before ADL/counterparty stress becomes nonlinear; current net carry signal 25% APR. - dYdX: resilient displayed short capacity about $50,000 before ADL/counterparty stress becomes nonlinear; current net carry signal 19% APR. - Stable borrow and operational drag are already reflected in the net carry signals. - Using more than the resilient displayed capacity at any venue can flip the cascade buffer negative. - The spot custodian supports $500,000 of matched long exposure without rehypothecation. Design the resilient funding-basis ladder. The answer must reconcile venue short allocation, leverage, weighted APR, 30-day PnL, cascade buffer, and self-check from the same delta-neutral plan. Output JSON fields: intent, chosen_strategy, perp_short_allocation_usd, leverage, apr_pct, pnl_30d_usd, cascade_buffer_pct, survives_cascade, self_check.",mistralai/mistral-small-2603,0,0,0|0|0,0.538|0.615|0.615,0.590,0.615,3270
AGI-063,L11/AGI,agi-AGI-063,"Convert $2,000,000 USDC into ETH before an announcement window. Visible overuse of any route is copied by searchers and repriced worse than the next venue; private/OTC routes do not create a public pre-fill graph. Raw venue primitives: - Kraken: usable clip $500,000, quoted price $2992, fee 0.07%, fixed cost $40, publicly visible before completion. - Uniswap_Arbitrum: usable clip $450,000, quoted price $2996, fee 0.10%, fixed cost $120, private before completion. - Curve_ETH: usable clip $400,000, quoted price $2998, fee 0.08%, fixed cost $90, private before completion. - Binance: usable clip $350,000, quoted price $3001, fee 0.06%, fixed cost $30, publicly visible before completion. - Velodrome_Optimism: usable clip $300,000, quoted price $3004, fee 0.12%, fixed cost $80, private before completion. - Fixed costs are deducted before percentage fees. - The route plan must complete the full notional without creating an observable clip larger than the public route can absorb before copy-trading reprices it. Design the acquisition route. The answer must reconcile venue allocation, largest visible clip, asset received, effective price, and self-check from one plan. Output JSON fields: intent, chosen_strategy, venue_allocation_usd, largest_visible_clip_usd, expected_asset_received, effective_price, self_check.",mistralai/mistral-medium-3-5,1,0,0|0|1,0.364|0|0.727,0.364,0.364,2849
AGI-063,L11/AGI,agi-AGI-063,"Convert $2,000,000 USDC into ETH before an announcement window. Visible overuse of any route is copied by searchers and repriced worse than the next venue; private/OTC routes do not create a public pre-fill graph. Raw venue primitives: - Kraken: usable clip $500,000, quoted price $2992, fee 0.07%, fixed cost $40, publicly visible before completion. - Uniswap_Arbitrum: usable clip $450,000, quoted price $2996, fee 0.10%, fixed cost $120, private before completion. - Curve_ETH: usable clip $400,000, quoted price $2998, fee 0.08%, fixed cost $90, private before completion. - Binance: usable clip $350,000, quoted price $3001, fee 0.06%, fixed cost $30, publicly visible before completion. - Velodrome_Optimism: usable clip $300,000, quoted price $3004, fee 0.12%, fixed cost $80, private before completion. - Fixed costs are deducted before percentage fees. - The route plan must complete the full notional without creating an observable clip larger than the public route can absorb before copy-trading reprices it. Design the acquisition route. The answer must reconcile venue allocation, largest visible clip, asset received, effective price, and self-check from one plan. Output JSON fields: intent, chosen_strategy, venue_allocation_usd, largest_visible_clip_usd, expected_asset_received, effective_price, self_check.",mistralai/mistral-small-2603,0,0,0|0|0,0.545|0.545|0.545,0.545,0.545,1997
AGI-064,L11/AGI,agi-AGI-064,"Convert $2,000,000 USDC into BTC before an announcement window. Visible overuse of any route is copied by searchers and repriced worse than the next venue; private/OTC routes do not create a public pre-fill graph. Raw venue primitives: - Binance: usable clip $600,000, quoted price $59880, fee 0.05%, fixed cost $35, publicly visible before completion. - Kraken: usable clip $500,000, quoted price $59940, fee 0.06%, fixed cost $40, publicly visible before completion. - Coinbase: usable clip $300,000, quoted price $60020, fee 0.08%, fixed cost $30, publicly visible before completion. - Curve_BTC: usable clip $300,000, quoted price $60060, fee 0.10%, fixed cost $100, private before completion. - OTC_Circle: usable clip $300,000, quoted price $60120, fee 0.04%, fixed cost $20, publicly visible before completion. - Fixed costs are deducted before percentage fees. - The route plan must complete the full notional without creating an observable clip larger than the public route can absorb before copy-trading reprices it. Design the acquisition route. The answer must reconcile venue allocation, largest visible clip, asset received, effective price, and self-check from one plan. Output JSON fields: intent, chosen_strategy, venue_allocation_usd, largest_visible_clip_usd, expected_asset_received, effective_price, self_check.",mistralai/mistral-medium-3-5,1,0,1|0|0,0.727|0|0,0.242,0.000,4556
AGI-064,L11/AGI,agi-AGI-064,"Convert $2,000,000 USDC into BTC before an announcement window. Visible overuse of any route is copied by searchers and repriced worse than the next venue; private/OTC routes do not create a public pre-fill graph. Raw venue primitives: - Binance: usable clip $600,000, quoted price $59880, fee 0.05%, fixed cost $35, publicly visible before completion. - Kraken: usable clip $500,000, quoted price $59940, fee 0.06%, fixed cost $40, publicly visible before completion. - Coinbase: usable clip $300,000, quoted price $60020, fee 0.08%, fixed cost $30, publicly visible before completion. - Curve_BTC: usable clip $300,000, quoted price $60060, fee 0.10%, fixed cost $100, private before completion. - OTC_Circle: usable clip $300,000, quoted price $60120, fee 0.04%, fixed cost $20, publicly visible before completion. - Fixed costs are deducted before percentage fees. - The route plan must complete the full notional without creating an observable clip larger than the public route can absorb before copy-trading reprices it. Design the acquisition route. The answer must reconcile venue allocation, largest visible clip, asset received, effective price, and self-check from one plan. Output JSON fields: intent, chosen_strategy, venue_allocation_usd, largest_visible_clip_usd, expected_asset_received, effective_price, self_check.",mistralai/mistral-small-2603,2,1,1|0|1,0.727|0.545|0.727,0.667,0.727,2085
AGI-065,L11/AGI,agi-AGI-065,"Convert $2,000,000 USDC into SOL before an announcement window. Visible overuse of any route is copied by searchers and repriced worse than the next venue; private/OTC routes do not create a public pre-fill graph. Raw venue primitives: - Binance: usable clip $550,000, quoted price $149.7, fee 0.06%, fixed cost $30, publicly visible before completion. - Jupiter_Solana: usable clip $450,000, quoted price $149.8, fee 0.10%, fixed cost $80, private before completion. - Uniswap_Arbitrum: usable clip $350,000, quoted price $150, fee 0.12%, fixed cost $100, private before completion. - OTC_Circle: usable clip $350,000, quoted price $150.15, fee 0.04%, fixed cost $20, publicly visible before completion. - Coinbase: usable clip $300,000, quoted price $150.25, fee 0.08%, fixed cost $30, publicly visible before completion. - Fixed costs are deducted before percentage fees. - The route plan must complete the full notional without creating an observable clip larger than the public route can absorb before copy-trading reprices it. Design the acquisition route. The answer must reconcile venue allocation, largest visible clip, asset received, effective price, and self-check from one plan. Output JSON fields: intent, chosen_strategy, venue_allocation_usd, largest_visible_clip_usd, expected_asset_received, effective_price, self_check.",mistralai/mistral-medium-3-5,0,0,0|0|0,0|0.545|0,0.182,0.000,2232
AGI-065,L11/AGI,agi-AGI-065,"Convert $2,000,000 USDC into SOL before an announcement window. Visible overuse of any route is copied by searchers and repriced worse than the next venue; private/OTC routes do not create a public pre-fill graph. Raw venue primitives: - Binance: usable clip $550,000, quoted price $149.7, fee 0.06%, fixed cost $30, publicly visible before completion. - Jupiter_Solana: usable clip $450,000, quoted price $149.8, fee 0.10%, fixed cost $80, private before completion. - Uniswap_Arbitrum: usable clip $350,000, quoted price $150, fee 0.12%, fixed cost $100, private before completion. - OTC_Circle: usable clip $350,000, quoted price $150.15, fee 0.04%, fixed cost $20, publicly visible before completion. - Coinbase: usable clip $300,000, quoted price $150.25, fee 0.08%, fixed cost $30, publicly visible before completion. - Fixed costs are deducted before percentage fees. - The route plan must complete the full notional without creating an observable clip larger than the public route can absorb before copy-trading reprices it. Design the acquisition route. The answer must reconcile venue allocation, largest visible clip, asset received, effective price, and self-check from one plan. Output JSON fields: intent, chosen_strategy, venue_allocation_usd, largest_visible_clip_usd, expected_asset_received, effective_price, self_check.",mistralai/mistral-small-2603,3,1,1|1|1,0.727|0.727|0.727,0.727,0.727,2333
AGI-066,L11/AGI,agi-AGI-066,"On 2026-02-03, you manage a marked crypto book during a cross-venue margin event. The desk cannot sell spot for 30 minutes, but it can execute at most $620,000 gross notional of immediately available perp hedge clips. The first visible clip is copied by basis desks, so the impact cost of each later clip uses its after-first rate. Spot book: - BTC: 7 units @ $68,400, crisis beta 1.00 - ETH: 95 units @ $3,720, crisis beta 1.16 - TIA: 24,000 units @ $8.4, crisis beta 1.58 - NEAR: 52,000 units @ $5.2, crisis beta 1.44 - ARB: 150,000 units @ $1.22, crisis beta 1.36 One-hour stress tapes: - KRW funding shock: BTC -6.40%, ETH -8.10%, TIA -14.20%, NEAR -12.80%, ARB -11.90% - ETF squeeze: BTC 8.30%, ETH 7.10%, TIA 12.20%, NEAR 10.50%, ARB 9.70% - yen VaR unwind: BTC -11.10%, ETH -13.90%, TIA -20.50%, NEAR -18.40%, ARB -17.10% Available hedge clips: - TIA_short: $210,000 notional, beta 1.58, impact 0.10% if first and 0.21% if after another clip - NEAR_short: $260,000 notional, beta 1.44, impact 0.08% if first and 0.20% if after another clip - ARB_short: $170,000 notional, beta 1.36, impact 0.09% if first and 0.18% if after another clip Design the hedge basket and execution order that preserves the strongest worst-case residual PnL across the stress tapes while cutting crisis beta-dollar exposure by at least 37.77%. The answer must reconcile the order, hedge_notional_usd, crisis_beta_reduction_pct, worst_case_residual_pnl_usd, and self_check from the same plan. Output JSON fields: intent, chosen_strategy, execution_sequence, hedge_notional_usd, crisis_beta_reduction_pct, worst_case_residual_pnl_usd, self_check.",mistralai/mistral-medium-3-5,0,0,0|0|0,0.222|0.222|0.222,0.222,0.222,6606
AGI-066,L11/AGI,agi-AGI-066,"On 2026-02-03, you manage a marked crypto book during a cross-venue margin event. The desk cannot sell spot for 30 minutes, but it can execute at most $620,000 gross notional of immediately available perp hedge clips. The first visible clip is copied by basis desks, so the impact cost of each later clip uses its after-first rate. Spot book: - BTC: 7 units @ $68,400, crisis beta 1.00 - ETH: 95 units @ $3,720, crisis beta 1.16 - TIA: 24,000 units @ $8.4, crisis beta 1.58 - NEAR: 52,000 units @ $5.2, crisis beta 1.44 - ARB: 150,000 units @ $1.22, crisis beta 1.36 One-hour stress tapes: - KRW funding shock: BTC -6.40%, ETH -8.10%, TIA -14.20%, NEAR -12.80%, ARB -11.90% - ETF squeeze: BTC 8.30%, ETH 7.10%, TIA 12.20%, NEAR 10.50%, ARB 9.70% - yen VaR unwind: BTC -11.10%, ETH -13.90%, TIA -20.50%, NEAR -18.40%, ARB -17.10% Available hedge clips: - TIA_short: $210,000 notional, beta 1.58, impact 0.10% if first and 0.21% if after another clip - NEAR_short: $260,000 notional, beta 1.44, impact 0.08% if first and 0.20% if after another clip - ARB_short: $170,000 notional, beta 1.36, impact 0.09% if first and 0.18% if after another clip Design the hedge basket and execution order that preserves the strongest worst-case residual PnL across the stress tapes while cutting crisis beta-dollar exposure by at least 37.77%. The answer must reconcile the order, hedge_notional_usd, crisis_beta_reduction_pct, worst_case_residual_pnl_usd, and self_check from the same plan. Output JSON fields: intent, chosen_strategy, execution_sequence, hedge_notional_usd, crisis_beta_reduction_pct, worst_case_residual_pnl_usd, self_check.",mistralai/mistral-small-2603,0,0,0|0|0,0.222|0.222|0.222,0.222,0.222,3574
AGI-067,L11/AGI,agi-AGI-067,"On 2026-03-19, you manage a marked crypto book during a cross-venue margin event. The desk cannot sell spot for 30 minutes, but it can execute at most $760,000 gross notional of immediately available perp hedge clips. The first visible clip is copied by basis desks, so the impact cost of each later clip uses its after-first rate. Spot book: - BTC: 9 units @ $72,100, crisis beta 1.00 - ETH: 120 units @ $3,880, crisis beta 1.12 - SUI: 90,000 units @ $3.15, crisis beta 1.64 - SEI: 210,000 units @ $0.88, crisis beta 1.52 - OP: 85,000 units @ $2.45, crisis beta 1.31 One-hour stress tapes: - custody downgrade: BTC -5.20%, ETH -7.40%, SUI -16.10%, SEI -14.90%, OP -12.40% - short squeeze: BTC 6.10%, ETH 8.20%, SUI 14.30%, SEI 12.10%, OP 10.30% - Asia deleveraging: BTC -9.30%, ETH -11.80%, SUI -21.40%, SEI -19.80%, OP -16.60% Available hedge clips: - SUI_short: $280,000 notional, beta 1.64, impact 0.09% if first and 0.22% if after another clip - SEI_short: $240,000 notional, beta 1.52, impact 0.11% if first and 0.24% if after another clip - OP_short: $190,000 notional, beta 1.31, impact 0.08% if first and 0.17% if after another clip Design the hedge basket and execution order that preserves the strongest worst-case residual PnL across the stress tapes while cutting crisis beta-dollar exposure by at least 48.51%. The answer must reconcile the order, hedge_notional_usd, crisis_beta_reduction_pct, worst_case_residual_pnl_usd, and self_check from the same plan. Output JSON fields: intent, chosen_strategy, execution_sequence, hedge_notional_usd, crisis_beta_reduction_pct, worst_case_residual_pnl_usd, self_check.",mistralai/mistral-medium-3-5,0,0,0|0|0,0.444|0.444|0.444,0.444,0.444,4328
AGI-067,L11/AGI,agi-AGI-067,"On 2026-03-19, you manage a marked crypto book during a cross-venue margin event. The desk cannot sell spot for 30 minutes, but it can execute at most $760,000 gross notional of immediately available perp hedge clips. The first visible clip is copied by basis desks, so the impact cost of each later clip uses its after-first rate. Spot book: - BTC: 9 units @ $72,100, crisis beta 1.00 - ETH: 120 units @ $3,880, crisis beta 1.12 - SUI: 90,000 units @ $3.15, crisis beta 1.64 - SEI: 210,000 units @ $0.88, crisis beta 1.52 - OP: 85,000 units @ $2.45, crisis beta 1.31 One-hour stress tapes: - custody downgrade: BTC -5.20%, ETH -7.40%, SUI -16.10%, SEI -14.90%, OP -12.40% - short squeeze: BTC 6.10%, ETH 8.20%, SUI 14.30%, SEI 12.10%, OP 10.30% - Asia deleveraging: BTC -9.30%, ETH -11.80%, SUI -21.40%, SEI -19.80%, OP -16.60% Available hedge clips: - SUI_short: $280,000 notional, beta 1.64, impact 0.09% if first and 0.22% if after another clip - SEI_short: $240,000 notional, beta 1.52, impact 0.11% if first and 0.24% if after another clip - OP_short: $190,000 notional, beta 1.31, impact 0.08% if first and 0.17% if after another clip Design the hedge basket and execution order that preserves the strongest worst-case residual PnL across the stress tapes while cutting crisis beta-dollar exposure by at least 48.51%. The answer must reconcile the order, hedge_notional_usd, crisis_beta_reduction_pct, worst_case_residual_pnl_usd, and self_check from the same plan. Output JSON fields: intent, chosen_strategy, execution_sequence, hedge_notional_usd, crisis_beta_reduction_pct, worst_case_residual_pnl_usd, self_check.",mistralai/mistral-small-2603,0,0,0|0|0,0.222|0.222|0.222,0.222,0.222,3625
AGI-068,L11/AGI,agi-AGI-068,"On 2026-04-08, you manage a marked crypto book during a cross-venue margin event. The desk cannot sell spot for 30 minutes, but it can execute at most $690,000 gross notional of immediately available perp hedge clips. The first visible clip is copied by basis desks, so the impact cost of each later clip uses its after-first rate. Spot book: - BTC: 6 units @ $74,800, crisis beta 1.00 - ETH: 105 units @ $4,040, crisis beta 1.14 - INJ: 13,500 units @ $31.5, crisis beta 1.69 - JTO: 62,000 units @ $4.25, crisis beta 1.47 - PYTH: 410,000 units @ $0.56, crisis beta 1.33 One-hour stress tapes: - reserve audit fail: BTC -7.10%, ETH -9.60%, INJ -18.80%, JTO -15.30%, PYTH -13.90% - relief auction: BTC 5.20%, ETH 7.30%, INJ 12.90%, JTO 11.80%, PYTH 9.50% - basis unwind: BTC -10.20%, ETH -13.10%, INJ -23.10%, JTO -19.60%, PYTH -16.80% Available hedge clips: - INJ_short: $310,000 notional, beta 1.69, impact 0.12% if first and 0.25% if after another clip - JTO_short: $230,000 notional, beta 1.47, impact 0.08% if first and 0.19% if after another clip - PYTH_short: $150,000 notional, beta 1.33, impact 0.09% if first and 0.17% if after another clip Design the hedge basket and execution order that preserves the strongest worst-case residual PnL across the stress tapes while cutting crisis beta-dollar exposure by at least 44.79%. The answer must reconcile the order, hedge_notional_usd, crisis_beta_reduction_pct, worst_case_residual_pnl_usd, and self_check from the same plan. Output JSON fields: intent, chosen_strategy, execution_sequence, hedge_notional_usd, crisis_beta_reduction_pct, worst_case_residual_pnl_usd, self_check.",mistralai/mistral-medium-3-5,0,0,0|0|0,0.444|0.444|0.444,0.444,0.444,4980
AGI-068,L11/AGI,agi-AGI-068,"On 2026-04-08, you manage a marked crypto book during a cross-venue margin event. The desk cannot sell spot for 30 minutes, but it can execute at most $690,000 gross notional of immediately available perp hedge clips. The first visible clip is copied by basis desks, so the impact cost of each later clip uses its after-first rate. Spot book: - BTC: 6 units @ $74,800, crisis beta 1.00 - ETH: 105 units @ $4,040, crisis beta 1.14 - INJ: 13,500 units @ $31.5, crisis beta 1.69 - JTO: 62,000 units @ $4.25, crisis beta 1.47 - PYTH: 410,000 units @ $0.56, crisis beta 1.33 One-hour stress tapes: - reserve audit fail: BTC -7.10%, ETH -9.60%, INJ -18.80%, JTO -15.30%, PYTH -13.90% - relief auction: BTC 5.20%, ETH 7.30%, INJ 12.90%, JTO 11.80%, PYTH 9.50% - basis unwind: BTC -10.20%, ETH -13.10%, INJ -23.10%, JTO -19.60%, PYTH -16.80% Available hedge clips: - INJ_short: $310,000 notional, beta 1.69, impact 0.12% if first and 0.25% if after another clip - JTO_short: $230,000 notional, beta 1.47, impact 0.08% if first and 0.19% if after another clip - PYTH_short: $150,000 notional, beta 1.33, impact 0.09% if first and 0.17% if after another clip Design the hedge basket and execution order that preserves the strongest worst-case residual PnL across the stress tapes while cutting crisis beta-dollar exposure by at least 44.79%. The answer must reconcile the order, hedge_notional_usd, crisis_beta_reduction_pct, worst_case_residual_pnl_usd, and self_check from the same plan. Output JSON fields: intent, chosen_strategy, execution_sequence, hedge_notional_usd, crisis_beta_reduction_pct, worst_case_residual_pnl_usd, self_check.",mistralai/mistral-small-2603,0,0,0|0|0,0.444|0.444|0.333,0.407,0.444,3288
AGI-069,L11/AGI,agi-AGI-069,"On 2026-04-26, you manage a marked crypto book during a cross-venue margin event. The desk cannot sell spot for 30 minutes, but it can execute at most $710,000 gross notional of immediately available perp hedge clips. The first visible clip is copied by basis desks, so the impact cost of each later clip uses its after-first rate. Spot book: - BTC: 8 units @ $69,450, crisis beta 1.00 - ETH: 88 units @ $3,660, crisis beta 1.18 - APT: 46,000 units @ $8.15, crisis beta 1.57 - WIF: 120,000 units @ $2.1, crisis beta 1.71 - LINK: 21,000 units @ $19.6, crisis beta 1.05 One-hour stress tapes: - ADL print: BTC -8.30%, ETH -10.90%, APT -17.40%, WIF -22.60%, LINK -12.10% - ETF headline: BTC 9.10%, ETH 7.80%, APT 13.20%, WIF 18.80%, LINK 7.20% - cross-margin sweep: BTC -12.40%, ETH -15.10%, APT -23.70%, WIF -28.10%, LINK -16.20% Available hedge clips: - APT_short: $250,000 notional, beta 1.57, impact 0.10% if first and 0.20% if after another clip - WIF_short: $220,000 notional, beta 1.71, impact 0.14% if first and 0.28% if after another clip - LINK_short: $240,000 notional, beta 1.05, impact 0.07% if first and 0.15% if after another clip Design the hedge basket and execution order that preserves the strongest worst-case residual PnL across the stress tapes while cutting crisis beta-dollar exposure by at least 42.25%. The answer must reconcile the order, hedge_notional_usd, crisis_beta_reduction_pct, worst_case_residual_pnl_usd, and self_check from the same plan. Output JSON fields: intent, chosen_strategy, execution_sequence, hedge_notional_usd, crisis_beta_reduction_pct, worst_case_residual_pnl_usd, self_check.",mistralai/mistral-medium-3-5,0,0,0|0|0,0.333|0.444|0.333,0.370,0.333,3727
AGI-069,L11/AGI,agi-AGI-069,"On 2026-04-26, you manage a marked crypto book during a cross-venue margin event. The desk cannot sell spot for 30 minutes, but it can execute at most $710,000 gross notional of immediately available perp hedge clips. The first visible clip is copied by basis desks, so the impact cost of each later clip uses its after-first rate. Spot book: - BTC: 8 units @ $69,450, crisis beta 1.00 - ETH: 88 units @ $3,660, crisis beta 1.18 - APT: 46,000 units @ $8.15, crisis beta 1.57 - WIF: 120,000 units @ $2.1, crisis beta 1.71 - LINK: 21,000 units @ $19.6, crisis beta 1.05 One-hour stress tapes: - ADL print: BTC -8.30%, ETH -10.90%, APT -17.40%, WIF -22.60%, LINK -12.10% - ETF headline: BTC 9.10%, ETH 7.80%, APT 13.20%, WIF 18.80%, LINK 7.20% - cross-margin sweep: BTC -12.40%, ETH -15.10%, APT -23.70%, WIF -28.10%, LINK -16.20% Available hedge clips: - APT_short: $250,000 notional, beta 1.57, impact 0.10% if first and 0.20% if after another clip - WIF_short: $220,000 notional, beta 1.71, impact 0.14% if first and 0.28% if after another clip - LINK_short: $240,000 notional, beta 1.05, impact 0.07% if first and 0.15% if after another clip Design the hedge basket and execution order that preserves the strongest worst-case residual PnL across the stress tapes while cutting crisis beta-dollar exposure by at least 42.25%. The answer must reconcile the order, hedge_notional_usd, crisis_beta_reduction_pct, worst_case_residual_pnl_usd, and self_check from the same plan. Output JSON fields: intent, chosen_strategy, execution_sequence, hedge_notional_usd, crisis_beta_reduction_pct, worst_case_residual_pnl_usd, self_check.",mistralai/mistral-small-2603,0,0,0|0|0,0.444|0.444|0.444,0.444,0.444,3720
AGI-070,L11/AGI,agi-AGI-070,"A reserve rumor has pushed USDT to $0.98 and public stablecoin exit flow is being copied by liquidation searchers. You hold 1,800,000 USDT. Visible exits larger than 620,000 units join an adversarial queue and suffer a later refresh; private exits do not. Treasury needs at least $1,050,000 cash-equivalent recovery inside the first 18 minutes if that can be achieved without entering the queue. Exit primitives: - CEX_USDC: capacity 760,000 USDT, recovery $1 per unit before fee, fee 0.08%, cash timing 12 minutes, publicly visible - Curve_3pool: capacity 520,000 USDT, recovery $0.99 per unit before fee, fee 0.10%, cash timing 18 minutes, publicly visible - OTC_Tether: capacity 480,000 USDT, recovery $0.99 per unit before fee, fee 0.04%, cash timing 45 minutes, private - Aave_repay: capacity 300,000 USDT, recovery $1 per unit before fee, fee 0.00%, cash timing 35 minutes, private - DEX_thin: capacity 260,000 USDT, recovery $0.98 per unit before fee, fee 0.14%, cash timing 9 minutes, publicly visible Design the exit rotation that preserves the most recovered value while satisfying the fast-cash requirement and avoiding copied-flow queue exposure. The answer must reconcile exit_allocation_units, expected_recovered_usd, fast_cash_usd, largest_visible_exit_units, and self_check from one plan. Output JSON fields: intent, chosen_strategy, exit_allocation_units, expected_recovered_usd, fast_cash_usd, largest_visible_exit_units, self_check.",mistralai/mistral-medium-3-5,0,0,0|0|0,0.364|0.091|0.273,0.242,0.273,8531
AGI-070,L11/AGI,agi-AGI-070,"A reserve rumor has pushed USDT to $0.98 and public stablecoin exit flow is being copied by liquidation searchers. You hold 1,800,000 USDT. Visible exits larger than 620,000 units join an adversarial queue and suffer a later refresh; private exits do not. Treasury needs at least $1,050,000 cash-equivalent recovery inside the first 18 minutes if that can be achieved without entering the queue. Exit primitives: - CEX_USDC: capacity 760,000 USDT, recovery $1 per unit before fee, fee 0.08%, cash timing 12 minutes, publicly visible - Curve_3pool: capacity 520,000 USDT, recovery $0.99 per unit before fee, fee 0.10%, cash timing 18 minutes, publicly visible - OTC_Tether: capacity 480,000 USDT, recovery $0.99 per unit before fee, fee 0.04%, cash timing 45 minutes, private - Aave_repay: capacity 300,000 USDT, recovery $1 per unit before fee, fee 0.00%, cash timing 35 minutes, private - DEX_thin: capacity 260,000 USDT, recovery $0.98 per unit before fee, fee 0.14%, cash timing 9 minutes, publicly visible Design the exit rotation that preserves the most recovered value while satisfying the fast-cash requirement and avoiding copied-flow queue exposure. The answer must reconcile exit_allocation_units, expected_recovered_usd, fast_cash_usd, largest_visible_exit_units, and self_check from one plan. Output JSON fields: intent, chosen_strategy, exit_allocation_units, expected_recovered_usd, fast_cash_usd, largest_visible_exit_units, self_check.",mistralai/mistral-small-2603,0,0,0|0|0,0.091|0.091|0.273,0.152,0.091,2212
AGI-071,L11/AGI,agi-AGI-071,"A reserve rumor has pushed FDUSD to $0.98 and public stablecoin exit flow is being copied by liquidation searchers. You hold 1,250,000 FDUSD. Visible exits larger than 460,000 units join an adversarial queue and suffer a later refresh; private exits do not. Treasury needs at least $780,000 cash-equivalent recovery inside the first 18 minutes if that can be achieved without entering the queue. Exit primitives: - Binance_convert: capacity 520,000 FDUSD, recovery $1 per unit before fee, fee 0.05%, cash timing 8 minutes, publicly visible - OTC_Asia: capacity 420,000 FDUSD, recovery $0.99 per unit before fee, fee 0.03%, cash timing 40 minutes, private - Curve_stables: capacity 360,000 FDUSD, recovery $0.99 per unit before fee, fee 0.11%, cash timing 20 minutes, publicly visible - Aave_loop_close: capacity 250,000 FDUSD, recovery $1 per unit before fee, fee 0.00%, cash timing 32 minutes, private - DEX_BSC: capacity 210,000 FDUSD, recovery $0.98 per unit before fee, fee 0.15%, cash timing 11 minutes, publicly visible Design the exit rotation that preserves the most recovered value while satisfying the fast-cash requirement and avoiding copied-flow queue exposure. The answer must reconcile exit_allocation_units, expected_recovered_usd, fast_cash_usd, largest_visible_exit_units, and self_check from one plan. Output JSON fields: intent, chosen_strategy, exit_allocation_units, expected_recovered_usd, fast_cash_usd, largest_visible_exit_units, self_check.",mistralai/mistral-medium-3-5,0,0,0|0|0,0.182|0.182|0,0.121,0.182,20027
AGI-071,L11/AGI,agi-AGI-071,"A reserve rumor has pushed FDUSD to $0.98 and public stablecoin exit flow is being copied by liquidation searchers. You hold 1,250,000 FDUSD. Visible exits larger than 460,000 units join an adversarial queue and suffer a later refresh; private exits do not. Treasury needs at least $780,000 cash-equivalent recovery inside the first 18 minutes if that can be achieved without entering the queue. Exit primitives: - Binance_convert: capacity 520,000 FDUSD, recovery $1 per unit before fee, fee 0.05%, cash timing 8 minutes, publicly visible - OTC_Asia: capacity 420,000 FDUSD, recovery $0.99 per unit before fee, fee 0.03%, cash timing 40 minutes, private - Curve_stables: capacity 360,000 FDUSD, recovery $0.99 per unit before fee, fee 0.11%, cash timing 20 minutes, publicly visible - Aave_loop_close: capacity 250,000 FDUSD, recovery $1 per unit before fee, fee 0.00%, cash timing 32 minutes, private - DEX_BSC: capacity 210,000 FDUSD, recovery $0.98 per unit before fee, fee 0.15%, cash timing 11 minutes, publicly visible Design the exit rotation that preserves the most recovered value while satisfying the fast-cash requirement and avoiding copied-flow queue exposure. The answer must reconcile exit_allocation_units, expected_recovered_usd, fast_cash_usd, largest_visible_exit_units, and self_check from one plan. Output JSON fields: intent, chosen_strategy, exit_allocation_units, expected_recovered_usd, fast_cash_usd, largest_visible_exit_units, self_check.",mistralai/mistral-small-2603,0,0,0|0|0,0|0.455|0.364,0.273,0.364,2003
AGI-072,L11/AGI,agi-AGI-072,"A reserve rumor has pushed USDe to $0.97 and public stablecoin exit flow is being copied by liquidation searchers. You hold 1,600,000 USDe. Visible exits larger than 500,000 units join an adversarial queue and suffer a later refresh; private exits do not. Treasury needs at least $900,000 cash-equivalent recovery inside the first 18 minutes if that can be achieved without entering the queue. Exit primitives: - Ethena_redeem: capacity 430,000 USDe, recovery $1 per unit before fee, fee 0.02%, cash timing 55 minutes, private - CEX_USDC: capacity 520,000 USDe, recovery $0.99 per unit before fee, fee 0.08%, cash timing 12 minutes, publicly visible - Curve_USDe: capacity 450,000 USDe, recovery $0.98 per unit before fee, fee 0.13%, cash timing 18 minutes, publicly visible - OTC_block: capacity 380,000 USDe, recovery $0.99 per unit before fee, fee 0.04%, cash timing 42 minutes, private - DEX_thin: capacity 260,000 USDe, recovery $0.97 per unit before fee, fee 0.18%, cash timing 10 minutes, publicly visible Design the exit rotation that preserves the most recovered value while satisfying the fast-cash requirement and avoiding copied-flow queue exposure. The answer must reconcile exit_allocation_units, expected_recovered_usd, fast_cash_usd, largest_visible_exit_units, and self_check from one plan. Output JSON fields: intent, chosen_strategy, exit_allocation_units, expected_recovered_usd, fast_cash_usd, largest_visible_exit_units, self_check.",mistralai/mistral-medium-3-5,0,0,0|0|0,0.455|0.182|0,0.212,0.182,7870
AGI-072,L11/AGI,agi-AGI-072,"A reserve rumor has pushed USDe to $0.97 and public stablecoin exit flow is being copied by liquidation searchers. You hold 1,600,000 USDe. Visible exits larger than 500,000 units join an adversarial queue and suffer a later refresh; private exits do not. Treasury needs at least $900,000 cash-equivalent recovery inside the first 18 minutes if that can be achieved without entering the queue. Exit primitives: - Ethena_redeem: capacity 430,000 USDe, recovery $1 per unit before fee, fee 0.02%, cash timing 55 minutes, private - CEX_USDC: capacity 520,000 USDe, recovery $0.99 per unit before fee, fee 0.08%, cash timing 12 minutes, publicly visible - Curve_USDe: capacity 450,000 USDe, recovery $0.98 per unit before fee, fee 0.13%, cash timing 18 minutes, publicly visible - OTC_block: capacity 380,000 USDe, recovery $0.99 per unit before fee, fee 0.04%, cash timing 42 minutes, private - DEX_thin: capacity 260,000 USDe, recovery $0.97 per unit before fee, fee 0.18%, cash timing 10 minutes, publicly visible Design the exit rotation that preserves the most recovered value while satisfying the fast-cash requirement and avoiding copied-flow queue exposure. The answer must reconcile exit_allocation_units, expected_recovered_usd, fast_cash_usd, largest_visible_exit_units, and self_check from one plan. Output JSON fields: intent, chosen_strategy, exit_allocation_units, expected_recovered_usd, fast_cash_usd, largest_visible_exit_units, self_check.",mistralai/mistral-small-2603,0,0,0|0|0,0.273|0.273|0.273,0.273,0.273,2355
AGI-073,L11/AGI,agi-AGI-073,"A reserve rumor has pushed TUSD to $0.97 and public stablecoin exit flow is being copied by liquidation searchers. You hold 1,100,000 TUSD. Visible exits larger than 350,000 units join an adversarial queue and suffer a later refresh; private exits do not. Treasury needs at least $660,000 cash-equivalent recovery inside the first 18 minutes if that can be achieved without entering the queue. Exit primitives: - CEX_convert: capacity 390,000 TUSD, recovery $0.99 per unit before fee, fee 0.07%, cash timing 10 minutes, publicly visible - OTC_issuer: capacity 330,000 TUSD, recovery $0.99 per unit before fee, fee 0.03%, cash timing 50 minutes, private - Curve_legacy: capacity 280,000 TUSD, recovery $0.99 per unit before fee, fee 0.12%, cash timing 21 minutes, publicly visible - Aave_close: capacity 220,000 TUSD, recovery $1 per unit before fee, fee 0.00%, cash timing 30 minutes, private - DEX_thin: capacity 190,000 TUSD, recovery $0.98 per unit before fee, fee 0.15%, cash timing 8 minutes, publicly visible Design the exit rotation that preserves the most recovered value while satisfying the fast-cash requirement and avoiding copied-flow queue exposure. The answer must reconcile exit_allocation_units, expected_recovered_usd, fast_cash_usd, largest_visible_exit_units, and self_check from one plan. Output JSON fields: intent, chosen_strategy, exit_allocation_units, expected_recovered_usd, fast_cash_usd, largest_visible_exit_units, self_check.",mistralai/mistral-medium-3-5,0,0,0|0|0,0.091|0.182|0.364,0.212,0.182,15462
AGI-073,L11/AGI,agi-AGI-073,"A reserve rumor has pushed TUSD to $0.97 and public stablecoin exit flow is being copied by liquidation searchers. You hold 1,100,000 TUSD. Visible exits larger than 350,000 units join an adversarial queue and suffer a later refresh; private exits do not. Treasury needs at least $660,000 cash-equivalent recovery inside the first 18 minutes if that can be achieved without entering the queue. Exit primitives: - CEX_convert: capacity 390,000 TUSD, recovery $0.99 per unit before fee, fee 0.07%, cash timing 10 minutes, publicly visible - OTC_issuer: capacity 330,000 TUSD, recovery $0.99 per unit before fee, fee 0.03%, cash timing 50 minutes, private - Curve_legacy: capacity 280,000 TUSD, recovery $0.99 per unit before fee, fee 0.12%, cash timing 21 minutes, publicly visible - Aave_close: capacity 220,000 TUSD, recovery $1 per unit before fee, fee 0.00%, cash timing 30 minutes, private - DEX_thin: capacity 190,000 TUSD, recovery $0.98 per unit before fee, fee 0.15%, cash timing 8 minutes, publicly visible Design the exit rotation that preserves the most recovered value while satisfying the fast-cash requirement and avoiding copied-flow queue exposure. The answer must reconcile exit_allocation_units, expected_recovered_usd, fast_cash_usd, largest_visible_exit_units, and self_check from one plan. Output JSON fields: intent, chosen_strategy, exit_allocation_units, expected_recovered_usd, fast_cash_usd, largest_visible_exit_units, self_check.",mistralai/mistral-small-2603,0,0,0|0|0,0.364|0.182|0.364,0.303,0.364,2716
AGI-074,L11/AGI,agi-AGI-074,"Move $2,200,000 USDC-equivalent collateral to Base before a liquidation keeper snapshot in 42 minutes. A copied public bridge flow can be censored if too concentrated, so no route should carry more than 36% of the total transfer when enough eligible alternatives exist. Routes finishing after the snapshot do not count as usable collateral. Route primitives: - Circle_CCTP: capacity $700,000, fee 4 bps, expected failure drag 0.004%, arrival 9 minutes, private/internal route - Across: capacity $620,000, fee 7 bps, expected failure drag 0.008%, arrival 6 minutes, public route - Stargate: capacity $540,000, fee 9 bps, expected failure drag 0.012%, arrival 14 minutes, public route - Hop: capacity $380,000, fee 12 bps, expected failure drag 0.010%, arrival 18 minutes, public route - CEX_internal: capacity $500,000, fee 5 bps, expected failure drag 0.003%, arrival 38 minutes, private/internal route Design the collateral routing plan that maximizes expected arrival value while satisfying the deadline and concentration constraints. The answer must reconcile route_allocation_usd, expected_arrival_usd, expected_cost_usd, max_route_share_pct, arrival_minutes, and self_check from one plan. Output JSON fields: intent, chosen_strategy, route_allocation_usd, expected_arrival_usd, expected_cost_usd, max_route_share_pct, arrival_minutes, self_check.",mistralai/mistral-medium-3-5,0,0,0|0|0,0.333|0.333|0.333,0.333,0.333,6167
AGI-074,L11/AGI,agi-AGI-074,"Move $2,200,000 USDC-equivalent collateral to Base before a liquidation keeper snapshot in 42 minutes. A copied public bridge flow can be censored if too concentrated, so no route should carry more than 36% of the total transfer when enough eligible alternatives exist. Routes finishing after the snapshot do not count as usable collateral. Route primitives: - Circle_CCTP: capacity $700,000, fee 4 bps, expected failure drag 0.004%, arrival 9 minutes, private/internal route - Across: capacity $620,000, fee 7 bps, expected failure drag 0.008%, arrival 6 minutes, public route - Stargate: capacity $540,000, fee 9 bps, expected failure drag 0.012%, arrival 14 minutes, public route - Hop: capacity $380,000, fee 12 bps, expected failure drag 0.010%, arrival 18 minutes, public route - CEX_internal: capacity $500,000, fee 5 bps, expected failure drag 0.003%, arrival 38 minutes, private/internal route Design the collateral routing plan that maximizes expected arrival value while satisfying the deadline and concentration constraints. The answer must reconcile route_allocation_usd, expected_arrival_usd, expected_cost_usd, max_route_share_pct, arrival_minutes, and self_check from one plan. Output JSON fields: intent, chosen_strategy, route_allocation_usd, expected_arrival_usd, expected_cost_usd, max_route_share_pct, arrival_minutes, self_check.",mistralai/mistral-small-2603,0,0,0|0|0,0.083|0.333|0.083,0.167,0.083,2387
AGI-075,L11/AGI,agi-AGI-075,"Move $1,900,000 USDC-equivalent collateral to Arbitrum before a liquidation keeper snapshot in 35 minutes. A copied public bridge flow can be censored if too concentrated, so no route should carry more than 34% of the total transfer when enough eligible alternatives exist. Routes finishing after the snapshot do not count as usable collateral. Route primitives: - Circle_CCTP: capacity $580,000, fee 4 bps, expected failure drag 0.004%, arrival 10 minutes, private/internal route - Across: capacity $520,000, fee 6 bps, expected failure drag 0.009%, arrival 5 minutes, public route - Stargate: capacity $460,000, fee 8 bps, expected failure drag 0.011%, arrival 13 minutes, public route - Synapse: capacity $320,000, fee 14 bps, expected failure drag 0.016%, arrival 21 minutes, public route - CEX_internal: capacity $430,000, fee 5 bps, expected failure drag 0.003%, arrival 32 minutes, private/internal route Design the collateral routing plan that maximizes expected arrival value while satisfying the deadline and concentration constraints. The answer must reconcile route_allocation_usd, expected_arrival_usd, expected_cost_usd, max_route_share_pct, arrival_minutes, and self_check from one plan. Output JSON fields: intent, chosen_strategy, route_allocation_usd, expected_arrival_usd, expected_cost_usd, max_route_share_pct, arrival_minutes, self_check.",mistralai/mistral-medium-3-5,0,0,0|0|0,0.333|0.417|0.333,0.361,0.333,3502
AGI-075,L11/AGI,agi-AGI-075,"Move $1,900,000 USDC-equivalent collateral to Arbitrum before a liquidation keeper snapshot in 35 minutes. A copied public bridge flow can be censored if too concentrated, so no route should carry more than 34% of the total transfer when enough eligible alternatives exist. Routes finishing after the snapshot do not count as usable collateral. Route primitives: - Circle_CCTP: capacity $580,000, fee 4 bps, expected failure drag 0.004%, arrival 10 minutes, private/internal route - Across: capacity $520,000, fee 6 bps, expected failure drag 0.009%, arrival 5 minutes, public route - Stargate: capacity $460,000, fee 8 bps, expected failure drag 0.011%, arrival 13 minutes, public route - Synapse: capacity $320,000, fee 14 bps, expected failure drag 0.016%, arrival 21 minutes, public route - CEX_internal: capacity $430,000, fee 5 bps, expected failure drag 0.003%, arrival 32 minutes, private/internal route Design the collateral routing plan that maximizes expected arrival value while satisfying the deadline and concentration constraints. The answer must reconcile route_allocation_usd, expected_arrival_usd, expected_cost_usd, max_route_share_pct, arrival_minutes, and self_check from one plan. Output JSON fields: intent, chosen_strategy, route_allocation_usd, expected_arrival_usd, expected_cost_usd, max_route_share_pct, arrival_minutes, self_check.",mistralai/mistral-small-2603,0,0,0|0|0,0.083|0.083|0.25,0.139,0.083,2479
AGI-076,L11/AGI,agi-AGI-076,"Move $1,650,000 USDC-equivalent collateral to Optimism before a liquidation keeper snapshot in 30 minutes. A copied public bridge flow can be censored if too concentrated, so no route should carry more than 35% of the total transfer when enough eligible alternatives exist. Routes finishing after the snapshot do not count as usable collateral. Route primitives: - Circle_CCTP: capacity $520,000, fee 4 bps, expected failure drag 0.004%, arrival 11 minutes, private/internal route - Across: capacity $470,000, fee 6 bps, expected failure drag 0.008%, arrival 5 minutes, public route - Stargate: capacity $380,000, fee 9 bps, expected failure drag 0.012%, arrival 15 minutes, public route - Hop: capacity $290,000, fee 11 bps, expected failure drag 0.010%, arrival 18 minutes, public route - CEX_internal: capacity $390,000, fee 5 bps, expected failure drag 0.003%, arrival 28 minutes, private/internal route Design the collateral routing plan that maximizes expected arrival value while satisfying the deadline and concentration constraints. The answer must reconcile route_allocation_usd, expected_arrival_usd, expected_cost_usd, max_route_share_pct, arrival_minutes, and self_check from one plan. Output JSON fields: intent, chosen_strategy, route_allocation_usd, expected_arrival_usd, expected_cost_usd, max_route_share_pct, arrival_minutes, self_check.",mistralai/mistral-medium-3-5,0,0,0|0|0,0.333|0.333|0.333,0.333,0.333,4218
AGI-076,L11/AGI,agi-AGI-076,"Move $1,650,000 USDC-equivalent collateral to Optimism before a liquidation keeper snapshot in 30 minutes. A copied public bridge flow can be censored if too concentrated, so no route should carry more than 35% of the total transfer when enough eligible alternatives exist. Routes finishing after the snapshot do not count as usable collateral. Route primitives: - Circle_CCTP: capacity $520,000, fee 4 bps, expected failure drag 0.004%, arrival 11 minutes, private/internal route - Across: capacity $470,000, fee 6 bps, expected failure drag 0.008%, arrival 5 minutes, public route - Stargate: capacity $380,000, fee 9 bps, expected failure drag 0.012%, arrival 15 minutes, public route - Hop: capacity $290,000, fee 11 bps, expected failure drag 0.010%, arrival 18 minutes, public route - CEX_internal: capacity $390,000, fee 5 bps, expected failure drag 0.003%, arrival 28 minutes, private/internal route Design the collateral routing plan that maximizes expected arrival value while satisfying the deadline and concentration constraints. The answer must reconcile route_allocation_usd, expected_arrival_usd, expected_cost_usd, max_route_share_pct, arrival_minutes, and self_check from one plan. Output JSON fields: intent, chosen_strategy, route_allocation_usd, expected_arrival_usd, expected_cost_usd, max_route_share_pct, arrival_minutes, self_check.",mistralai/mistral-small-2603,0,0,0|0|0,0.333|0.333|0.25,0.306,0.333,2434
AGI-077,L11/AGI,agi-AGI-077,"Move $1,400,000 USDC-equivalent collateral to Polygon before a liquidation keeper snapshot in 34 minutes. A copied public bridge flow can be censored if too concentrated, so no route should carry more than 33% of the total transfer when enough eligible alternatives exist. Routes finishing after the snapshot do not count as usable collateral. Route primitives: - Circle_CCTP: capacity $420,000, fee 5 bps, expected failure drag 0.005%, arrival 12 minutes, private/internal route - Across: capacity $390,000, fee 8 bps, expected failure drag 0.009%, arrival 8 minutes, public route - Stargate: capacity $360,000, fee 10 bps, expected failure drag 0.013%, arrival 17 minutes, public route - CEX_internal: capacity $340,000, fee 6 bps, expected failure drag 0.004%, arrival 30 minutes, private/internal route - Legacy_PoS: capacity $260,000, fee 16 bps, expected failure drag 0.018%, arrival 26 minutes, public route Design the collateral routing plan that maximizes expected arrival value while satisfying the deadline and concentration constraints. The answer must reconcile route_allocation_usd, expected_arrival_usd, expected_cost_usd, max_route_share_pct, arrival_minutes, and self_check from one plan. Output JSON fields: intent, chosen_strategy, route_allocation_usd, expected_arrival_usd, expected_cost_usd, max_route_share_pct, arrival_minutes, self_check.",mistralai/mistral-medium-3-5,0,0,0|0|0,0.333|0.417|0.333,0.361,0.333,4752
AGI-077,L11/AGI,agi-AGI-077,"Move $1,400,000 USDC-equivalent collateral to Polygon before a liquidation keeper snapshot in 34 minutes. A copied public bridge flow can be censored if too concentrated, so no route should carry more than 33% of the total transfer when enough eligible alternatives exist. Routes finishing after the snapshot do not count as usable collateral. Route primitives: - Circle_CCTP: capacity $420,000, fee 5 bps, expected failure drag 0.005%, arrival 12 minutes, private/internal route - Across: capacity $390,000, fee 8 bps, expected failure drag 0.009%, arrival 8 minutes, public route - Stargate: capacity $360,000, fee 10 bps, expected failure drag 0.013%, arrival 17 minutes, public route - CEX_internal: capacity $340,000, fee 6 bps, expected failure drag 0.004%, arrival 30 minutes, private/internal route - Legacy_PoS: capacity $260,000, fee 16 bps, expected failure drag 0.018%, arrival 26 minutes, public route Design the collateral routing plan that maximizes expected arrival value while satisfying the deadline and concentration constraints. The answer must reconcile route_allocation_usd, expected_arrival_usd, expected_cost_usd, max_route_share_pct, arrival_minutes, and self_check from one plan. Output JSON fields: intent, chosen_strategy, route_allocation_usd, expected_arrival_usd, expected_cost_usd, max_route_share_pct, arrival_minutes, self_check.",mistralai/mistral-small-2603,0,0,0|0|0,0.417|0.083|0.417,0.306,0.417,2969
AGI-078,L11/AGI,agi-AGI-078,"You manage $920,000 of directional crypto exposure into a binary BTC miner default window. A hedge is only acceptable if the final package respects the premium budget and keeps the worst scenario PnL no lower than $-135,000. The desk wants the package with the strongest probability-weighted PnL among packages that survive that drawdown floor. Unhedged scenario tape: - default: probability 28.00%, unhedged PnL $-260,000 - chop: probability 47.00%, unhedged PnL $-25,000 - squeeze: probability 25.00%, unhedged PnL $118,000 Available hedge overlays: - put_spread_68k_60k: upfront premium $22,000; payoff by scenario default $145,000, chop $8,000, squeeze $-22,000 - perp_short_20pct: upfront premium $9,000; payoff by scenario default $78,000, chop $-4,000, squeeze $-46,000 - call_overwrite_86k: upfront premium $-7,000; payoff by scenario default $-12,000, chop $5,000, squeeze $-88,000 - variance_swap: upfront premium $18,000; payoff by scenario default $95,000, chop $-6,000, squeeze $12,000 Premium budget: $76,000. Design the hedge package from these primitives. The answer must reconcile selected_hedges, premium_usd, worst_case_pnl_usd, expected_pnl_usd, and self_check from one plan. Output JSON fields: intent, chosen_strategy, selected_hedges, premium_usd, worst_case_pnl_usd, expected_pnl_usd, self_check.",mistralai/mistral-medium-3-5,0,0,0|0|0,0|0|0,0.000,0.000,14400
AGI-078,L11/AGI,agi-AGI-078,"You manage $920,000 of directional crypto exposure into a binary BTC miner default window. A hedge is only acceptable if the final package respects the premium budget and keeps the worst scenario PnL no lower than $-135,000. The desk wants the package with the strongest probability-weighted PnL among packages that survive that drawdown floor. Unhedged scenario tape: - default: probability 28.00%, unhedged PnL $-260,000 - chop: probability 47.00%, unhedged PnL $-25,000 - squeeze: probability 25.00%, unhedged PnL $118,000 Available hedge overlays: - put_spread_68k_60k: upfront premium $22,000; payoff by scenario default $145,000, chop $8,000, squeeze $-22,000 - perp_short_20pct: upfront premium $9,000; payoff by scenario default $78,000, chop $-4,000, squeeze $-46,000 - call_overwrite_86k: upfront premium $-7,000; payoff by scenario default $-12,000, chop $5,000, squeeze $-88,000 - variance_swap: upfront premium $18,000; payoff by scenario default $95,000, chop $-6,000, squeeze $12,000 Premium budget: $76,000. Design the hedge package from these primitives. The answer must reconcile selected_hedges, premium_usd, worst_case_pnl_usd, expected_pnl_usd, and self_check from one plan. Output JSON fields: intent, chosen_strategy, selected_hedges, premium_usd, worst_case_pnl_usd, expected_pnl_usd, self_check.",mistralai/mistral-small-2603,0,0,0|0|0,0|0|0,0.000,0.000,2442
AGI-079,L11/AGI,agi-AGI-079,"You manage $840,000 of directional crypto exposure into a binary ETH validator slashing window. A hedge is only acceptable if the final package respects the premium budget and keeps the worst scenario PnL no lower than $-115,000. The desk wants the package with the strongest probability-weighted PnL among packages that survive that drawdown floor. Unhedged scenario tape: - default: probability 31.00%, unhedged PnL $-220,000 - chop: probability 46.00%, unhedged PnL $-18,000 - squeeze: probability 23.00%, unhedged PnL $94,000 Available hedge overlays: - put_spread_3400_3000: upfront premium $18,000; payoff by scenario default $118,000, chop $6,000, squeeze $-17,000 - stETH_discount_swap: upfront premium $14,000; payoff by scenario default $76,000, chop $-3,000, squeeze $4,000 - perp_short_25pct: upfront premium $11,000; payoff by scenario default $69,000, chop $-5,000, squeeze $-39,000 - call_overwrite_4600: upfront premium $-6,000; payoff by scenario default $-8,000, chop $3,000, squeeze $-62,000 Premium budget: $38,000. Design the hedge package from these primitives. The answer must reconcile selected_hedges, premium_usd, worst_case_pnl_usd, expected_pnl_usd, and self_check from one plan. Output JSON fields: intent, chosen_strategy, selected_hedges, premium_usd, worst_case_pnl_usd, expected_pnl_usd, self_check.",mistralai/mistral-medium-3-5,0,0,0|0|0,0.286|0.143|0.286,0.238,0.286,24057
AGI-079,L11/AGI,agi-AGI-079,"You manage $840,000 of directional crypto exposure into a binary ETH validator slashing window. A hedge is only acceptable if the final package respects the premium budget and keeps the worst scenario PnL no lower than $-115,000. The desk wants the package with the strongest probability-weighted PnL among packages that survive that drawdown floor. Unhedged scenario tape: - default: probability 31.00%, unhedged PnL $-220,000 - chop: probability 46.00%, unhedged PnL $-18,000 - squeeze: probability 23.00%, unhedged PnL $94,000 Available hedge overlays: - put_spread_3400_3000: upfront premium $18,000; payoff by scenario default $118,000, chop $6,000, squeeze $-17,000 - stETH_discount_swap: upfront premium $14,000; payoff by scenario default $76,000, chop $-3,000, squeeze $4,000 - perp_short_25pct: upfront premium $11,000; payoff by scenario default $69,000, chop $-5,000, squeeze $-39,000 - call_overwrite_4600: upfront premium $-6,000; payoff by scenario default $-8,000, chop $3,000, squeeze $-62,000 Premium budget: $38,000. Design the hedge package from these primitives. The answer must reconcile selected_hedges, premium_usd, worst_case_pnl_usd, expected_pnl_usd, and self_check from one plan. Output JSON fields: intent, chosen_strategy, selected_hedges, premium_usd, worst_case_pnl_usd, expected_pnl_usd, self_check.",mistralai/mistral-small-2603,0,0,0|0|0,0.286|0.286|0.286,0.286,0.286,2186
AGI-080,L11/AGI,agi-AGI-080,"You manage $610,000 of directional crypto exposure into a binary SOL outage window. A hedge is only acceptable if the final package respects the premium budget and keeps the worst scenario PnL no lower than $-85,000. The desk wants the package with the strongest probability-weighted PnL among packages that survive that drawdown floor. Unhedged scenario tape: - default: probability 29.00%, unhedged PnL $-160,000 - chop: probability 48.00%, unhedged PnL $-14,000 - squeeze: probability 23.00%, unhedged PnL $76,000 Available hedge overlays: - put_spread_155_130: upfront premium $13,000; payoff by scenario default $86,000, chop $5,000, squeeze $-12,000 - perp_short_30pct: upfront premium $9,000; payoff by scenario default $62,000, chop $-4,000, squeeze $-30,000 - validator_hedge: upfront premium $8,000; payoff by scenario default $41,000, chop $1,000, squeeze $-9,000 - call_overwrite_220: upfront premium $-5,000; payoff by scenario default $-6,000, chop $2,500, squeeze $-47,000 Premium budget: $30,000. Design the hedge package from these primitives. The answer must reconcile selected_hedges, premium_usd, worst_case_pnl_usd, expected_pnl_usd, and self_check from one plan. Output JSON fields: intent, chosen_strategy, selected_hedges, premium_usd, worst_case_pnl_usd, expected_pnl_usd, self_check.",mistralai/mistral-medium-3-5,0,0,0|0|0,0|0|0,0.000,0.000,4841
AGI-080,L11/AGI,agi-AGI-080,"You manage $610,000 of directional crypto exposure into a binary SOL outage window. A hedge is only acceptable if the final package respects the premium budget and keeps the worst scenario PnL no lower than $-85,000. The desk wants the package with the strongest probability-weighted PnL among packages that survive that drawdown floor. Unhedged scenario tape: - default: probability 29.00%, unhedged PnL $-160,000 - chop: probability 48.00%, unhedged PnL $-14,000 - squeeze: probability 23.00%, unhedged PnL $76,000 Available hedge overlays: - put_spread_155_130: upfront premium $13,000; payoff by scenario default $86,000, chop $5,000, squeeze $-12,000 - perp_short_30pct: upfront premium $9,000; payoff by scenario default $62,000, chop $-4,000, squeeze $-30,000 - validator_hedge: upfront premium $8,000; payoff by scenario default $41,000, chop $1,000, squeeze $-9,000 - call_overwrite_220: upfront premium $-5,000; payoff by scenario default $-6,000, chop $2,500, squeeze $-47,000 Premium budget: $30,000. Design the hedge package from these primitives. The answer must reconcile selected_hedges, premium_usd, worst_case_pnl_usd, expected_pnl_usd, and self_check from one plan. Output JSON fields: intent, chosen_strategy, selected_hedges, premium_usd, worst_case_pnl_usd, expected_pnl_usd, self_check.",mistralai/mistral-small-2603,0,0,0|0|0,0|0|0,0.000,0.000,2593
AGI-081,L11/AGI,agi-AGI-081,"You manage $730,000 of directional crypto exposure into a binary DeFi oracle exploit window. A hedge is only acceptable if the final package respects the premium budget and keeps the worst scenario PnL no lower than $-100,000. The desk wants the package with the strongest probability-weighted PnL among packages that survive that drawdown floor. Unhedged scenario tape: - default: probability 30.00%, unhedged PnL $-190,000 - chop: probability 45.00%, unhedged PnL $-22,000 - squeeze: probability 25.00%, unhedged PnL $88,000 Available hedge overlays: - basket_put_spread: upfront premium $17,000; payoff by scenario default $105,000, chop $7,000, squeeze $-15,000 - perp_short_defi: upfront premium $10,000; payoff by scenario default $72,000, chop $-5,000, squeeze $-33,000 - stable_long_basis: upfront premium $6,000; payoff by scenario default $28,000, chop $2,000, squeeze $-4,000 - call_overwrite_index: upfront premium $-5,000; payoff by scenario default $-7,000, chop $3,000, squeeze $-52,000 Premium budget: $33,000. Design the hedge package from these primitives. The answer must reconcile selected_hedges, premium_usd, worst_case_pnl_usd, expected_pnl_usd, and self_check from one plan. Output JSON fields: intent, chosen_strategy, selected_hedges, premium_usd, worst_case_pnl_usd, expected_pnl_usd, self_check.",mistralai/mistral-medium-3-5,0,0,0|0|0,0|0|0,0.000,0.000,5127
AGI-081,L11/AGI,agi-AGI-081,"You manage $730,000 of directional crypto exposure into a binary DeFi oracle exploit window. A hedge is only acceptable if the final package respects the premium budget and keeps the worst scenario PnL no lower than $-100,000. The desk wants the package with the strongest probability-weighted PnL among packages that survive that drawdown floor. Unhedged scenario tape: - default: probability 30.00%, unhedged PnL $-190,000 - chop: probability 45.00%, unhedged PnL $-22,000 - squeeze: probability 25.00%, unhedged PnL $88,000 Available hedge overlays: - basket_put_spread: upfront premium $17,000; payoff by scenario default $105,000, chop $7,000, squeeze $-15,000 - perp_short_defi: upfront premium $10,000; payoff by scenario default $72,000, chop $-5,000, squeeze $-33,000 - stable_long_basis: upfront premium $6,000; payoff by scenario default $28,000, chop $2,000, squeeze $-4,000 - call_overwrite_index: upfront premium $-5,000; payoff by scenario default $-7,000, chop $3,000, squeeze $-52,000 Premium budget: $33,000. Design the hedge package from these primitives. The answer must reconcile selected_hedges, premium_usd, worst_case_pnl_usd, expected_pnl_usd, and self_check from one plan. Output JSON fields: intent, chosen_strategy, selected_hedges, premium_usd, worst_case_pnl_usd, expected_pnl_usd, self_check.",mistralai/mistral-small-2603,0,0,0|0|0,0|0|0,0.000,0.000,2394
AGI-082,L11/AGI,agi-AGI-082,"Convert $4,130,000 USDC into HYPE during a pre-announcement liquidity window. Public route overuse is copied by searchers and repriced before completion; private routes do not create a public pre-fill graph. No spot inventory may be used to offset the acquisition. Current HYPE mid is $24.8. Venue primitives: - Binance: usable clip $900,000, quoted price $24.76, fee 0.06%, fixed cost $45, publicly visible before completion - Hyperliquid_RFQ: usable clip $850,000, quoted price $24.81, fee 0.04%, fixed cost $30, private before completion - Bybit: usable clip $700,000, quoted price $24.88, fee 0.07%, fixed cost $35, publicly visible before completion - CoW_RFQ: usable clip $650,000, quoted price $24.93, fee 0.05%, fixed cost $25, private before completion - Uniswap_Arbitrum: usable clip $550,000, quoted price $25.02, fee 0.12%, fixed cost $120, private before completion - Coinbase: usable clip $600,000, quoted price $25.08, fee 0.08%, fixed cost $40, publicly visible before completion Any publicly visible child order larger than $780,000 is copied and loses priority before the fill settles. Design the acquisition route that completes the full notional while avoiding copied-flow repricing. The answer must reconcile venue_allocation_usd, largest_visible_clip_usd, expected_asset_received, effective_price, and self_check from one plan. Output JSON fields: intent, chosen_strategy, venue_allocation_usd, largest_visible_clip_usd, expected_asset_received, effective_price, self_check.",mistralai/mistral-medium-3-5,0,0,0|0|0,0|0.583|0.25,0.278,0.250,6629
AGI-082,L11/AGI,agi-AGI-082,"Convert $4,130,000 USDC into HYPE during a pre-announcement liquidity window. Public route overuse is copied by searchers and repriced before completion; private routes do not create a public pre-fill graph. No spot inventory may be used to offset the acquisition. Current HYPE mid is $24.8. Venue primitives: - Binance: usable clip $900,000, quoted price $24.76, fee 0.06%, fixed cost $45, publicly visible before completion - Hyperliquid_RFQ: usable clip $850,000, quoted price $24.81, fee 0.04%, fixed cost $30, private before completion - Bybit: usable clip $700,000, quoted price $24.88, fee 0.07%, fixed cost $35, publicly visible before completion - CoW_RFQ: usable clip $650,000, quoted price $24.93, fee 0.05%, fixed cost $25, private before completion - Uniswap_Arbitrum: usable clip $550,000, quoted price $25.02, fee 0.12%, fixed cost $120, private before completion - Coinbase: usable clip $600,000, quoted price $25.08, fee 0.08%, fixed cost $40, publicly visible before completion Any publicly visible child order larger than $780,000 is copied and loses priority before the fill settles. Design the acquisition route that completes the full notional while avoiding copied-flow repricing. The answer must reconcile venue_allocation_usd, largest_visible_clip_usd, expected_asset_received, effective_price, and self_check from one plan. Output JSON fields: intent, chosen_strategy, venue_allocation_usd, largest_visible_clip_usd, expected_asset_received, effective_price, self_check.",mistralai/mistral-small-2603,0,0,0|0|0,0.333|0.417|0.25,0.333,0.333,2520
AGI-083,L11/AGI,agi-AGI-083,"Convert $2,850,000 USDC into JUP during a pre-announcement liquidity window. Public route overuse is copied by searchers and repriced before completion; private routes do not create a public pre-fill graph. No spot inventory may be used to offset the acquisition. Current JUP mid is $0.91. Venue primitives: - Jupiter_Solana: usable clip $700,000, quoted price $0.91, fee 0.10%, fixed cost $90, private before completion - Binance: usable clip $650,000, quoted price $0.91, fee 0.06%, fixed cost $35, publicly visible before completion - OKX: usable clip $500,000, quoted price $0.92, fee 0.07%, fixed cost $30, publicly visible before completion - Wintermute_RFQ: usable clip $550,000, quoted price $0.92, fee 0.03%, fixed cost $20, private before completion - Orca: usable clip $300,000, quoted price $0.93, fee 0.14%, fixed cost $80, private before completion - Coinbase: usable clip $350,000, quoted price $0.93, fee 0.08%, fixed cost $35, publicly visible before completion Any publicly visible child order larger than $640,000 is copied and loses priority before the fill settles. Design the acquisition route that completes the full notional while avoiding copied-flow repricing. The answer must reconcile venue_allocation_usd, largest_visible_clip_usd, expected_asset_received, effective_price, and self_check from one plan. Output JSON fields: intent, chosen_strategy, venue_allocation_usd, largest_visible_clip_usd, expected_asset_received, effective_price, self_check.",mistralai/mistral-medium-3-5,0,0,0|0|0,0|0.417|0,0.139,0.000,2656
AGI-083,L11/AGI,agi-AGI-083,"Convert $2,850,000 USDC into JUP during a pre-announcement liquidity window. Public route overuse is copied by searchers and repriced before completion; private routes do not create a public pre-fill graph. No spot inventory may be used to offset the acquisition. Current JUP mid is $0.91. Venue primitives: - Jupiter_Solana: usable clip $700,000, quoted price $0.91, fee 0.10%, fixed cost $90, private before completion - Binance: usable clip $650,000, quoted price $0.91, fee 0.06%, fixed cost $35, publicly visible before completion - OKX: usable clip $500,000, quoted price $0.92, fee 0.07%, fixed cost $30, publicly visible before completion - Wintermute_RFQ: usable clip $550,000, quoted price $0.92, fee 0.03%, fixed cost $20, private before completion - Orca: usable clip $300,000, quoted price $0.93, fee 0.14%, fixed cost $80, private before completion - Coinbase: usable clip $350,000, quoted price $0.93, fee 0.08%, fixed cost $35, publicly visible before completion Any publicly visible child order larger than $640,000 is copied and loses priority before the fill settles. Design the acquisition route that completes the full notional while avoiding copied-flow repricing. The answer must reconcile venue_allocation_usd, largest_visible_clip_usd, expected_asset_received, effective_price, and self_check from one plan. Output JSON fields: intent, chosen_strategy, venue_allocation_usd, largest_visible_clip_usd, expected_asset_received, effective_price, self_check.",mistralai/mistral-small-2603,0,0,0|0|0,0.333|0.333|0.333,0.333,0.333,2559
AGI-084,L11/AGI,agi-AGI-084,"Convert $3,560,000 USDC into TAO during a pre-announcement liquidity window. Public route overuse is copied by searchers and repriced before completion; private routes do not create a public pre-fill graph. No spot inventory may be used to offset the acquisition. Current TAO mid is $518. Venue primitives: - Binance: usable clip $800,000, quoted price $517.2, fee 0.07%, fixed cost $50, publicly visible before completion - OTC_Block: usable clip $900,000, quoted price $518.6, fee 0.03%, fixed cost $35, private before completion - Kraken: usable clip $500,000, quoted price $520.1, fee 0.08%, fixed cost $40, publicly visible before completion - Bybit: usable clip $650,000, quoted price $519.4, fee 0.07%, fixed cost $45, publicly visible before completion - CoW_RFQ: usable clip $450,000, quoted price $521, fee 0.04%, fixed cost $25, private before completion - Uniswap_Base: usable clip $300,000, quoted price $523.5, fee 0.15%, fixed cost $140, private before completion Any publicly visible child order larger than $760,000 is copied and loses priority before the fill settles. Design the acquisition route that completes the full notional while avoiding copied-flow repricing. The answer must reconcile venue_allocation_usd, largest_visible_clip_usd, expected_asset_received, effective_price, and self_check from one plan. Output JSON fields: intent, chosen_strategy, venue_allocation_usd, largest_visible_clip_usd, expected_asset_received, effective_price, self_check.",mistralai/mistral-medium-3-5,0,0,0|0|0,0.333|0|0,0.111,0.000,4392
AGI-084,L11/AGI,agi-AGI-084,"Convert $3,560,000 USDC into TAO during a pre-announcement liquidity window. Public route overuse is copied by searchers and repriced before completion; private routes do not create a public pre-fill graph. No spot inventory may be used to offset the acquisition. Current TAO mid is $518. Venue primitives: - Binance: usable clip $800,000, quoted price $517.2, fee 0.07%, fixed cost $50, publicly visible before completion - OTC_Block: usable clip $900,000, quoted price $518.6, fee 0.03%, fixed cost $35, private before completion - Kraken: usable clip $500,000, quoted price $520.1, fee 0.08%, fixed cost $40, publicly visible before completion - Bybit: usable clip $650,000, quoted price $519.4, fee 0.07%, fixed cost $45, publicly visible before completion - CoW_RFQ: usable clip $450,000, quoted price $521, fee 0.04%, fixed cost $25, private before completion - Uniswap_Base: usable clip $300,000, quoted price $523.5, fee 0.15%, fixed cost $140, private before completion Any publicly visible child order larger than $760,000 is copied and loses priority before the fill settles. Design the acquisition route that completes the full notional while avoiding copied-flow repricing. The answer must reconcile venue_allocation_usd, largest_visible_clip_usd, expected_asset_received, effective_price, and self_check from one plan. Output JSON fields: intent, chosen_strategy, venue_allocation_usd, largest_visible_clip_usd, expected_asset_received, effective_price, self_check.",mistralai/mistral-small-2603,0,0,0|0|0,0.25|0.333|0.583,0.389,0.333,2675
AGI-085,L11/AGI,agi-AGI-085,"Convert $2,400,000 USDC into ENA during a pre-announcement liquidity window. Public route overuse is copied by searchers and repriced before completion; private routes do not create a public pre-fill graph. No spot inventory may be used to offset the acquisition. Current ENA mid is $0.73. Venue primitives: - Binance: usable clip $650,000, quoted price $0.73, fee 0.06%, fixed cost $30, publicly visible before completion - Ethena_RFQ: usable clip $500,000, quoted price $0.73, fee 0.02%, fixed cost $15, private before completion - OKX: usable clip $450,000, quoted price $0.73, fee 0.07%, fixed cost $30, publicly visible before completion - Bybit: usable clip $450,000, quoted price $0.74, fee 0.07%, fixed cost $35, publicly visible before completion - Curve_USDe: usable clip $250,000, quoted price $0.74, fee 0.11%, fixed cost $95, private before completion - Coinbase: usable clip $300,000, quoted price $0.74, fee 0.08%, fixed cost $35, publicly visible before completion Any publicly visible child order larger than $620,000 is copied and loses priority before the fill settles. Design the acquisition route that completes the full notional while avoiding copied-flow repricing. The answer must reconcile venue_allocation_usd, largest_visible_clip_usd, expected_asset_received, effective_price, and self_check from one plan. Output JSON fields: intent, chosen_strategy, venue_allocation_usd, largest_visible_clip_usd, expected_asset_received, effective_price, self_check.",mistralai/mistral-medium-3-5,0,0,0|0|0,0|0|0.417,0.139,0.000,6726
AGI-085,L11/AGI,agi-AGI-085,"Convert $2,400,000 USDC into ENA during a pre-announcement liquidity window. Public route overuse is copied by searchers and repriced before completion; private routes do not create a public pre-fill graph. No spot inventory may be used to offset the acquisition. Current ENA mid is $0.73. Venue primitives: - Binance: usable clip $650,000, quoted price $0.73, fee 0.06%, fixed cost $30, publicly visible before completion - Ethena_RFQ: usable clip $500,000, quoted price $0.73, fee 0.02%, fixed cost $15, private before completion - OKX: usable clip $450,000, quoted price $0.73, fee 0.07%, fixed cost $30, publicly visible before completion - Bybit: usable clip $450,000, quoted price $0.74, fee 0.07%, fixed cost $35, publicly visible before completion - Curve_USDe: usable clip $250,000, quoted price $0.74, fee 0.11%, fixed cost $95, private before completion - Coinbase: usable clip $300,000, quoted price $0.74, fee 0.08%, fixed cost $35, publicly visible before completion Any publicly visible child order larger than $620,000 is copied and loses priority before the fill settles. Design the acquisition route that completes the full notional while avoiding copied-flow repricing. The answer must reconcile venue_allocation_usd, largest_visible_clip_usd, expected_asset_received, effective_price, and self_check from one plan. Output JSON fields: intent, chosen_strategy, venue_allocation_usd, largest_visible_clip_usd, expected_asset_received, effective_price, self_check.",mistralai/mistral-small-2603,0,0,0|0|0,0.167|0.167|0.583,0.306,0.167,2718
AGI-086,L11/AGI,agi-AGI-086,"You must buy 50,000 ABC before an information event. A copy-trading bot worsens the remaining public book after it sees an aggressive parent order above 10,000 ABC, while private fills update no public footprint. Raw execution primitives: - Dark_RFQ can fill 15,000 ABC at $1.206 all-in if committed before T+20s; it is not visible to the copy bot. - Internalizer can fill 18,000 ABC at $1.2075 all-in if committed before T+45s; it is not visible to the copy bot. - RFQ_A can fill 10,000 ABC at $1.209 all-in if committed before T+70s; it is not visible to the copy bot. - A hidden public iceberg can absorb up to 7,000 ABC at $1.204 before the event. Any larger public parent becomes visible and can reprice the rest of the order. - Current mid is $1.2. Every committed child must finish inside the event window. Design the execution route from these primitives. The answer must reconcile route order, venue fills, hidden-public size, all-in average price, slippage versus mid, and a self-check that the copied-flow trigger is not activated. Output JSON fields: intent, chosen_strategy, execution_sequence, venue_fills, hidden_public_qty, expected_avg_price, expected_slippage_pct, self_check.",mistralai/mistral-medium-3-5,3,1,1|1|1,0.727|0.727|0.727,0.727,0.727,6808
AGI-086,L11/AGI,agi-AGI-086,"You must buy 50,000 ABC before an information event. A copy-trading bot worsens the remaining public book after it sees an aggressive parent order above 10,000 ABC, while private fills update no public footprint. Raw execution primitives: - Dark_RFQ can fill 15,000 ABC at $1.206 all-in if committed before T+20s; it is not visible to the copy bot. - Internalizer can fill 18,000 ABC at $1.2075 all-in if committed before T+45s; it is not visible to the copy bot. - RFQ_A can fill 10,000 ABC at $1.209 all-in if committed before T+70s; it is not visible to the copy bot. - A hidden public iceberg can absorb up to 7,000 ABC at $1.204 before the event. Any larger public parent becomes visible and can reprice the rest of the order. - Current mid is $1.2. Every committed child must finish inside the event window. Design the execution route from these primitives. The answer must reconcile route order, venue fills, hidden-public size, all-in average price, slippage versus mid, and a self-check that the copied-flow trigger is not activated. Output JSON fields: intent, chosen_strategy, execution_sequence, venue_fills, hidden_public_qty, expected_avg_price, expected_slippage_pct, self_check.",mistralai/mistral-small-2603,0,0,0|0|0,0.636|0.636|0.636,0.636,0.636,3578
AGI-087,L11/AGI,agi-AGI-087,"You must buy 80,000 RHO before an information event. A copy-trading bot worsens the remaining public book after it sees an aggressive parent order above 18,000 RHO, while private fills update no public footprint. Raw execution primitives: - CEX_Y can fill 22,000 RHO at $0.8218 all-in if committed before T+20s; it is not visible to the copy bot. - Dark_RFQ can fill 25,000 RHO at $0.8229 all-in if committed before T+45s; it is not visible to the copy bot. - RFQ_A can fill 24,000 RHO at $0.8242 all-in if committed before T+70s; it is not visible to the copy bot. - A hidden public iceberg can absorb up to 9,000 RHO at $0.8205 before the event. Any larger public parent becomes visible and can reprice the rest of the order. - Current mid is $0.819. Every committed child must finish inside the event window. Design the execution route from these primitives. The answer must reconcile route order, venue fills, hidden-public size, all-in average price, slippage versus mid, and a self-check that the copied-flow trigger is not activated. Output JSON fields: intent, chosen_strategy, execution_sequence, venue_fills, hidden_public_qty, expected_avg_price, expected_slippage_pct, self_check.",mistralai/mistral-medium-3-5,1,0,1|0|0,0.727|0.364|0.636,0.576,0.636,5431
AGI-087,L11/AGI,agi-AGI-087,"You must buy 80,000 RHO before an information event. A copy-trading bot worsens the remaining public book after it sees an aggressive parent order above 18,000 RHO, while private fills update no public footprint. Raw execution primitives: - CEX_Y can fill 22,000 RHO at $0.8218 all-in if committed before T+20s; it is not visible to the copy bot. - Dark_RFQ can fill 25,000 RHO at $0.8229 all-in if committed before T+45s; it is not visible to the copy bot. - RFQ_A can fill 24,000 RHO at $0.8242 all-in if committed before T+70s; it is not visible to the copy bot. - A hidden public iceberg can absorb up to 9,000 RHO at $0.8205 before the event. Any larger public parent becomes visible and can reprice the rest of the order. - Current mid is $0.819. Every committed child must finish inside the event window. Design the execution route from these primitives. The answer must reconcile route order, venue fills, hidden-public size, all-in average price, slippage versus mid, and a self-check that the copied-flow trigger is not activated. Output JSON fields: intent, chosen_strategy, execution_sequence, venue_fills, hidden_public_qty, expected_avg_price, expected_slippage_pct, self_check.",mistralai/mistral-small-2603,0,0,0|0|0,0.545|0.636|0.636,0.606,0.636,6248
AGI-088,L11/AGI,agi-AGI-088,"You must buy 120,000 KAP before an information event. A copy-trading bot worsens the remaining public book after it sees an aggressive parent order above 25,000 KAP, while private fills update no public footprint. Raw execution primitives: - Internalizer can fill 42,000 KAP at $4.925 all-in if committed before T+20s; it is not visible to the copy bot. - Dark_RFQ can fill 35,000 KAP at $4.931 all-in if committed before T+45s; it is not visible to the copy bot. - CEX_Y can fill 30,000 KAP at $4.936 all-in if committed before T+70s; it is not visible to the copy bot. - A hidden public iceberg can absorb up to 13,000 KAP at $4.918 before the event. Any larger public parent becomes visible and can reprice the rest of the order. - Current mid is $4.91. Every committed child must finish inside the event window. Design the execution route from these primitives. The answer must reconcile route order, venue fills, hidden-public size, all-in average price, slippage versus mid, and a self-check that the copied-flow trigger is not activated. Output JSON fields: intent, chosen_strategy, execution_sequence, venue_fills, hidden_public_qty, expected_avg_price, expected_slippage_pct, self_check.",mistralai/mistral-medium-3-5,3,1,1|1|1,0.727|0.727|0.727,0.727,0.727,4801
AGI-088,L11/AGI,agi-AGI-088,"You must buy 120,000 KAP before an information event. A copy-trading bot worsens the remaining public book after it sees an aggressive parent order above 25,000 KAP, while private fills update no public footprint. Raw execution primitives: - Internalizer can fill 42,000 KAP at $4.925 all-in if committed before T+20s; it is not visible to the copy bot. - Dark_RFQ can fill 35,000 KAP at $4.931 all-in if committed before T+45s; it is not visible to the copy bot. - CEX_Y can fill 30,000 KAP at $4.936 all-in if committed before T+70s; it is not visible to the copy bot. - A hidden public iceberg can absorb up to 13,000 KAP at $4.918 before the event. Any larger public parent becomes visible and can reprice the rest of the order. - Current mid is $4.91. Every committed child must finish inside the event window. Design the execution route from these primitives. The answer must reconcile route order, venue fills, hidden-public size, all-in average price, slippage versus mid, and a self-check that the copied-flow trigger is not activated. Output JSON fields: intent, chosen_strategy, execution_sequence, venue_fills, hidden_public_qty, expected_avg_price, expected_slippage_pct, self_check.",mistralai/mistral-small-2603,1,0,1|0|0,0.727|0.636|0.636,0.667,0.636,2467
AGI-089,L11/AGI,agi-AGI-089,"You are long 80 ETH perpetual units from $3200 at 4x leverage. Current ETH mid is $3150; original margin was entry notional divided by leverage. A liquidation engine begins a correlated-account sweep before the next carry/funding timestamp. Raw venue primitives: - The risk feed classifies accounts by visible net ETH exposure at the sweep. Accounts still showing more than 55 ETH net long can be stress-marked to $3000 before carry is paid. - A private hedge tunnel can reduce up to 50 ETH immediately at the current mid with 0.07% execution cost. It updates the risk feed before the sweep and does not advertise a margin top-up. - Visible margin additions settle after the sweep scorer snapshots the account and can be copied by liquidation searchers. - If the account avoids the sweep, the post-sweep mark is expected to be $3260 and residual longs receive 0.060% funding on that mark. - The portfolio mandate requires preserving at least 30 ETH of upside delta if that can be done without creating a sweep-path inconsistency. Design the defensive strategy from these primitives. The answer must reconcile the hedge size, residual exposure, worst sweep drawdown versus original margin, funding-window PnL, and self-check from the same plan. Output JSON fields: intent, chosen_strategy, hedge_units, net_exposure_units, worst_case_margin_drawdown_pct, funding_window_pnl_usd, self_check.",mistralai/mistral-medium-3-5,0,0,0|0|0,0|0|0,0.000,0.000,6058
AGI-089,L11/AGI,agi-AGI-089,"You are long 80 ETH perpetual units from $3200 at 4x leverage. Current ETH mid is $3150; original margin was entry notional divided by leverage. A liquidation engine begins a correlated-account sweep before the next carry/funding timestamp. Raw venue primitives: - The risk feed classifies accounts by visible net ETH exposure at the sweep. Accounts still showing more than 55 ETH net long can be stress-marked to $3000 before carry is paid. - A private hedge tunnel can reduce up to 50 ETH immediately at the current mid with 0.07% execution cost. It updates the risk feed before the sweep and does not advertise a margin top-up. - Visible margin additions settle after the sweep scorer snapshots the account and can be copied by liquidation searchers. - If the account avoids the sweep, the post-sweep mark is expected to be $3260 and residual longs receive 0.060% funding on that mark. - The portfolio mandate requires preserving at least 30 ETH of upside delta if that can be done without creating a sweep-path inconsistency. Design the defensive strategy from these primitives. The answer must reconcile the hedge size, residual exposure, worst sweep drawdown versus original margin, funding-window PnL, and self-check from the same plan. Output JSON fields: intent, chosen_strategy, hedge_units, net_exposure_units, worst_case_margin_drawdown_pct, funding_window_pnl_usd, self_check.",mistralai/mistral-small-2603,0,0,0|0|0,0.286|0.286|0.286,0.286,0.286,2604
AGI-090,L11/AGI,agi-AGI-090,"You are long 5,000 SOL perpetual units from $145 at 5x leverage. Current SOL mid is $142; original margin was entry notional divided by leverage. A liquidation engine begins a correlated-account sweep before the next carry/funding timestamp. Raw venue primitives: - The risk feed classifies accounts by visible net SOL exposure at the sweep. Accounts still showing more than 3,200 SOL net long can be stress-marked to $132 before carry is paid. - A private hedge tunnel can reduce up to 3,000 SOL immediately at the current mid with 0.08% execution cost. It updates the risk feed before the sweep and does not advertise a margin top-up. - Visible margin additions settle after the sweep scorer snapshots the account and can be copied by liquidation searchers. - If the account avoids the sweep, the post-sweep mark is expected to be $150 and residual longs receive 0.090% funding on that mark. - The portfolio mandate requires preserving at least 2,000 SOL of upside delta if that can be done without creating a sweep-path inconsistency. Design the defensive strategy from these primitives. The answer must reconcile the hedge size, residual exposure, worst sweep drawdown versus original margin, funding-window PnL, and self-check from the same plan. Output JSON fields: intent, chosen_strategy, hedge_units, net_exposure_units, worst_case_margin_drawdown_pct, funding_window_pnl_usd, self_check.",mistralai/mistral-medium-3-5,0,0,0|0|0,0|0|0,0.000,0.000,6874
AGI-090,L11/AGI,agi-AGI-090,"You are long 5,000 SOL perpetual units from $145 at 5x leverage. Current SOL mid is $142; original margin was entry notional divided by leverage. A liquidation engine begins a correlated-account sweep before the next carry/funding timestamp. Raw venue primitives: - The risk feed classifies accounts by visible net SOL exposure at the sweep. Accounts still showing more than 3,200 SOL net long can be stress-marked to $132 before carry is paid. - A private hedge tunnel can reduce up to 3,000 SOL immediately at the current mid with 0.08% execution cost. It updates the risk feed before the sweep and does not advertise a margin top-up. - Visible margin additions settle after the sweep scorer snapshots the account and can be copied by liquidation searchers. - If the account avoids the sweep, the post-sweep mark is expected to be $150 and residual longs receive 0.090% funding on that mark. - The portfolio mandate requires preserving at least 2,000 SOL of upside delta if that can be done without creating a sweep-path inconsistency. Design the defensive strategy from these primitives. The answer must reconcile the hedge size, residual exposure, worst sweep drawdown versus original margin, funding-window PnL, and self-check from the same plan. Output JSON fields: intent, chosen_strategy, hedge_units, net_exposure_units, worst_case_margin_drawdown_pct, funding_window_pnl_usd, self_check.",mistralai/mistral-small-2603,0,0,0|0|0,0.286|0.286|0.286,0.286,0.286,1787
AGI-091,L11/AGI,agi-AGI-091,"You are long 200,000 ARB perpetual units from $1.22 at 4x leverage. Current ARB mid is $1.19; original margin was entry notional divided by leverage. A liquidation engine begins a correlated-account sweep before the next carry/funding timestamp. Raw venue primitives: - The risk feed classifies accounts by visible net ARB exposure at the sweep. Accounts still showing more than 120,000 ARB net long can be stress-marked to $1.08 before carry is paid. - A private hedge tunnel can reduce up to 125,000 ARB immediately at the current mid with 0.10% execution cost. It updates the risk feed before the sweep and does not advertise a margin top-up. - Visible margin additions settle after the sweep scorer snapshots the account and can be copied by liquidation searchers. - If the account avoids the sweep, the post-sweep mark is expected to be $1.25 and residual longs receive 0.070% funding on that mark. - The portfolio mandate requires preserving at least 75,000 ARB of upside delta if that can be done without creating a sweep-path inconsistency. Design the defensive strategy from these primitives. The answer must reconcile the hedge size, residual exposure, worst sweep drawdown versus original margin, funding-window PnL, and self-check from the same plan. Output JSON fields: intent, chosen_strategy, hedge_units, net_exposure_units, worst_case_margin_drawdown_pct, funding_window_pnl_usd, self_check.",mistralai/mistral-medium-3-5,0,0,0|0|0,0.286|0.286|0,0.190,0.286,6090
AGI-091,L11/AGI,agi-AGI-091,"You are long 200,000 ARB perpetual units from $1.22 at 4x leverage. Current ARB mid is $1.19; original margin was entry notional divided by leverage. A liquidation engine begins a correlated-account sweep before the next carry/funding timestamp. Raw venue primitives: - The risk feed classifies accounts by visible net ARB exposure at the sweep. Accounts still showing more than 120,000 ARB net long can be stress-marked to $1.08 before carry is paid. - A private hedge tunnel can reduce up to 125,000 ARB immediately at the current mid with 0.10% execution cost. It updates the risk feed before the sweep and does not advertise a margin top-up. - Visible margin additions settle after the sweep scorer snapshots the account and can be copied by liquidation searchers. - If the account avoids the sweep, the post-sweep mark is expected to be $1.25 and residual longs receive 0.070% funding on that mark. - The portfolio mandate requires preserving at least 75,000 ARB of upside delta if that can be done without creating a sweep-path inconsistency. Design the defensive strategy from these primitives. The answer must reconcile the hedge size, residual exposure, worst sweep drawdown versus original margin, funding-window PnL, and self-check from the same plan. Output JSON fields: intent, chosen_strategy, hedge_units, net_exposure_units, worst_case_margin_drawdown_pct, funding_window_pnl_usd, self_check.",mistralai/mistral-small-2603,0,0,0|0|0,0.286|0.286|0.286,0.286,0.286,2053
AGI-092,L11/AGI,agi-AGI-092,"Stable yield holdout. Allocate $100,000 for 90 days across five protocol venues with APY, tail-loss, cap, and exit-window differences. Venue signals after tail losses and hedge drag: Aave_USDC: cap 20000, net APY signal 7.04%, 48h-liquid; Curve_3pool: cap 30000, net APY signal 8.14%, 48h-liquid; Ethena_USDe: cap 20000, net APY signal 9.24%, term/slow-exit; GMX_GLP: cap 30000, net APY signal 10.34%, term/slow-exit; a fifth uncapped-looking venue has lower net APY and enters a redemption queue above $10,000. A public allocator that exceeds a fragile venue threshold is queued behind mercenary withdrawals. At least half the capital must be liquid inside 48 hours, and no allocation may use a tier that enters the adversarial queue. Maximize risk-adjusted 90-day dollars from the listed opportunity set. Output JSON fields: intent, chosen_strategy, allocation_usd, expected_net_apy_pct, expected_90d_profit_usd, liquidity_48h_usd.",mistralai/mistral-medium-3-5,1,0,0|1|0,0.667|0.778|0.667,0.704,0.667,7642
AGI-092,L11/AGI,agi-AGI-092,"Stable yield holdout. Allocate $100,000 for 90 days across five protocol venues with APY, tail-loss, cap, and exit-window differences. Venue signals after tail losses and hedge drag: Aave_USDC: cap 20000, net APY signal 7.04%, 48h-liquid; Curve_3pool: cap 30000, net APY signal 8.14%, 48h-liquid; Ethena_USDe: cap 20000, net APY signal 9.24%, term/slow-exit; GMX_GLP: cap 30000, net APY signal 10.34%, term/slow-exit; a fifth uncapped-looking venue has lower net APY and enters a redemption queue above $10,000. A public allocator that exceeds a fragile venue threshold is queued behind mercenary withdrawals. At least half the capital must be liquid inside 48 hours, and no allocation may use a tier that enters the adversarial queue. Maximize risk-adjusted 90-day dollars from the listed opportunity set. Output JSON fields: intent, chosen_strategy, allocation_usd, expected_net_apy_pct, expected_90d_profit_usd, liquidity_48h_usd.",mistralai/mistral-small-2603,2,1,0|1|1,0.556|0.778|0.778,0.704,0.778,2277
AGI-093,L11/AGI,agi-AGI-093,"Restaking yield holdout. Allocate $100,000 for 90 days across five protocol venues with APY, tail-loss, cap, and exit-window differences. Venue signals after tail losses and hedge drag: Aave_USDC: cap 25000, net APY signal 6.19%, 48h-liquid; Symbiotic_AVS: cap 20000, net APY signal 7.29%, 48h-liquid; EigenLayer_AVS: cap 25000, net APY signal 8.39%, term/slow-exit; Pendle_PT: cap 30000, net APY signal 9.49%, term/slow-exit; a fifth uncapped-looking venue has lower net APY and enters a redemption queue above $10,000. A public allocator that exceeds a fragile venue threshold is queued behind mercenary withdrawals. At least half the capital must be liquid inside 48 hours, and no allocation may use a tier that enters the adversarial queue. Maximize risk-adjusted 90-day dollars from the listed opportunity set. Output JSON fields: intent, chosen_strategy, allocation_usd, expected_net_apy_pct, expected_90d_profit_usd, liquidity_48h_usd.",mistralai/mistral-medium-3-5,0,0,0|0|0,0.556|0.667|0.556,0.593,0.556,4453
AGI-093,L11/AGI,agi-AGI-093,"Restaking yield holdout. Allocate $100,000 for 90 days across five protocol venues with APY, tail-loss, cap, and exit-window differences. Venue signals after tail losses and hedge drag: Aave_USDC: cap 25000, net APY signal 6.19%, 48h-liquid; Symbiotic_AVS: cap 20000, net APY signal 7.29%, 48h-liquid; EigenLayer_AVS: cap 25000, net APY signal 8.39%, term/slow-exit; Pendle_PT: cap 30000, net APY signal 9.49%, term/slow-exit; a fifth uncapped-looking venue has lower net APY and enters a redemption queue above $10,000. A public allocator that exceeds a fragile venue threshold is queued behind mercenary withdrawals. At least half the capital must be liquid inside 48 hours, and no allocation may use a tier that enters the adversarial queue. Maximize risk-adjusted 90-day dollars from the listed opportunity set. Output JSON fields: intent, chosen_strategy, allocation_usd, expected_net_apy_pct, expected_90d_profit_usd, liquidity_48h_usd.",mistralai/mistral-small-2603,0,0,0|0|0,0.444|0.444|0.556,0.481,0.444,2345
AGI-094,L11/AGI,agi-AGI-094,"Allocate $100,000 for 90 days across protocol venues while preserving crisis liquidity. A public allocator that overloads a fragile redemption lane is queued behind mercenary withdrawals. Raw venue primitives: - Aave_USDC: 5.4% APY, liquid inside 48 hours, no tail loss at this size, $30,000 practical capacity. - Maple_USDC: 9.8% APY, liquid inside 48 hours, 1.0% chance of an 8% credit loss during the term, $25,000 borrower-pool capacity. - Ethena_USDe: 16.0% APY, seven-day exit, 2.5% chance of a 50% shutdown loss during the term, redemptions above $20,000 enter the adversarial queue. - GMX_GLP: 18.0% APY, five-day exit, market-beta hedge drag of 7.0% annualized, $30,000 capacity before withdrawal impact. - NewFarm_USD: headline 13.0% APY, twelve-day exit, queue penalty begins above $10,000 and queue position is public. At least $50,000 must be liquid inside 48 hours, and any allocation that enters an adversarial queue is inconsistent with the mandate. Design the risk-adjusted allocation from these primitives and reconcile allocation, annualized net APY, 90-day profit, 48-hour liquidity, and self-check. Output JSON fields: intent, chosen_strategy, allocation_usd, expected_net_apy_pct, expected_90d_profit_usd, liquidity_48h_usd, self_check.",mistralai/mistral-medium-3-5,0,0,0|0|0,0.3|0.3|0.3,0.300,0.300,2963
AGI-094,L11/AGI,agi-AGI-094,"Allocate $100,000 for 90 days across protocol venues while preserving crisis liquidity. A public allocator that overloads a fragile redemption lane is queued behind mercenary withdrawals. Raw venue primitives: - Aave_USDC: 5.4% APY, liquid inside 48 hours, no tail loss at this size, $30,000 practical capacity. - Maple_USDC: 9.8% APY, liquid inside 48 hours, 1.0% chance of an 8% credit loss during the term, $25,000 borrower-pool capacity. - Ethena_USDe: 16.0% APY, seven-day exit, 2.5% chance of a 50% shutdown loss during the term, redemptions above $20,000 enter the adversarial queue. - GMX_GLP: 18.0% APY, five-day exit, market-beta hedge drag of 7.0% annualized, $30,000 capacity before withdrawal impact. - NewFarm_USD: headline 13.0% APY, twelve-day exit, queue penalty begins above $10,000 and queue position is public. At least $50,000 must be liquid inside 48 hours, and any allocation that enters an adversarial queue is inconsistent with the mandate. Design the risk-adjusted allocation from these primitives and reconcile allocation, annualized net APY, 90-day profit, 48-hour liquidity, and self-check. Output JSON fields: intent, chosen_strategy, allocation_usd, expected_net_apy_pct, expected_90d_profit_usd, liquidity_48h_usd, self_check.",mistralai/mistral-small-2603,0,0,0|0|0,0.5|0.4|0.5,0.467,0.500,2811
AGI-095,L11/AGI,agi-AGI-095,"Move $600,000 USDC before an auction deadline in 90 minutes. A bridge exploit searcher watches public transfer graphs and focuses on the largest observable clip, while private attestation hides transfers before settlement. Raw route primitives: - Alpha: private-attested route, 65-minute settlement, 99.60% arrival reliability, 0.04% toll, usable clip $350,000. - Delta: relayer route, 40-minute settlement, 99.20% arrival reliability, 0.02% toll, usable clip $250,000. - Public fast lanes can be copied into a challenge path when their visible clip becomes the focal transfer. - Slow canonical settlement is safer in isolation but cannot repair the account after the auction starts. - Splits settle independently, but the account is only repaired if the planned amount is spendable before the auction. Design the route plan, including internal checks that the selected clips arrive in time, do not create a focal public target, and reconcile expected deadweight loss with route tolls plus non-arrival risk. Output JSON fields: intent, chosen_strategy, route_allocation_usd, observable_largest_clip_usd, expected_loss_usd, expected_arrival_minutes, self_check.",mistralai/mistral-medium-3-5,0,0,0|0|0,0.375|0.25|0.375,0.333,0.375,7155
AGI-095,L11/AGI,agi-AGI-095,"Move $600,000 USDC before an auction deadline in 90 minutes. A bridge exploit searcher watches public transfer graphs and focuses on the largest observable clip, while private attestation hides transfers before settlement. Raw route primitives: - Alpha: private-attested route, 65-minute settlement, 99.60% arrival reliability, 0.04% toll, usable clip $350,000. - Delta: relayer route, 40-minute settlement, 99.20% arrival reliability, 0.02% toll, usable clip $250,000. - Public fast lanes can be copied into a challenge path when their visible clip becomes the focal transfer. - Slow canonical settlement is safer in isolation but cannot repair the account after the auction starts. - Splits settle independently, but the account is only repaired if the planned amount is spendable before the auction. Design the route plan, including internal checks that the selected clips arrive in time, do not create a focal public target, and reconcile expected deadweight loss with route tolls plus non-arrival risk. Output JSON fields: intent, chosen_strategy, route_allocation_usd, observable_largest_clip_usd, expected_loss_usd, expected_arrival_minutes, self_check.",mistralai/mistral-small-2603,0,0,0|0|0,0.375|0.375|0.375,0.375,0.375,3393
AGI-096,L11/AGI,agi-AGI-096,"Move $500,000 USDC before an auction deadline in 100 minutes. A bridge exploit searcher watches public transfer graphs and focuses on the largest observable clip, while private attestation hides transfers before settlement. Raw route primitives: - Gamma: private-attested route, 70-minute settlement, 99.80% arrival reliability, 0.06% toll, usable clip $300,000. - Sigma: relayer route, 55-minute settlement, 99.50% arrival reliability, 0.02% toll, usable clip $200,000. - Public fast lanes can be copied into a challenge path when their visible clip becomes the focal transfer. - Slow canonical settlement is safer in isolation but cannot repair the account after the auction starts. - Splits settle independently, but the account is only repaired if the planned amount is spendable before the auction. Design the route plan, including internal checks that the selected clips arrive in time, do not create a focal public target, and reconcile expected deadweight loss with route tolls plus non-arrival risk. Output JSON fields: intent, chosen_strategy, route_allocation_usd, observable_largest_clip_usd, expected_loss_usd, expected_arrival_minutes, self_check.",mistralai/mistral-medium-3-5,0,0,0|0|0,0.375|0.375|0.375,0.375,0.375,4924
AGI-096,L11/AGI,agi-AGI-096,"Move $500,000 USDC before an auction deadline in 100 minutes. A bridge exploit searcher watches public transfer graphs and focuses on the largest observable clip, while private attestation hides transfers before settlement. Raw route primitives: - Gamma: private-attested route, 70-minute settlement, 99.80% arrival reliability, 0.06% toll, usable clip $300,000. - Sigma: relayer route, 55-minute settlement, 99.50% arrival reliability, 0.02% toll, usable clip $200,000. - Public fast lanes can be copied into a challenge path when their visible clip becomes the focal transfer. - Slow canonical settlement is safer in isolation but cannot repair the account after the auction starts. - Splits settle independently, but the account is only repaired if the planned amount is spendable before the auction. Design the route plan, including internal checks that the selected clips arrive in time, do not create a focal public target, and reconcile expected deadweight loss with route tolls plus non-arrival risk. Output JSON fields: intent, chosen_strategy, route_allocation_usd, observable_largest_clip_usd, expected_loss_usd, expected_arrival_minutes, self_check.",mistralai/mistral-small-2603,0,0,0|0|0,0.375|0.375|0.375,0.375,0.375,2294
AGI-097,L11/AGI,agi-AGI-097,"Move $450,000 USDC before an auction deadline in 80 minutes. A bridge exploit searcher watches public transfer graphs and focuses on the largest observable clip, while private attestation hides transfers before settlement. Raw route primitives: - Alpha: private-attested route, 60-minute settlement, 99.70% arrival reliability, 0.05% toll, usable clip $250,000. - Sigma: relayer route, 45-minute settlement, 99.30% arrival reliability, 0.03% toll, usable clip $200,000. - Public fast lanes can be copied into a challenge path when their visible clip becomes the focal transfer. - Slow canonical settlement is safer in isolation but cannot repair the account after the auction starts. - Splits settle independently, but the account is only repaired if the planned amount is spendable before the auction. Design the route plan, including internal checks that the selected clips arrive in time, do not create a focal public target, and reconcile expected deadweight loss with route tolls plus non-arrival risk. Output JSON fields: intent, chosen_strategy, route_allocation_usd, observable_largest_clip_usd, expected_loss_usd, expected_arrival_minutes, self_check.",mistralai/mistral-medium-3-5,0,0,0|0|0,0.375|0.375|0.375,0.375,0.375,4411
AGI-097,L11/AGI,agi-AGI-097,"Move $450,000 USDC before an auction deadline in 80 minutes. A bridge exploit searcher watches public transfer graphs and focuses on the largest observable clip, while private attestation hides transfers before settlement. Raw route primitives: - Alpha: private-attested route, 60-minute settlement, 99.70% arrival reliability, 0.05% toll, usable clip $250,000. - Sigma: relayer route, 45-minute settlement, 99.30% arrival reliability, 0.03% toll, usable clip $200,000. - Public fast lanes can be copied into a challenge path when their visible clip becomes the focal transfer. - Slow canonical settlement is safer in isolation but cannot repair the account after the auction starts. - Splits settle independently, but the account is only repaired if the planned amount is spendable before the auction. Design the route plan, including internal checks that the selected clips arrive in time, do not create a focal public target, and reconcile expected deadweight loss with route tolls plus non-arrival risk. Output JSON fields: intent, chosen_strategy, route_allocation_usd, observable_largest_clip_usd, expected_loss_usd, expected_arrival_minutes, self_check.",mistralai/mistral-small-2603,0,0,0|0|0,0.25|0.25|0.25,0.250,0.250,2453
AGI-098,L11/AGI,agi-AGI-098,"BTC spoof recovery. Recent large sell impulses fully recovered within seconds, but the most recent buy impulse had abnormal impact. The last pre-impulse fair value is near 61242. A toxicity classifier fades displayed interest above 140 BTC and sweeps stale quotes after momentum bursts. Hidden child orders of about 35 BTC can be repriced every 45 seconds and must complete before the deadline. Infer fair value from the tape and choose the execution policy that completes without triggering the classifier. Output JSON fields: intent, chosen_strategy, price_band, child_order_units, repricing_interval_sec, expected_avg_price.",mistralai/mistral-medium-3-5,0,0,0|0|0,0.5|0.5|0.5,0.500,0.500,1988
AGI-098,L11/AGI,agi-AGI-098,"BTC spoof recovery. Recent large sell impulses fully recovered within seconds, but the most recent buy impulse had abnormal impact. The last pre-impulse fair value is near 61242. A toxicity classifier fades displayed interest above 140 BTC and sweeps stale quotes after momentum bursts. Hidden child orders of about 35 BTC can be repriced every 45 seconds and must complete before the deadline. Infer fair value from the tape and choose the execution policy that completes without triggering the classifier. Output JSON fields: intent, chosen_strategy, price_band, child_order_units, repricing_interval_sec, expected_avg_price.",mistralai/mistral-small-2603,0,0,0|0|0,0|0.5|0.5,0.333,0.500,1873
AGI-099,L11/AGI,agi-AGI-099,"A desk must buy 62,000 ETH beta-equivalent units over nine minutes after a spoof cluster made lit depth unreliable. There are four execution primitives: a dark RFQ for exactly 21,000 units at $3,842.50 all-in that expires before any lit child order; a midpoint peg on Venue M that fills up to 18,000 units but is cancelled if displayed imbalance exceeds 1.8; a randomized post-only ladder on Venue R that can fill 30,000 units with a 0.035% rebate but becomes toxic if any child exceeds 6,000 units; and an IOC sweep on Venue C for the remainder at $3,856.20 plus 0.06% fee. A classifier will infer the parent order if lit child orders exceed 32,000 units before the dark RFQ is accepted. Design the execution package that completes the parent while minimizing expected cost and avoiding classifier inference. The answer must reconcile execution_sequence, venue_fills, largest_lit_child_units, expected_avg_price, classifier_exposure_score, and self_check from one plan. Output JSON fields: intent, chosen_strategy, execution_sequence, venue_fills, largest_lit_child_units, expected_avg_price, classifier_exposure_score, self_check.",mistralai/mistral-medium-3-5,0,0,0|0|0,0.273|0.364|0.273,0.303,0.273,6585
AGI-099,L11/AGI,agi-AGI-099,"A desk must buy 62,000 ETH beta-equivalent units over nine minutes after a spoof cluster made lit depth unreliable. There are four execution primitives: a dark RFQ for exactly 21,000 units at $3,842.50 all-in that expires before any lit child order; a midpoint peg on Venue M that fills up to 18,000 units but is cancelled if displayed imbalance exceeds 1.8; a randomized post-only ladder on Venue R that can fill 30,000 units with a 0.035% rebate but becomes toxic if any child exceeds 6,000 units; and an IOC sweep on Venue C for the remainder at $3,856.20 plus 0.06% fee. A classifier will infer the parent order if lit child orders exceed 32,000 units before the dark RFQ is accepted. Design the execution package that completes the parent while minimizing expected cost and avoiding classifier inference. The answer must reconcile execution_sequence, venue_fills, largest_lit_child_units, expected_avg_price, classifier_exposure_score, and self_check from one plan. Output JSON fields: intent, chosen_strategy, execution_sequence, venue_fills, largest_lit_child_units, expected_avg_price, classifier_exposure_score, self_check.",mistralai/mistral-small-2603,0,0,0|0|0,0.545|0.545|0.182,0.424,0.545,2683
AGI-100,L11/AGI,agi-AGI-100,"At 14:35:00 you must buy 30,000 SOL within ten minutes. Recent tape: - 14:23:10: 55,000 SOL market sell moved $146.90 -> $146.42 and recovered to $146.86 in 7 seconds. - 14:27:35: 42,000 SOL market sell moved $146.94 -> $146.55 and recovered to $146.89 in 5 seconds. - 14:32:20: 63,000 SOL market sell moved $146.97 -> $146.48 and recovered to $146.91 in 4 seconds. - 14:34:05: 4,000 SOL market buy moved $146.92 -> $147.22 while typical impact is +$0.06 to +$0.08. Current quote is $147.16 / $147.25. A toxicity classifier fades displayed buy interest above 10,000 SOL and sweeps stale bids after momentum bursts. Hidden iceberg child orders up to 2,500 SOL are not detected, but overly passive bids below fair value risk non-completion. The exchange allows immediate repricing every 45 seconds. Design the execution strategy that completes the meta-order while minimizing adverse selection from the classifier. The price band, child size, repricing cadence, expected average price, and self-check must agree with the same execution plan. Output JSON fields: intent, chosen_strategy, price_band, child_order_units, repricing_interval_sec, expected_avg_price, self_check. Choose the strategy from: [momentum_chasing_market_sweep, hidden_layered_limits_at_recovered_fair, passive_below_fair_vwap, displayed_block_bid_above_quote].",mistralai/mistral-medium-3-5,0,0,0|0|0,0.429|0.429|0.429,0.429,0.429,2142
AGI-100,L11/AGI,agi-AGI-100,"At 14:35:00 you must buy 30,000 SOL within ten minutes. Recent tape: - 14:23:10: 55,000 SOL market sell moved $146.90 -> $146.42 and recovered to $146.86 in 7 seconds. - 14:27:35: 42,000 SOL market sell moved $146.94 -> $146.55 and recovered to $146.89 in 5 seconds. - 14:32:20: 63,000 SOL market sell moved $146.97 -> $146.48 and recovered to $146.91 in 4 seconds. - 14:34:05: 4,000 SOL market buy moved $146.92 -> $147.22 while typical impact is +$0.06 to +$0.08. Current quote is $147.16 / $147.25. A toxicity classifier fades displayed buy interest above 10,000 SOL and sweeps stale bids after momentum bursts. Hidden iceberg child orders up to 2,500 SOL are not detected, but overly passive bids below fair value risk non-completion. The exchange allows immediate repricing every 45 seconds. Design the execution strategy that completes the meta-order while minimizing adverse selection from the classifier. The price band, child size, repricing cadence, expected average price, and self-check must agree with the same execution plan. Output JSON fields: intent, chosen_strategy, price_band, child_order_units, repricing_interval_sec, expected_avg_price, self_check. Choose the strategy from: [momentum_chasing_market_sweep, hidden_layered_limits_at_recovered_fair, passive_below_fair_vwap, displayed_block_bid_above_quote].",mistralai/mistral-small-2603,0,0,0|0|0,0.429|0.429|0.429,0.429,0.429,2199
AGI-101,L11/AGI,agi-AGI-101,"A protocol token trades after a two-week drawdown while TVL is stable. A governance vote in 24 hours changes emissions and treasury behavior, and strategic farmers can change their selling before the market has fully repriced. Raw primitives: - Current daily market sell pressure is 54,000 tokens into DEX liquidity of $1,250,000. - If the vote passes, new emissions are 40,000 tokens/day and retained farmers are expected to sell 60% of rewards. - A delayed-unlock cohort adds 5,000 tokens/day of extra selling for the first 3 days after passage. - A treasury stabilization order of $45,000 is authorized only if the vote passes. - Prior order-book response suggests roughly two-thirds of persistent net flow reaches price over this window; the rest is absorbed by passive liquidity. Over the next 12 days, decide how to vote and whether to keep farming or exit. The answer must reconcile vote, position, average net sell-pressure change, stabilization flow, expected 12-day price impact, and self-check. Output JSON fields: intent, vote, position, chosen_strategy, net_sell_pressure_delta_per_day, stabilization_buy_usd, expected_12d_price_change_pct, self_check.",mistralai/mistral-medium-3-5,0,0,0|0|0,0.25|0.25|0.25,0.250,0.250,2507
AGI-101,L11/AGI,agi-AGI-101,"A protocol token trades after a two-week drawdown while TVL is stable. A governance vote in 24 hours changes emissions and treasury behavior, and strategic farmers can change their selling before the market has fully repriced. Raw primitives: - Current daily market sell pressure is 54,000 tokens into DEX liquidity of $1,250,000. - If the vote passes, new emissions are 40,000 tokens/day and retained farmers are expected to sell 60% of rewards. - A delayed-unlock cohort adds 5,000 tokens/day of extra selling for the first 3 days after passage. - A treasury stabilization order of $45,000 is authorized only if the vote passes. - Prior order-book response suggests roughly two-thirds of persistent net flow reaches price over this window; the rest is absorbed by passive liquidity. Over the next 12 days, decide how to vote and whether to keep farming or exit. The answer must reconcile vote, position, average net sell-pressure change, stabilization flow, expected 12-day price impact, and self-check. Output JSON fields: intent, vote, position, chosen_strategy, net_sell_pressure_delta_per_day, stabilization_buy_usd, expected_12d_price_change_pct, self_check.",mistralai/mistral-small-2603,0,0,0|0|0,0.375|0.25|0.25,0.292,0.250,2195
AGI-102,L11/AGI,agi-AGI-102,"A protocol token trades after a two-week drawdown while TVL is stable. A governance vote in 24 hours changes emissions and treasury behavior, and strategic farmers can change their selling before the market has fully repriced. Raw primitives: - Current daily market sell pressure is 56,000 tokens into DEX liquidity of $1,600,000. - If the vote passes, new emissions are 35,000 tokens/day and retained farmers are expected to sell 70% of rewards. - A delayed-unlock cohort adds 4,000 tokens/day of extra selling for the first 4 days after passage. - A treasury stabilization order of $30,000 is authorized only if the vote passes. - Prior order-book response suggests roughly two-thirds of persistent net flow reaches price over this window; the rest is absorbed by passive liquidity. Over the next 12 days, decide how to vote and whether to keep farming or exit. The answer must reconcile vote, position, average net sell-pressure change, stabilization flow, expected 12-day price impact, and self-check. Output JSON fields: intent, vote, position, chosen_strategy, net_sell_pressure_delta_per_day, stabilization_buy_usd, expected_12d_price_change_pct, self_check.",mistralai/mistral-medium-3-5,0,0,0|0|0,0.25|0.25|0.125,0.208,0.250,5769
AGI-102,L11/AGI,agi-AGI-102,"A protocol token trades after a two-week drawdown while TVL is stable. A governance vote in 24 hours changes emissions and treasury behavior, and strategic farmers can change their selling before the market has fully repriced. Raw primitives: - Current daily market sell pressure is 56,000 tokens into DEX liquidity of $1,600,000. - If the vote passes, new emissions are 35,000 tokens/day and retained farmers are expected to sell 70% of rewards. - A delayed-unlock cohort adds 4,000 tokens/day of extra selling for the first 4 days after passage. - A treasury stabilization order of $30,000 is authorized only if the vote passes. - Prior order-book response suggests roughly two-thirds of persistent net flow reaches price over this window; the rest is absorbed by passive liquidity. Over the next 12 days, decide how to vote and whether to keep farming or exit. The answer must reconcile vote, position, average net sell-pressure change, stabilization flow, expected 12-day price impact, and self-check. Output JSON fields: intent, vote, position, chosen_strategy, net_sell_pressure_delta_per_day, stabilization_buy_usd, expected_12d_price_change_pct, self_check.",mistralai/mistral-small-2603,0,0,0|0|0,0.25|0.25|0.25,0.250,0.250,3055
AGI-103,L11/AGI,agi-AGI-103,"A governance desk controls 9.4% of voting power in a protocol where emissions, borrow incentives, and LP depth interact reflexively. Three mutually exclusive proposals are live: cut spot emissions by 22% and redirect half to locked LP gauges; delay a 14 million token team unlock by 45 days while paying a 1.8 million token bribe; or keep emissions unchanged but authorize a treasury buyback only if DEX depth falls below $18 million. Current daily farm sell pressure is 410,000 tokens, DEX depth is $24 million, borrow demand adds $72,000/day of fee value when locked LP depth exceeds $28 million, and the desk must avoid any vote that creates more than 7% expected circulating-supply shock in the first 30 days. Design the vote and hedge stance that maximizes 30-day tokenholder value while respecting the supply-shock constraint. The answer must reconcile proposal_vote, hedge_action, expected_30d_value_usd, supply_shock_pct, lp_depth_after_30d_usd, and self_check from one plan. Output JSON fields: intent, chosen_strategy, proposal_vote, hedge_action, expected_30d_value_usd, supply_shock_pct, lp_depth_after_30d_usd, self_check.",mistralai/mistral-medium-3-5,0,0,0|0|0,0|0|0,0.000,0.000,4552
AGI-103,L11/AGI,agi-AGI-103,"A governance desk controls 9.4% of voting power in a protocol where emissions, borrow incentives, and LP depth interact reflexively. Three mutually exclusive proposals are live: cut spot emissions by 22% and redirect half to locked LP gauges; delay a 14 million token team unlock by 45 days while paying a 1.8 million token bribe; or keep emissions unchanged but authorize a treasury buyback only if DEX depth falls below $18 million. Current daily farm sell pressure is 410,000 tokens, DEX depth is $24 million, borrow demand adds $72,000/day of fee value when locked LP depth exceeds $28 million, and the desk must avoid any vote that creates more than 7% expected circulating-supply shock in the first 30 days. Design the vote and hedge stance that maximizes 30-day tokenholder value while respecting the supply-shock constraint. The answer must reconcile proposal_vote, hedge_action, expected_30d_value_usd, supply_shock_pct, lp_depth_after_30d_usd, and self_check from one plan. Output JSON fields: intent, chosen_strategy, proposal_vote, hedge_action, expected_30d_value_usd, supply_shock_pct, lp_depth_after_30d_usd, self_check.",mistralai/mistral-small-2603,0,0,0|0|0,0|0|0,0.000,0.000,2650
AGI-104,L11/AGI,agi-AGI-104,"You are quoting a new listing with toxic taker flow. Fast quotes earn queue priority but become stale during microstructure shocks; overly wide quotes lose the benign flow needed to hedge inventory. Raw primitives: - Your measured cancel latency is 45 ms. Cancels submitted faster than the round-trip latency can leave stale quotes active during toxic bursts. - Toxic bursts have recently moved the mark by about 24 bps before stale quotes could be removed. - Benign flow remains competitive for defensive half-spreads in the 20-35 bps range; outside that band, queue position decays sharply. - The hedge desk can warehouse about $22,000 before inventory skew becomes nonlinear. - Expected benign one-hour turnover at a defensible quote is $180,000; residual toxic-selection drag after filters is about $92. Design the defensive market-making policy. The answer must reconcile spread, update cadence, inventory cap, expected PnL, toxic defenses, and self-check from one plan. Output JSON fields: intent, chosen_strategy, half_spread_bps, update_ms, max_inventory_usd, expected_1h_pnl_usd, toxic_defense, self_check. Choose the strategy from: [selective_wide_defensive_quoting, latency_race_toxic_flow, inventory_max_capture_quoting, tight_queue_priority_quoting].",mistralai/mistral-medium-3-5,0,0,0|0|0,0.25|0.25|0.25,0.250,0.250,3293
AGI-104,L11/AGI,agi-AGI-104,"You are quoting a new listing with toxic taker flow. Fast quotes earn queue priority but become stale during microstructure shocks; overly wide quotes lose the benign flow needed to hedge inventory. Raw primitives: - Your measured cancel latency is 45 ms. Cancels submitted faster than the round-trip latency can leave stale quotes active during toxic bursts. - Toxic bursts have recently moved the mark by about 24 bps before stale quotes could be removed. - Benign flow remains competitive for defensive half-spreads in the 20-35 bps range; outside that band, queue position decays sharply. - The hedge desk can warehouse about $22,000 before inventory skew becomes nonlinear. - Expected benign one-hour turnover at a defensible quote is $180,000; residual toxic-selection drag after filters is about $92. Design the defensive market-making policy. The answer must reconcile spread, update cadence, inventory cap, expected PnL, toxic defenses, and self-check from one plan. Output JSON fields: intent, chosen_strategy, half_spread_bps, update_ms, max_inventory_usd, expected_1h_pnl_usd, toxic_defense, self_check. Choose the strategy from: [selective_wide_defensive_quoting, latency_race_toxic_flow, inventory_max_capture_quoting, tight_queue_priority_quoting].",mistralai/mistral-small-2603,0,0,0|0|0,0.375|0.375|0.375,0.375,0.375,2012
AGI-105,L11/AGI,agi-AGI-105,"You quote a perp/spot basis market during a 14-minute oracle-lag incident. The perp venue reprices every 250 ms, the spot hedge venue confirms fills every 1.8 seconds, and toxic takers hit only the side that is stale relative to the delayed oracle. Current inventory is long $410,000 notional, mandate inventory cap is $525,000, and the desk can hedge at most $90,000 per second without moving spot by more than 9 bps. A symmetric quote wins benign flow but breaches the inventory cap in the downside tape; an aggressive ask skew reduces inventory but invites toxic fills if cancel cadence is too slow. Design the market-making parameter set that maximizes expected 20-minute spread capture while keeping inventory and stale-quote loss inside limits. The answer must reconcile bid_half_spread_bps, ask_half_spread_bps, update_ms, max_quote_size_usd, hedge_rate_usd_per_sec, expected_20m_pnl_usd, and self_check from one plan. Output JSON fields: intent, chosen_strategy, bid_half_spread_bps, ask_half_spread_bps, update_ms, max_quote_size_usd, hedge_rate_usd_per_sec, expected_20m_pnl_usd, self_check.",mistralai/mistral-medium-3-5,0,0,0|0|0,0|0|0,0.000,0.000,3422
AGI-105,L11/AGI,agi-AGI-105,"You quote a perp/spot basis market during a 14-minute oracle-lag incident. The perp venue reprices every 250 ms, the spot hedge venue confirms fills every 1.8 seconds, and toxic takers hit only the side that is stale relative to the delayed oracle. Current inventory is long $410,000 notional, mandate inventory cap is $525,000, and the desk can hedge at most $90,000 per second without moving spot by more than 9 bps. A symmetric quote wins benign flow but breaches the inventory cap in the downside tape; an aggressive ask skew reduces inventory but invites toxic fills if cancel cadence is too slow. Design the market-making parameter set that maximizes expected 20-minute spread capture while keeping inventory and stale-quote loss inside limits. The answer must reconcile bid_half_spread_bps, ask_half_spread_bps, update_ms, max_quote_size_usd, hedge_rate_usd_per_sec, expected_20m_pnl_usd, and self_check from one plan. Output JSON fields: intent, chosen_strategy, bid_half_spread_bps, ask_half_spread_bps, update_ms, max_quote_size_usd, hedge_rate_usd_per_sec, expected_20m_pnl_usd, self_check.",mistralai/mistral-small-2603,0,0,0|0|0,0.111|0.111|0,0.074,0.111,2300
AGI-106,L11/AGI,agi-AGI-106,"A market maker streams quotes on a new CEX listing while hedging fills through a concentrated-liquidity AMM. The AMM range has deep liquidity near mid but becomes nonlinear after $75,000 of one-sided hedge flow in any 40-second window. CEX queue priority decays if half-spread exceeds 42 bps; toxic takers arrive in 11-second bursts after social alerts; benign flow is strongest between 24 and 34 bps. Inventory starts flat, but the risk desk requires a hard stop at $180,000 net inventory and a hedge throttle that never pushes the AMM outside its active range. Use a queue-preserving spread with an AMM throttle; apply a 96% safety buffer to the AMM one-sided flow limit for the hedge cap, align the hedge window to the stated AMM window, and self-check queue preservation, AMM range exhaustion, and inventory stop inside the desk limit. Design the quote, size, and hedge-throttle parameters. The answer must reconcile half_spread_bps, quote_size_usd, hedge_window_sec, hedge_window_cap_usd, inventory_stop_usd, expected_hourly_pnl_usd, and self_check from one plan. Output JSON fields: intent, chosen_strategy, half_spread_bps, quote_size_usd, hedge_window_sec, hedge_window_cap_usd, inventory_stop_usd, expected_hourly_pnl_usd, self_check.",mistralai/mistral-medium-3-5,0,0,0|0|0,0.222|0.222|0.222,0.222,0.222,3466
AGI-106,L11/AGI,agi-AGI-106,"A market maker streams quotes on a new CEX listing while hedging fills through a concentrated-liquidity AMM. The AMM range has deep liquidity near mid but becomes nonlinear after $75,000 of one-sided hedge flow in any 40-second window. CEX queue priority decays if half-spread exceeds 42 bps; toxic takers arrive in 11-second bursts after social alerts; benign flow is strongest between 24 and 34 bps. Inventory starts flat, but the risk desk requires a hard stop at $180,000 net inventory and a hedge throttle that never pushes the AMM outside its active range. Use a queue-preserving spread with an AMM throttle; apply a 96% safety buffer to the AMM one-sided flow limit for the hedge cap, align the hedge window to the stated AMM window, and self-check queue preservation, AMM range exhaustion, and inventory stop inside the desk limit. Design the quote, size, and hedge-throttle parameters. The answer must reconcile half_spread_bps, quote_size_usd, hedge_window_sec, hedge_window_cap_usd, inventory_stop_usd, expected_hourly_pnl_usd, and self_check from one plan. Output JSON fields: intent, chosen_strategy, half_spread_bps, quote_size_usd, hedge_window_sec, hedge_window_cap_usd, inventory_stop_usd, expected_hourly_pnl_usd, self_check.",mistralai/mistral-small-2603,0,0,0|0|0,0.333|0.333|0.333,0.333,0.333,2044
AGI-107,L11/AGI,agi-AGI-107,"SOL crisis hedge. A multi-asset portfolio has shifted from normal correlations to crisis correlations while all assets sell off together. Spot cannot be sold because it is pledged to client custody attestations. Raw hedge primitives: - SOL is the largest marginal crisis-vol contributor, but dealer margin jumps if displayed SOL short notional exceeds $310,000. - BTC put-spread convexity is available up to $750,000 notional and offsets the common crash tape without adding short-crowding exposure. - ETH short liquidity is available, but in this tape it leaves a larger residual tail because the dealer reprices it after seeing SOL demand. - The risk committee needs roughly half the one-day VaR removed without tripping the crowding margin rule. Design the crisis hedge composition. The answer must reconcile selected legs, notionals, expected vol reduction, residual one-day VaR, and self-check from the same plan. Output JSON fields: intent, chosen_strategy, hedge_legs, expected_vol_reduction_pct, residual_1d_var_usd, self_check.",mistralai/mistral-medium-3-5,0,0,0|0|0,0|0.143|0,0.048,0.000,2654
AGI-107,L11/AGI,agi-AGI-107,"SOL crisis hedge. A multi-asset portfolio has shifted from normal correlations to crisis correlations while all assets sell off together. Spot cannot be sold because it is pledged to client custody attestations. Raw hedge primitives: - SOL is the largest marginal crisis-vol contributor, but dealer margin jumps if displayed SOL short notional exceeds $310,000. - BTC put-spread convexity is available up to $750,000 notional and offsets the common crash tape without adding short-crowding exposure. - ETH short liquidity is available, but in this tape it leaves a larger residual tail because the dealer reprices it after seeing SOL demand. - The risk committee needs roughly half the one-day VaR removed without tripping the crowding margin rule. Design the crisis hedge composition. The answer must reconcile selected legs, notionals, expected vol reduction, residual one-day VaR, and self-check from the same plan. Output JSON fields: intent, chosen_strategy, hedge_legs, expected_vol_reduction_pct, residual_1d_var_usd, self_check.",mistralai/mistral-small-2603,0,0,0|0|0,0|0|0,0.000,0.000,2257
AGI-108,L11/AGI,agi-AGI-108,"On 2026-05-07, you manage a $3.4M crypto index book during a two-window correlation regime break. Spot cannot be sold for custody-attestation reasons, and the desk must choose hedges before the second window confirms. Baseline one-day crisis VaR is $352,000, decomposed into common BTC/ETH beta $144,000, ETH contagion $92,000, AI-alt convexity $71,000, and stable-collateral gap $45,000. Available hedge primitives: - ETH displayed short A: $220,000 notional; reduces ETH contagion VaR by $38,000 and common beta VaR by $18,000; false-break upside drag 14 points; crowding score 0.34. - ETH displayed short B: additional $160,000 notional; reduces ETH contagion VaR by $24,000 and common beta VaR by $10,000; false-break upside drag 12 points; crowding score 0.31. - BTC put-spread convexity: $500,000 notional; reduces common beta VaR by $49,000 and stable-collateral gap VaR by $8,000; false-break upside drag 7 points; no crowding score. - ETH put-spread convexity: $300,000 notional; reduces ETH contagion VaR by $31,000 and stable-collateral gap VaR by $6,000; false-break upside drag 4 points; no crowding score. - SOL/AI correlation short: $180,000 notional; reduces AI-alt convexity VaR by $32,000 and common beta VaR by $6,000; false-break upside drag 15 points; crowding score 0.22. Constraints: no spot sales, total crowding score must be <= 0.60, false-break upside capture must stay >= 58%, and the package must remove at least $165,000 of one-day crisis VaR. Design the self-consistent hedge package that preserves the strongest residual crisis VaR while satisfying all constraints. The answer must reconcile selected hedge legs, crowding score, false-break upside capture, VaR reduction, residual VaR, and self-check from the same plan. Output JSON fields: intent, chosen_strategy, hedge_legs, crowding_score, false_break_upside_capture_pct, crisis_var_reduction_usd, expected_vol_reduction_pct, residual_1d_var_usd, self_check.",mistralai/mistral-medium-3-5,0,0,0|0|0,0.25|0.083|0.417,0.250,0.250,9342
AGI-108,L11/AGI,agi-AGI-108,"On 2026-05-07, you manage a $3.4M crypto index book during a two-window correlation regime break. Spot cannot be sold for custody-attestation reasons, and the desk must choose hedges before the second window confirms. Baseline one-day crisis VaR is $352,000, decomposed into common BTC/ETH beta $144,000, ETH contagion $92,000, AI-alt convexity $71,000, and stable-collateral gap $45,000. Available hedge primitives: - ETH displayed short A: $220,000 notional; reduces ETH contagion VaR by $38,000 and common beta VaR by $18,000; false-break upside drag 14 points; crowding score 0.34. - ETH displayed short B: additional $160,000 notional; reduces ETH contagion VaR by $24,000 and common beta VaR by $10,000; false-break upside drag 12 points; crowding score 0.31. - BTC put-spread convexity: $500,000 notional; reduces common beta VaR by $49,000 and stable-collateral gap VaR by $8,000; false-break upside drag 7 points; no crowding score. - ETH put-spread convexity: $300,000 notional; reduces ETH contagion VaR by $31,000 and stable-collateral gap VaR by $6,000; false-break upside drag 4 points; no crowding score. - SOL/AI correlation short: $180,000 notional; reduces AI-alt convexity VaR by $32,000 and common beta VaR by $6,000; false-break upside drag 15 points; crowding score 0.22. Constraints: no spot sales, total crowding score must be <= 0.60, false-break upside capture must stay >= 58%, and the package must remove at least $165,000 of one-day crisis VaR. Design the self-consistent hedge package that preserves the strongest residual crisis VaR while satisfying all constraints. The answer must reconcile selected hedge legs, crowding score, false-break upside capture, VaR reduction, residual VaR, and self-check from the same plan. Output JSON fields: intent, chosen_strategy, hedge_legs, crowding_score, false_break_upside_capture_pct, crisis_var_reduction_usd, expected_vol_reduction_pct, residual_1d_var_usd, self_check.",mistralai/mistral-small-2603,0,0,0|0|0,0.417|0.417|0.417,0.417,0.417,2776
AGI-109,L11/AGI,agi-AGI-109,"A crypto index book is entering a regime where BTC sells first, ETH follows with a 90-second lag, and AI-token beta gaps only if ETH/BTC correlation stays above 0.82 for two consecutive windows. Current holdings are BTC $1.1M, ETH $820K, FET $390K, and RNDR $310K. Three hedge primitives are available: a BTC perp short that protects the first leg but loses in a relief squeeze, an ETH put spread that only pays after the lag confirms, and a FET/RNDR basket short that is cheap now but becomes crowded after the second window. The mandate requires preserving at least 55% upside participation if the correlation break proves false. Use a staged BTC-first, ETH-confirmation, AI-beta trigger package; size the stages from current holdings at about 38.2% of BTC exposure, 43.9% of ETH exposure, and 34.3% of combined FET/RNDR exposure, and self-check lag trigger respect, false-break upside preservation, and residual VaR reconciliation. Design the hedge trigger package that minimizes confirmed-regime drawdown without over-hedging the false-break path. The answer must reconcile trigger_rule, selected_hedges, hedge_notional_usd, confirmed_regime_residual_var_usd, false_break_upside_capture_pct, and self_check from one plan. Output JSON fields: intent, chosen_strategy, trigger_rule, selected_hedges, hedge_notional_usd, confirmed_regime_residual_var_usd, false_break_upside_capture_pct, self_check.",mistralai/mistral-medium-3-5,0,0,0|0|0,0.2|0.2|0.2,0.200,0.200,2390
AGI-109,L11/AGI,agi-AGI-109,"A crypto index book is entering a regime where BTC sells first, ETH follows with a 90-second lag, and AI-token beta gaps only if ETH/BTC correlation stays above 0.82 for two consecutive windows. Current holdings are BTC $1.1M, ETH $820K, FET $390K, and RNDR $310K. Three hedge primitives are available: a BTC perp short that protects the first leg but loses in a relief squeeze, an ETH put spread that only pays after the lag confirms, and a FET/RNDR basket short that is cheap now but becomes crowded after the second window. The mandate requires preserving at least 55% upside participation if the correlation break proves false. Use a staged BTC-first, ETH-confirmation, AI-beta trigger package; size the stages from current holdings at about 38.2% of BTC exposure, 43.9% of ETH exposure, and 34.3% of combined FET/RNDR exposure, and self-check lag trigger respect, false-break upside preservation, and residual VaR reconciliation. Design the hedge trigger package that minimizes confirmed-regime drawdown without over-hedging the false-break path. The answer must reconcile trigger_rule, selected_hedges, hedge_notional_usd, confirmed_regime_residual_var_usd, false_break_upside_capture_pct, and self_check from one plan. Output JSON fields: intent, chosen_strategy, trigger_rule, selected_hedges, hedge_notional_usd, confirmed_regime_residual_var_usd, false_break_upside_capture_pct, self_check.",mistralai/mistral-small-2603,0,0,0|0|0,0.3|0.4|0.3,0.333,0.300,3290
AGI-110,L11/AGI,agi-AGI-110,"ETH spot/perp basis is elevated and funding is crowded. You have spot custody for the long leg and must build a 1x delta-neutral short ladder that survives an exchange cascade without forced deleveraging. Raw venue primitives: - Binance: resilient displayed short capacity about $150,000 before ADL/counterparty stress becomes nonlinear; current net carry signal 32% APR. - Hyperliquid: resilient displayed short capacity about $100,000 before ADL/counterparty stress becomes nonlinear; current net carry signal 31% APR. - Bybit: resilient displayed short capacity about $100,000 before ADL/counterparty stress becomes nonlinear; current net carry signal 29% APR. - OKX: resilient displayed short capacity about $100,000 before ADL/counterparty stress becomes nonlinear; current net carry signal 26% APR. - dYdX: resilient displayed short capacity about $50,000 before ADL/counterparty stress becomes nonlinear; current net carry signal 22% APR. - Stable borrow and operational drag are already reflected in the net carry signals. - Using more than the resilient displayed capacity at any venue can flip the cascade buffer negative. - The spot custodian supports $500,000 of matched long exposure without rehypothecation. Design the resilient funding-basis ladder. The answer must reconcile venue short allocation, leverage, weighted APR, 30-day PnL, cascade buffer, and self-check from the same delta-neutral plan. Output JSON fields: intent, chosen_strategy, perp_short_allocation_usd, leverage, apr_pct, pnl_30d_usd, cascade_buffer_pct, survives_cascade, self_check.",mistralai/mistral-medium-3-5,0,0,0|0|0,0|0|0.538,0.179,0.000,4847
AGI-110,L11/AGI,agi-AGI-110,"ETH spot/perp basis is elevated and funding is crowded. You have spot custody for the long leg and must build a 1x delta-neutral short ladder that survives an exchange cascade without forced deleveraging. Raw venue primitives: - Binance: resilient displayed short capacity about $150,000 before ADL/counterparty stress becomes nonlinear; current net carry signal 32% APR. - Hyperliquid: resilient displayed short capacity about $100,000 before ADL/counterparty stress becomes nonlinear; current net carry signal 31% APR. - Bybit: resilient displayed short capacity about $100,000 before ADL/counterparty stress becomes nonlinear; current net carry signal 29% APR. - OKX: resilient displayed short capacity about $100,000 before ADL/counterparty stress becomes nonlinear; current net carry signal 26% APR. - dYdX: resilient displayed short capacity about $50,000 before ADL/counterparty stress becomes nonlinear; current net carry signal 22% APR. - Stable borrow and operational drag are already reflected in the net carry signals. - Using more than the resilient displayed capacity at any venue can flip the cascade buffer negative. - The spot custodian supports $500,000 of matched long exposure without rehypothecation. Design the resilient funding-basis ladder. The answer must reconcile venue short allocation, leverage, weighted APR, 30-day PnL, cascade buffer, and self-check from the same delta-neutral plan. Output JSON fields: intent, chosen_strategy, perp_short_allocation_usd, leverage, apr_pct, pnl_30d_usd, cascade_buffer_pct, survives_cascade, self_check.",mistralai/mistral-small-2603,0,0,0|0|0,0.538|0.538|0.615,0.564,0.538,2883
AGI-111,L11/AGI,agi-AGI-111,"SOL spot/perp basis is elevated and funding is crowded. You have spot custody for the long leg and must build a 1x delta-neutral short ladder that survives an exchange cascade without forced deleveraging. Raw venue primitives: - Binance: resilient displayed short capacity about $120,000 before ADL/counterparty stress becomes nonlinear; current net carry signal 34% APR. - Bybit: resilient displayed short capacity about $120,000 before ADL/counterparty stress becomes nonlinear; current net carry signal 32% APR. - OKX: resilient displayed short capacity about $110,000 before ADL/counterparty stress becomes nonlinear; current net carry signal 30% APR. - Hyperliquid: resilient displayed short capacity about $90,000 before ADL/counterparty stress becomes nonlinear; current net carry signal 31% APR. - dYdX: resilient displayed short capacity about $60,000 before ADL/counterparty stress becomes nonlinear; current net carry signal 24% APR. - Stable borrow and operational drag are already reflected in the net carry signals. - Using more than the resilient displayed capacity at any venue can flip the cascade buffer negative. - The spot custodian supports $500,000 of matched long exposure without rehypothecation. Design the resilient funding-basis ladder. The answer must reconcile venue short allocation, leverage, weighted APR, 30-day PnL, cascade buffer, and self-check from the same delta-neutral plan. Output JSON fields: intent, chosen_strategy, perp_short_allocation_usd, leverage, apr_pct, pnl_30d_usd, cascade_buffer_pct, survives_cascade, self_check.",mistralai/mistral-medium-3-5,0,0,0|0|0,0.538|0.538|0.538,0.538,0.538,3889
AGI-111,L11/AGI,agi-AGI-111,"SOL spot/perp basis is elevated and funding is crowded. You have spot custody for the long leg and must build a 1x delta-neutral short ladder that survives an exchange cascade without forced deleveraging. Raw venue primitives: - Binance: resilient displayed short capacity about $120,000 before ADL/counterparty stress becomes nonlinear; current net carry signal 34% APR. - Bybit: resilient displayed short capacity about $120,000 before ADL/counterparty stress becomes nonlinear; current net carry signal 32% APR. - OKX: resilient displayed short capacity about $110,000 before ADL/counterparty stress becomes nonlinear; current net carry signal 30% APR. - Hyperliquid: resilient displayed short capacity about $90,000 before ADL/counterparty stress becomes nonlinear; current net carry signal 31% APR. - dYdX: resilient displayed short capacity about $60,000 before ADL/counterparty stress becomes nonlinear; current net carry signal 24% APR. - Stable borrow and operational drag are already reflected in the net carry signals. - Using more than the resilient displayed capacity at any venue can flip the cascade buffer negative. - The spot custodian supports $500,000 of matched long exposure without rehypothecation. Design the resilient funding-basis ladder. The answer must reconcile venue short allocation, leverage, weighted APR, 30-day PnL, cascade buffer, and self-check from the same delta-neutral plan. Output JSON fields: intent, chosen_strategy, perp_short_allocation_usd, leverage, apr_pct, pnl_30d_usd, cascade_buffer_pct, survives_cascade, self_check.",mistralai/mistral-small-2603,0,0,0|0|0,0.615|0.231|0.615,0.487,0.615,3685
AGI-112,L11/AGI,agi-AGI-112,"A delta-neutral basis desk can deploy $2.4M across BTC, ETH, and SOL spot/perp pairs for the next 36 hours. BTC funding is rich but BTC borrow tightens after $700K spot borrow; ETH has lower funding but a cheaper borrow ladder; SOL has the best headline funding but a liquidation-engine haircut if margin utilization exceeds 62%. Venue A settles funding every 8 hours, Venue B every 4 hours, and a collateral rebalance between venues costs 6 bps but lowers utilization by 11 percentage points. Use a borrow-capped multi-asset basis ladder: hold BTC $20,000 below the borrow-tightening knee, allocate 32.5% of deployable capital to SOL, allocate residual deployable capital to ETH, sequence SOL first on the 4-hour venue, BTC capped on Venue A, ETH residual on the 4-hour venue, then rebalance collateral before the second funding window, and self-check borrow caps, funding windows, and positive shock buffer. Design the basis rotation that maximizes expected net funding while surviving a 9% directional shock and the utilization haircut. The answer must reconcile pair_allocations_usd, venue_sequence, expected_36h_net_pnl_usd, max_margin_utilization_pct, shock_survival_buffer_usd, and self_check from one plan. Output JSON fields: intent, chosen_strategy, pair_allocations_usd, venue_sequence, expected_36h_net_pnl_usd, max_margin_utilization_pct, shock_survival_buffer_usd, self_check.",mistralai/mistral-medium-3-5,0,0,0|0|0,0.1|0.1|0,0.067,0.100,6308
AGI-112,L11/AGI,agi-AGI-112,"A delta-neutral basis desk can deploy $2.4M across BTC, ETH, and SOL spot/perp pairs for the next 36 hours. BTC funding is rich but BTC borrow tightens after $700K spot borrow; ETH has lower funding but a cheaper borrow ladder; SOL has the best headline funding but a liquidation-engine haircut if margin utilization exceeds 62%. Venue A settles funding every 8 hours, Venue B every 4 hours, and a collateral rebalance between venues costs 6 bps but lowers utilization by 11 percentage points. Use a borrow-capped multi-asset basis ladder: hold BTC $20,000 below the borrow-tightening knee, allocate 32.5% of deployable capital to SOL, allocate residual deployable capital to ETH, sequence SOL first on the 4-hour venue, BTC capped on Venue A, ETH residual on the 4-hour venue, then rebalance collateral before the second funding window, and self-check borrow caps, funding windows, and positive shock buffer. Design the basis rotation that maximizes expected net funding while surviving a 9% directional shock and the utilization haircut. The answer must reconcile pair_allocations_usd, venue_sequence, expected_36h_net_pnl_usd, max_margin_utilization_pct, shock_survival_buffer_usd, and self_check from one plan. Output JSON fields: intent, chosen_strategy, pair_allocations_usd, venue_sequence, expected_36h_net_pnl_usd, max_margin_utilization_pct, shock_survival_buffer_usd, self_check.",mistralai/mistral-small-2603,0,0,0|0|0,0|0|0.1,0.033,0.000,3199
AGI-113,L11/AGI,agi-AGI-113,"You manage a taxable crypto separately managed account with $185,000 of already-realized short-term gains. The client wants a same-day loss-harvest package that maximizes after-tax alpha while preserving market exposure without buying back identical assets for 31 days. Losses beyond current gains may be carried forward, but the client values carryforward losses less than immediate offsets. Replacement trades must keep the harvested sleeve's weighted tracking gap no higher than 9.50%. Tax and implementation primitives: - Immediate short-term offset rate: 37.0%. - Carryforward valuation rate: 18.0%. - Exit cost is applied to the current value of each harvested lot; replacement cost is an added fixed implementation cost. Candidate loss lots: - SOL: current value $420,000, embedded tax loss $72,000, exit cost 38 bps, non-identical replacement JitoSOL_plus_SOL_call, replacement exposure coverage 93.0%, fixed replacement cost $900 - LINK: current value $260,000, embedded tax loss $31,000, exit cost 22 bps, non-identical replacement PYTH_plus_oracle_index, replacement exposure coverage 88.0%, fixed replacement cost $520 - MATIC: current value $190,000, embedded tax loss $44,000, exit cost 35 bps, non-identical replacement OP_ARB_pair, replacement exposure coverage 82.0%, fixed replacement cost $610 - RNDR: current value $310,000, embedded tax loss $68,000, exit cost 65 bps, non-identical replacement FET_TAO_basket, replacement exposure coverage 79.0%, fixed replacement cost $1,400 - UNI: current value $155,000, embedded tax loss $22,000, exit cost 28 bps, non-identical replacement AAVE_MKR_pair, replacement exposure coverage 76.0%, fixed replacement cost $480 Design the harvest package from these primitives. The answer must reconcile lots_to_harvest, replacement_basket, harvested_loss_usd, immediate_tax_alpha_usd, carryforward_loss_usd, implementation_cost_usd, net_tax_alpha_usd, tracking_gap_pct, and self_check from the same plan. Output JSON fields: intent, chosen_strategy, lots_to_harvest, replacement_basket, harvested_loss_usd, immediate_tax_alpha_usd, carryforward_loss_usd, implementation_cost_usd, net_tax_alpha_usd, tracking_gap_pct, self_check.",mistralai/mistral-medium-3-5,0,0,0|0|0,0.364|0.091|0.091,0.182,0.091,6863
AGI-113,L11/AGI,agi-AGI-113,"You manage a taxable crypto separately managed account with $185,000 of already-realized short-term gains. The client wants a same-day loss-harvest package that maximizes after-tax alpha while preserving market exposure without buying back identical assets for 31 days. Losses beyond current gains may be carried forward, but the client values carryforward losses less than immediate offsets. Replacement trades must keep the harvested sleeve's weighted tracking gap no higher than 9.50%. Tax and implementation primitives: - Immediate short-term offset rate: 37.0%. - Carryforward valuation rate: 18.0%. - Exit cost is applied to the current value of each harvested lot; replacement cost is an added fixed implementation cost. Candidate loss lots: - SOL: current value $420,000, embedded tax loss $72,000, exit cost 38 bps, non-identical replacement JitoSOL_plus_SOL_call, replacement exposure coverage 93.0%, fixed replacement cost $900 - LINK: current value $260,000, embedded tax loss $31,000, exit cost 22 bps, non-identical replacement PYTH_plus_oracle_index, replacement exposure coverage 88.0%, fixed replacement cost $520 - MATIC: current value $190,000, embedded tax loss $44,000, exit cost 35 bps, non-identical replacement OP_ARB_pair, replacement exposure coverage 82.0%, fixed replacement cost $610 - RNDR: current value $310,000, embedded tax loss $68,000, exit cost 65 bps, non-identical replacement FET_TAO_basket, replacement exposure coverage 79.0%, fixed replacement cost $1,400 - UNI: current value $155,000, embedded tax loss $22,000, exit cost 28 bps, non-identical replacement AAVE_MKR_pair, replacement exposure coverage 76.0%, fixed replacement cost $480 Design the harvest package from these primitives. The answer must reconcile lots_to_harvest, replacement_basket, harvested_loss_usd, immediate_tax_alpha_usd, carryforward_loss_usd, implementation_cost_usd, net_tax_alpha_usd, tracking_gap_pct, and self_check from the same plan. Output JSON fields: intent, chosen_strategy, lots_to_harvest, replacement_basket, harvested_loss_usd, immediate_tax_alpha_usd, carryforward_loss_usd, implementation_cost_usd, net_tax_alpha_usd, tracking_gap_pct, self_check.",mistralai/mistral-small-2603,0,0,0|0|0,0.182|0.182|0.091,0.152,0.182,2270
AGI-114,L11/AGI,agi-AGI-114,"You manage a taxable crypto separately managed account with $128,000 of already-realized short-term gains. The client wants a same-day loss-harvest package that maximizes after-tax alpha while preserving market exposure without buying back identical assets for 31 days. Losses beyond current gains may be carried forward, but the client values carryforward losses less than immediate offsets. Replacement trades must keep the harvested sleeve's weighted tracking gap no higher than 11.00%. Tax and implementation primitives: - Immediate short-term offset rate: 40.8%. - Carryforward valuation rate: 16.0%. - Exit cost is applied to the current value of each harvested lot; replacement cost is an added fixed implementation cost. Candidate loss lots: - AVAX: current value $330,000, embedded tax loss $57,000, exit cost 42 bps, non-identical replacement SUI_APT_pair, replacement exposure coverage 84.0%, fixed replacement cost $820 - ARB: current value $240,000, embedded tax loss $36,000, exit cost 31 bps, non-identical replacement OP_STRK_pair, replacement exposure coverage 91.0%, fixed replacement cost $620 - DOGE: current value $210,000, embedded tax loss $49,000, exit cost 58 bps, non-identical replacement BONK_PEPE_pair, replacement exposure coverage 68.0%, fixed replacement cost $760 - LDO: current value $180,000, embedded tax loss $29,000, exit cost 27 bps, non-identical replacement RPL_PENDLE_pair, replacement exposure coverage 86.0%, fixed replacement cost $540 - SEI: current value $150,000, embedded tax loss $23,000, exit cost 36 bps, non-identical replacement INJ_TIA_pair, replacement exposure coverage 74.0%, fixed replacement cost $500 Design the harvest package from these primitives. The answer must reconcile lots_to_harvest, replacement_basket, harvested_loss_usd, immediate_tax_alpha_usd, carryforward_loss_usd, implementation_cost_usd, net_tax_alpha_usd, tracking_gap_pct, and self_check from the same plan. Output JSON fields: intent, chosen_strategy, lots_to_harvest, replacement_basket, harvested_loss_usd, immediate_tax_alpha_usd, carryforward_loss_usd, implementation_cost_usd, net_tax_alpha_usd, tracking_gap_pct, self_check.",mistralai/mistral-medium-3-5,0,0,0|0|0,0.091|0.091|0.091,0.091,0.091,4434
AGI-114,L11/AGI,agi-AGI-114,"You manage a taxable crypto separately managed account with $128,000 of already-realized short-term gains. The client wants a same-day loss-harvest package that maximizes after-tax alpha while preserving market exposure without buying back identical assets for 31 days. Losses beyond current gains may be carried forward, but the client values carryforward losses less than immediate offsets. Replacement trades must keep the harvested sleeve's weighted tracking gap no higher than 11.00%. Tax and implementation primitives: - Immediate short-term offset rate: 40.8%. - Carryforward valuation rate: 16.0%. - Exit cost is applied to the current value of each harvested lot; replacement cost is an added fixed implementation cost. Candidate loss lots: - AVAX: current value $330,000, embedded tax loss $57,000, exit cost 42 bps, non-identical replacement SUI_APT_pair, replacement exposure coverage 84.0%, fixed replacement cost $820 - ARB: current value $240,000, embedded tax loss $36,000, exit cost 31 bps, non-identical replacement OP_STRK_pair, replacement exposure coverage 91.0%, fixed replacement cost $620 - DOGE: current value $210,000, embedded tax loss $49,000, exit cost 58 bps, non-identical replacement BONK_PEPE_pair, replacement exposure coverage 68.0%, fixed replacement cost $760 - LDO: current value $180,000, embedded tax loss $29,000, exit cost 27 bps, non-identical replacement RPL_PENDLE_pair, replacement exposure coverage 86.0%, fixed replacement cost $540 - SEI: current value $150,000, embedded tax loss $23,000, exit cost 36 bps, non-identical replacement INJ_TIA_pair, replacement exposure coverage 74.0%, fixed replacement cost $500 Design the harvest package from these primitives. The answer must reconcile lots_to_harvest, replacement_basket, harvested_loss_usd, immediate_tax_alpha_usd, carryforward_loss_usd, implementation_cost_usd, net_tax_alpha_usd, tracking_gap_pct, and self_check from the same plan. Output JSON fields: intent, chosen_strategy, lots_to_harvest, replacement_basket, harvested_loss_usd, immediate_tax_alpha_usd, carryforward_loss_usd, implementation_cost_usd, net_tax_alpha_usd, tracking_gap_pct, self_check.",mistralai/mistral-small-2603,0,0,0|0|0,0.182|0.182|0.182,0.182,0.182,2323
AGI-115,L11/AGI,agi-AGI-115,"You manage a taxable crypto separately managed account with $245,000 of already-realized short-term gains. The client wants a same-day loss-harvest package that maximizes after-tax alpha while preserving market exposure without buying back identical assets for 31 days. Losses beyond current gains may be carried forward, but the client values carryforward losses less than immediate offsets. Replacement trades must keep the harvested sleeve's weighted tracking gap no higher than 8.50%. Tax and implementation primitives: - Immediate short-term offset rate: 35.0%. - Carryforward valuation rate: 14.0%. - Exit cost is applied to the current value of each harvested lot; replacement cost is an added fixed implementation cost. Candidate loss lots: - ETH: current value $640,000, embedded tax loss $88,000, exit cost 18 bps, non-identical replacement stETH_plus_ETH_future, replacement exposure coverage 96.0%, fixed replacement cost $1,300 - OP: current value $280,000, embedded tax loss $39,000, exit cost 33 bps, non-identical replacement ARB_STRK_pair, replacement exposure coverage 90.0%, fixed replacement cost $700 - FET: current value $360,000, embedded tax loss $74,000, exit cost 62 bps, non-identical replacement RNDR_TAO_pair, replacement exposure coverage 81.0%, fixed replacement cost $1,500 - ENA: current value $220,000, embedded tax loss $47,000, exit cost 41 bps, non-identical replacement ONDO_MKR_pair, replacement exposure coverage 73.0%, fixed replacement cost $680 - AAVE: current value $170,000, embedded tax loss $26,000, exit cost 24 bps, non-identical replacement UNI_MKR_pair, replacement exposure coverage 79.0%, fixed replacement cost $520 Design the harvest package from these primitives. The answer must reconcile lots_to_harvest, replacement_basket, harvested_loss_usd, immediate_tax_alpha_usd, carryforward_loss_usd, implementation_cost_usd, net_tax_alpha_usd, tracking_gap_pct, and self_check from the same plan. Output JSON fields: intent, chosen_strategy, lots_to_harvest, replacement_basket, harvested_loss_usd, immediate_tax_alpha_usd, carryforward_loss_usd, implementation_cost_usd, net_tax_alpha_usd, tracking_gap_pct, self_check.",mistralai/mistral-medium-3-5,0,0,0|0|0,0.364|0.364|0.364,0.364,0.364,2308
AGI-115,L11/AGI,agi-AGI-115,"You manage a taxable crypto separately managed account with $245,000 of already-realized short-term gains. The client wants a same-day loss-harvest package that maximizes after-tax alpha while preserving market exposure without buying back identical assets for 31 days. Losses beyond current gains may be carried forward, but the client values carryforward losses less than immediate offsets. Replacement trades must keep the harvested sleeve's weighted tracking gap no higher than 8.50%. Tax and implementation primitives: - Immediate short-term offset rate: 35.0%. - Carryforward valuation rate: 14.0%. - Exit cost is applied to the current value of each harvested lot; replacement cost is an added fixed implementation cost. Candidate loss lots: - ETH: current value $640,000, embedded tax loss $88,000, exit cost 18 bps, non-identical replacement stETH_plus_ETH_future, replacement exposure coverage 96.0%, fixed replacement cost $1,300 - OP: current value $280,000, embedded tax loss $39,000, exit cost 33 bps, non-identical replacement ARB_STRK_pair, replacement exposure coverage 90.0%, fixed replacement cost $700 - FET: current value $360,000, embedded tax loss $74,000, exit cost 62 bps, non-identical replacement RNDR_TAO_pair, replacement exposure coverage 81.0%, fixed replacement cost $1,500 - ENA: current value $220,000, embedded tax loss $47,000, exit cost 41 bps, non-identical replacement ONDO_MKR_pair, replacement exposure coverage 73.0%, fixed replacement cost $680 - AAVE: current value $170,000, embedded tax loss $26,000, exit cost 24 bps, non-identical replacement UNI_MKR_pair, replacement exposure coverage 79.0%, fixed replacement cost $520 Design the harvest package from these primitives. The answer must reconcile lots_to_harvest, replacement_basket, harvested_loss_usd, immediate_tax_alpha_usd, carryforward_loss_usd, implementation_cost_usd, net_tax_alpha_usd, tracking_gap_pct, and self_check from the same plan. Output JSON fields: intent, chosen_strategy, lots_to_harvest, replacement_basket, harvested_loss_usd, immediate_tax_alpha_usd, carryforward_loss_usd, implementation_cost_usd, net_tax_alpha_usd, tracking_gap_pct, self_check.",mistralai/mistral-small-2603,0,0,0|0|0,0.182|0.182|0.182,0.182,0.182,2454
