question_id,level,pass_count,pass_models,fail_models,avg_score,avg_duration_ms,llama33_70b_pass,llama33_70b_score,llama33_70b_duration_ms,llama33_70b_failures,{aliases[m]}_error,llama4_maverick_pass,llama4_maverick_score,llama4_maverick_duration_ms,llama4_maverick_failures,{aliases[m]}_error,llama4_scout_pass,llama4_scout_score,llama4_scout_duration_ms,llama4_scout_failures,{aliases[m]}_error,llama31_8b_pass,llama31_8b_score,llama31_8b_duration_ms,llama31_8b_failures,{aliases[m]}_error
AGI-001,11,0,,meta-llama/llama-3.3-70b-instruct;meta-llama/llama-4-maverick;meta-llama/llama-4-scout;meta-llama/llama-3.1-8b-instruct,0.278,3162,0,0.333,3038,agi_validation_failed:intent|agi_validation_failed:chosen_strategy|agi_validation_failed:execution_sequence|agi_validation_failed:shorts.SOL.units|agi_validation_failed:expected_risk_reduction_pct|agi_validation_failed:worst_case_residual_pnl_usd,,0,0.000,1578,agi_validation_failed:intent|missing_field|missing_field|missing_field|missing_field|missing_field|missing_field|missing_field|missing_field,,0,0.444,2908,agi_validation_failed:intent|agi_validation_failed:chosen_strategy|agi_validation_failed:execution_sequence|agi_validation_failed:expected_risk_reduction_pct|agi_validation_failed:worst_case_residual_pnl_usd,,0,0.333,5122,agi_validation_failed:intent|agi_validation_failed:chosen_strategy|agi_validation_failed:execution_sequence|agi_validation_failed:shorts.MATIC.units|agi_validation_failed:shorts.SOL.units|agi_validation_failed:worst_case_residual_pnl_usd,
AGI-002,11,0,,meta-llama/llama-3.3-70b-instruct;meta-llama/llama-4-maverick;meta-llama/llama-4-scout;meta-llama/llama-3.1-8b-instruct,0.156,5212,0,0.375,7713,agi_validation_failed:intent|agi_validation_failed:chosen_strategy|agi_validation_failed:execution_sequence|agi_validation_failed:expected_avg_price|agi_validation_failed:expected_slippage_pct,,0,0.250,1503,agi_validation_failed:intent|agi_validation_failed:chosen_strategy|agi_validation_failed:execution_sequence|missing_field|missing_field|missing_field,,0,0.000,3010,agi_validation_failed:intent|agi_validation_failed:chosen_strategy|agi_validation_failed:execution_sequence|agi_validation_failed:venue_fills.Dark_RFQ_B|agi_validation_failed:venue_fills.CEX_Y|agi_validation_failed:venue_fills.RFQ_A|agi_validation_failed:expected_avg_price|agi_validation_failed:expected_slippage_pct,,0,0.000,8622,agi_validation_failed:intent|agi_validation_failed:chosen_strategy|agi_validation_failed:execution_sequence|agi_validation_failed:venue_fills.Dark_RFQ_B|agi_validation_failed:venue_fills.CEX_Y|agi_validation_failed:venue_fills.RFQ_A|agi_validation_failed:expected_avg_price|agi_validation_failed:expected_slippage_pct,
AGI-003,11,0,,meta-llama/llama-3.3-70b-instruct;meta-llama/llama-4-maverick;meta-llama/llama-4-scout;meta-llama/llama-3.1-8b-instruct,0.286,2060,0,0.286,2587,agi_validation_failed:intent|agi_validation_failed:chosen_strategy|agi_validation_failed:worst_case_margin_drawdown_pct|agi_validation_failed:funding_window_pnl_usd|agi_validation_failed:self_check,,0,0.286,1794,agi_validation_failed:intent|agi_validation_failed:chosen_strategy|agi_validation_failed:worst_case_margin_drawdown_pct|agi_validation_failed:funding_window_pnl_usd|agi_validation_failed:self_check,,0,0.286,1174,agi_validation_failed:intent|agi_validation_failed:chosen_strategy|agi_validation_failed:worst_case_margin_drawdown_pct|missing_field|missing_field,,0,0.286,2684,agi_validation_failed:intent|agi_validation_failed:chosen_strategy|agi_validation_failed:worst_case_margin_drawdown_pct|agi_validation_failed:funding_window_pnl_usd|agi_validation_failed:self_check,
AGI-004,11,0,,meta-llama/llama-3.3-70b-instruct;meta-llama/llama-4-maverick;meta-llama/llama-4-scout;meta-llama/llama-3.1-8b-instruct,0.222,3056,0,0.222,2965,agi_validation_failed:intent|agi_validation_failed:allocation_usd.Aave_USDC|agi_validation_failed:allocation_usd.Ethena_USDe|agi_validation_failed:allocation_usd.GMX_GLP|agi_validation_failed:expected_net_apy_pct|agi_validation_failed:expected_90d_profit_usd|agi_validation_failed:liquidity_48h_usd,,0,0.222,3580,agi_validation_failed:intent|agi_validation_failed:allocation_usd.Aave_USDC|agi_validation_failed:allocation_usd.Ethena_USDe|agi_validation_failed:allocation_usd.GMX_GLP|agi_validation_failed:expected_net_apy_pct|agi_validation_failed:expected_90d_profit_usd|agi_validation_failed:liquidity_48h_usd,,0,0.222,2430,agi_validation_failed:intent|agi_validation_failed:allocation_usd.Aave_USDC|agi_validation_failed:allocation_usd.Ethena_USDe|agi_validation_failed:allocation_usd.GMX_GLP|agi_validation_failed:expected_net_apy_pct|agi_validation_failed:expected_90d_profit_usd|agi_validation_failed:liquidity_48h_usd,,0,0.222,3247,agi_validation_failed:intent|agi_validation_failed:allocation_usd.Curve_3pool|agi_validation_failed:allocation_usd.Ethena_USDe|agi_validation_failed:allocation_usd.GMX_GLP|agi_validation_failed:expected_net_apy_pct|agi_validation_failed:expected_90d_profit_usd|agi_validation_failed:liquidity_48h_usd,
AGI-005,11,0,,meta-llama/llama-3.3-70b-instruct;meta-llama/llama-4-maverick;meta-llama/llama-4-scout;meta-llama/llama-3.1-8b-instruct,0.344,7063,0,0.500,19810,agi_validation_failed:intent|agi_validation_failed:chosen_strategy|agi_validation_failed:expected_loss_usd|agi_validation_failed:self_check,,0,0.375,1374,agi_validation_failed:intent|agi_validation_failed:chosen_strategy|agi_validation_failed:expected_loss_usd|agi_validation_failed:expected_arrival_minutes|agi_validation_failed:self_check,,0,0.375,2261,agi_validation_failed:intent|agi_validation_failed:chosen_strategy|agi_validation_failed:observable_largest_clip_usd|agi_validation_failed:expected_loss_usd|agi_validation_failed:self_check,,0,0.125,4806,agi_validation_failed:intent|agi_validation_failed:chosen_strategy|agi_validation_failed:route_allocation_usd.Alpha|agi_validation_failed:route_allocation_usd.Delta|agi_validation_failed:observable_largest_clip_usd|agi_validation_failed:expected_loss_usd|agi_validation_failed:self_check,
AGI-006,11,0,,meta-llama/llama-3.3-70b-instruct;meta-llama/llama-4-maverick;meta-llama/llama-4-scout;meta-llama/llama-3.1-8b-instruct,0.500,3121,0,0.500,6332,agi_validation_failed:intent|agi_validation_failed:price_band|agi_validation_failed:expected_avg_price,,0,0.500,1976,agi_validation_failed:intent|agi_validation_failed:price_band|agi_validation_failed:expected_avg_price,,0,0.500,2124,agi_validation_failed:intent|agi_validation_failed:price_band|agi_validation_failed:expected_avg_price,,0,0.500,2051,agi_validation_failed:intent|agi_validation_failed:chosen_strategy|agi_validation_failed:price_band,
AGI-007,11,0,,meta-llama/llama-3.3-70b-instruct;meta-llama/llama-4-maverick;meta-llama/llama-4-scout;meta-llama/llama-3.1-8b-instruct,0.250,1974,0,0.200,1777,agi_validation_failed:intent|agi_validation_failed:position|agi_validation_failed:chosen_strategy|agi_validation_failed:expected_12d_price_change_pct,,0,0.200,1828,agi_validation_failed:intent|agi_validation_failed:position|agi_validation_failed:chosen_strategy|agi_validation_failed:expected_12d_price_change_pct,,0,0.400,2943,agi_validation_failed:intent|agi_validation_failed:chosen_strategy|agi_validation_failed:expected_12d_price_change_pct,,0,0.200,1348,agi_validation_failed:intent|agi_validation_failed:position|agi_validation_failed:chosen_strategy|agi_validation_failed:expected_12d_price_change_pct,
AGI-008,11,0,,meta-llama/llama-3.3-70b-instruct;meta-llama/llama-4-maverick;meta-llama/llama-4-scout;meta-llama/llama-3.1-8b-instruct,0.167,5575,0,0.333,10204,agi_validation_failed:intent|agi_validation_failed:actions|agi_validation_failed:priority_order|agi_validation_failed:margin_notional_reduced_usd|agi_validation_failed:expected_execution_cost_usd|agi_validation_failed:self_check,,0,0.222,3033,agi_validation_failed:intent|agi_validation_failed:actions|agi_validation_failed:priority_order|agi_validation_failed:latest_direct_neutralization_min|agi_validation_failed:margin_notional_reduced_usd|agi_validation_failed:expected_execution_cost_usd|agi_validation_failed:self_check,,0,0.111,4275,agi_validation_failed:intent|agi_validation_failed:actions|agi_validation_failed:priority_order|agi_validation_failed:direct_usdt_neutralized_usd|agi_validation_failed:latest_direct_neutralization_min|agi_validation_failed:margin_notional_reduced_usd|agi_validation_failed:expected_execution_cost_usd|agi_validation_failed:self_check,,0,0.000,4789,agi_validation_failed:intent|agi_validation_failed:chosen_strategy|agi_validation_failed:actions|agi_validation_failed:priority_order|agi_validation_failed:direct_usdt_neutralized_usd|agi_validation_failed:latest_direct_neutralization_min|agi_validation_failed:margin_notional_reduced_usd|agi_validation_failed:expected_execution_cost_usd|agi_validation_failed:self_check,
AGI-009,11,0,,meta-llama/llama-3.3-70b-instruct;meta-llama/llama-4-maverick;meta-llama/llama-4-scout;meta-llama/llama-3.1-8b-instruct,0.000,2973,0,0.000,4844,agi_validation_failed:intent|agi_validation_failed:chosen_strategy|agi_validation_failed:chosen_path|agi_validation_failed:expected_wld|agi_validation_failed:completion_minutes,,0,0.000,2250,agi_validation_failed:intent|agi_validation_failed:chosen_strategy|agi_validation_failed:chosen_path|agi_validation_failed:expected_wld|agi_validation_failed:completion_minutes,,0,0.000,2939,agi_validation_failed:intent|agi_validation_failed:chosen_strategy|agi_validation_failed:chosen_path|agi_validation_failed:expected_wld|agi_validation_failed:completion_minutes,,0,0.000,1859,agi_validation_failed:intent|agi_validation_failed:chosen_strategy|agi_validation_failed:chosen_path|agi_validation_failed:expected_wld|agi_validation_failed:completion_minutes,
AGI-010,11,0,,meta-llama/llama-3.3-70b-instruct;meta-llama/llama-4-maverick;meta-llama/llama-4-scout;meta-llama/llama-3.1-8b-instruct,0.214,2274,0,0.286,1721,agi_validation_failed:intent|agi_validation_failed:spread_bps|agi_validation_failed:update_ms|agi_validation_failed:toxic_defense|agi_validation_failed:expected_daily_pnl_usd,,0,0.286,1422,agi_validation_failed:intent|agi_validation_failed:spread_bps|agi_validation_failed:update_ms|agi_validation_failed:toxic_defense|agi_validation_failed:expected_daily_pnl_usd,,0,0.143,3669,agi_validation_failed:intent|missing_field|missing_field|missing_field|agi_validation_failed:toxic_defense|missing_field,,0,0.143,2282,agi_validation_failed:intent|agi_validation_failed:spread_bps|agi_validation_failed:update_ms|agi_validation_failed:max_inventory_usd|agi_validation_failed:toxic_defense|agi_validation_failed:expected_daily_pnl_usd,
AGI-011,11,0,,meta-llama/llama-3.3-70b-instruct;meta-llama/llama-4-maverick;meta-llama/llama-4-scout;meta-llama/llama-3.1-8b-instruct,0.250,3244,0,0.200,3248,agi_validation_failed:chosen_strategy|agi_validation_failed:withdrawal_sequence|agi_validation_failed:ev_withdraw|agi_validation_failed:ev_stay,,0,0.400,2252,agi_validation_failed:chosen_strategy|agi_validation_failed:withdrawal_sequence|agi_validation_failed:ev_stay,,0,0.200,5754,agi_validation_failed:chosen_strategy|agi_validation_failed:withdrawal_sequence|agi_validation_failed:ev_withdraw|agi_validation_failed:ev_stay,,0,0.200,1720,agi_validation_failed:chosen_strategy|agi_validation_failed:withdrawal_sequence|agi_validation_failed:ev_withdraw|agi_validation_failed:ev_stay,
AGI-012,11,0,,meta-llama/llama-3.3-70b-instruct;meta-llama/llama-4-maverick;meta-llama/llama-4-scout;meta-llama/llama-3.1-8b-instruct,0.000,3331,0,0.000,5326,agi_validation_failed:intent|agi_validation_failed:chosen_strategy|agi_validation_failed:hedge_legs.SOL_short.notional_usd|agi_validation_failed:hedge_legs.BTC_put_spread.notional_usd|agi_validation_failed:expected_vol_reduction_pct|agi_validation_failed:residual_1d_var_usd,,0,0.000,1815,agi_validation_failed:intent|agi_validation_failed:chosen_strategy|agi_validation_failed:hedge_legs.SOL_short.notional_usd|agi_validation_failed:hedge_legs.BTC_put_spread.notional_usd|agi_validation_failed:expected_vol_reduction_pct|agi_validation_failed:residual_1d_var_usd,,0,0.000,3202,agi_validation_failed:intent|agi_validation_failed:chosen_strategy|agi_validation_failed:hedge_legs.SOL_short.notional_usd|agi_validation_failed:hedge_legs.BTC_put_spread.notional_usd|agi_validation_failed:expected_vol_reduction_pct|agi_validation_failed:residual_1d_var_usd,,0,0.000,2980,agi_validation_failed:intent|agi_validation_failed:chosen_strategy|agi_validation_failed:hedge_legs.SOL_short.notional_usd|agi_validation_failed:hedge_legs.BTC_put_spread.notional_usd|agi_validation_failed:expected_vol_reduction_pct|agi_validation_failed:residual_1d_var_usd,
AGI-013,11,0,,meta-llama/llama-3.3-70b-instruct;meta-llama/llama-4-maverick;meta-llama/llama-4-scout;meta-llama/llama-3.1-8b-instruct,0.278,3944,0,0.444,4952,agi_validation_failed:intent|agi_validation_failed:chosen_strategy|agi_validation_failed:replacement_assets.SOL|agi_validation_failed:net_tax_benefit|agi_validation_failed:remaining_unoffset_gains,,0,0.333,1515,agi_validation_failed:intent|agi_validation_failed:chosen_strategy|agi_validation_failed:sale_sequence|agi_validation_failed:replacement_assets.SOL|agi_validation_failed:net_tax_benefit|agi_validation_failed:remaining_unoffset_gains,,0,0.333,3289,agi_validation_failed:intent|agi_validation_failed:chosen_strategy|agi_validation_failed:sale_sequence|agi_validation_failed:replacement_assets.SOL|agi_validation_failed:net_tax_benefit|agi_validation_failed:remaining_unoffset_gains,,0,0.000,6021,agi_validation_failed:intent|agi_validation_failed:chosen_strategy|agi_validation_failed:assets_to_sell|agi_validation_failed:sale_sequence|agi_validation_failed:replacement_assets.SOL|agi_validation_failed:replacement_assets.LINK|agi_validation_failed:replacement_assets.MATIC|agi_validation_failed:net_tax_benefit|agi_validation_failed:remaining_unoffset_gains,
AGI-014,11,0,,meta-llama/llama-3.3-70b-instruct;meta-llama/llama-4-maverick;meta-llama/llama-4-scout;meta-llama/llama-3.1-8b-instruct,0.455,2725,0,0.545,3314,agi_validation_failed:intent|agi_validation_failed:chosen_strategy|agi_validation_failed:leverage|agi_validation_failed:apr_pct|agi_validation_failed:pnl_30d_usd,,0,0.545,2003,agi_validation_failed:intent|agi_validation_failed:chosen_strategy|agi_validation_failed:leverage|agi_validation_failed:apr_pct|agi_validation_failed:pnl_30d_usd,,0,0.636,2835,agi_validation_failed:intent|agi_validation_failed:chosen_strategy|agi_validation_failed:leverage|agi_validation_failed:apr_pct,,0,0.091,2747,agi_validation_failed:intent|agi_validation_failed:chosen_strategy|agi_validation_failed:perp_short_allocation_usd.Binance|agi_validation_failed:perp_short_allocation_usd.Bybit|agi_validation_failed:perp_short_allocation_usd.Hyperliquid|agi_validation_failed:perp_short_allocation_usd.OKX|agi_validation_failed:perp_short_allocation_usd.dYdX|agi_validation_failed:leverage|agi_validation_failed:apr_pct|agi_validation_failed:pnl_30d_usd,
AGI-015,11,0,,meta-llama/llama-3.3-70b-instruct;meta-llama/llama-4-maverick;meta-llama/llama-4-scout;meta-llama/llama-3.1-8b-instruct,0.306,4748,0,0.333,9836,agi_validation_failed:intent|agi_validation_failed:chosen_strategy|agi_validation_failed:venue_allocation_usd.Curve_ETH|agi_validation_failed:venue_allocation_usd.Binance|agi_validation_failed:expected_eth_received|agi_validation_failed:effective_price,,0,0.222,3817,agi_validation_failed:intent|agi_validation_failed:chosen_strategy|agi_validation_failed:venue_allocation_usd.Velodrome_Optimism|agi_validation_failed:venue_allocation_usd.Uniswap_Arbitrum|missing_field|missing_field|missing_field,,0,0.556,2277,agi_validation_failed:intent|agi_validation_failed:venue_allocation_usd.Curve_ETH|agi_validation_failed:venue_allocation_usd.Binance|agi_validation_failed:effective_price,,0,0.111,3060,agi_validation_failed:intent|agi_validation_failed:venue_allocation_usd.Velodrome_Optimism|agi_validation_failed:venue_allocation_usd.Uniswap_Arbitrum|agi_validation_failed:venue_allocation_usd.Kraken|agi_validation_failed:venue_allocation_usd.Curve_ETH|agi_validation_failed:venue_allocation_usd.Binance|agi_validation_failed:expected_eth_received|agi_validation_failed:effective_price,
AGI-021,11,0,,meta-llama/llama-3.3-70b-instruct;meta-llama/llama-4-maverick;meta-llama/llama-4-scout;meta-llama/llama-3.1-8b-instruct,0.357,2335,0,0.286,2954,agi_validation_failed:intent|agi_validation_failed:chosen_strategy|agi_validation_failed:execution_sequence|agi_validation_failed:risk_reduction_pct|agi_validation_failed:worst_case_residual_pnl_usd,,0,0.429,1555,agi_validation_failed:intent|agi_validation_failed:chosen_strategy|agi_validation_failed:execution_sequence|agi_validation_failed:worst_case_residual_pnl_usd,,0,0.429,2481,agi_validation_failed:intent|agi_validation_failed:chosen_strategy|agi_validation_failed:execution_sequence|agi_validation_failed:worst_case_residual_pnl_usd,,0,0.286,2348,agi_validation_failed:intent|agi_validation_failed:chosen_strategy|agi_validation_failed:execution_sequence|agi_validation_failed:risk_reduction_pct|agi_validation_failed:worst_case_residual_pnl_usd,
AGI-022,11,0,,meta-llama/llama-3.3-70b-instruct;meta-llama/llama-4-maverick;meta-llama/llama-4-scout;meta-llama/llama-3.1-8b-instruct,0.321,3144,0,0.286,3165,agi_validation_failed:intent|agi_validation_failed:chosen_strategy|agi_validation_failed:execution_sequence|agi_validation_failed:risk_reduction_pct|agi_validation_failed:worst_case_residual_pnl_usd,,0,0.286,2166,agi_validation_failed:intent|agi_validation_failed:chosen_strategy|agi_validation_failed:execution_sequence|agi_validation_failed:risk_reduction_pct|agi_validation_failed:worst_case_residual_pnl_usd,,0,0.286,3030,agi_validation_failed:intent|agi_validation_failed:chosen_strategy|agi_validation_failed:execution_sequence|agi_validation_failed:risk_reduction_pct|agi_validation_failed:worst_case_residual_pnl_usd,,0,0.429,4216,agi_validation_failed:intent|agi_validation_failed:chosen_strategy|agi_validation_failed:execution_sequence|agi_validation_failed:worst_case_residual_pnl_usd,
AGI-023,11,0,,meta-llama/llama-3.3-70b-instruct;meta-llama/llama-4-maverick;meta-llama/llama-4-scout;meta-llama/llama-3.1-8b-instruct,0.286,2801,0,0.286,2653,agi_validation_failed:intent|agi_validation_failed:chosen_strategy|agi_validation_failed:execution_sequence|agi_validation_failed:risk_reduction_pct|agi_validation_failed:worst_case_residual_pnl_usd,,0,0.286,2276,agi_validation_failed:intent|agi_validation_failed:chosen_strategy|agi_validation_failed:execution_sequence|agi_validation_failed:risk_reduction_pct|agi_validation_failed:worst_case_residual_pnl_usd,,0,0.286,3008,agi_validation_failed:intent|agi_validation_failed:chosen_strategy|agi_validation_failed:execution_sequence|agi_validation_failed:risk_reduction_pct|agi_validation_failed:worst_case_residual_pnl_usd,,0,0.286,3266,agi_validation_failed:intent|agi_validation_failed:chosen_strategy|agi_validation_failed:execution_sequence|agi_validation_failed:risk_reduction_pct|agi_validation_failed:worst_case_residual_pnl_usd,
AGI-024,11,0,,meta-llama/llama-3.3-70b-instruct;meta-llama/llama-4-maverick;meta-llama/llama-4-scout;meta-llama/llama-3.1-8b-instruct,0.386,4044,0,0.545,6448,agi_validation_failed:intent|agi_validation_failed:chosen_strategy|agi_validation_failed:execution_sequence|agi_validation_failed:venue_fills.RFQ_A|agi_validation_failed:self_check,,0,0.636,1403,agi_validation_failed:intent|agi_validation_failed:chosen_strategy|agi_validation_failed:execution_sequence|agi_validation_failed:self_check,,0,0.182,2475,agi_validation_failed:intent|missing_field|missing_field|missing_field|missing_field|missing_field|missing_field|agi_validation_failed:expected_slippage_pct|agi_validation_failed:self_check,,0,0.182,5848,agi_validation_failed:intent|agi_validation_failed:chosen_strategy|agi_validation_failed:execution_sequence|agi_validation_failed:venue_fills.Dark_RFQ|agi_validation_failed:venue_fills.Internalizer|agi_validation_failed:venue_fills.RFQ_A|agi_validation_failed:venue_fills.hidden_public|agi_validation_failed:expected_slippage_pct|agi_validation_failed:self_check,
AGI-025,11,0,,meta-llama/llama-3.3-70b-instruct;meta-llama/llama-4-maverick;meta-llama/llama-4-scout;meta-llama/llama-3.1-8b-instruct,0.409,5072,0,0.636,9270,agi_validation_failed:intent|agi_validation_failed:chosen_strategy|agi_validation_failed:venue_fills.RFQ_A|agi_validation_failed:self_check,,0,0.636,2858,agi_validation_failed:intent|agi_validation_failed:chosen_strategy|agi_validation_failed:execution_sequence|agi_validation_failed:self_check,,0,0.182,2661,agi_validation_failed:intent|agi_validation_failed:chosen_strategy|missing_field|missing_field|missing_field|missing_field|missing_field|agi_validation_failed:expected_slippage_pct|missing_field,,0,0.182,5500,agi_validation_failed:intent|agi_validation_failed:chosen_strategy|agi_validation_failed:execution_sequence|agi_validation_failed:venue_fills.CEX_Y|agi_validation_failed:venue_fills.Dark_RFQ|agi_validation_failed:venue_fills.RFQ_A|agi_validation_failed:venue_fills.hidden_public|agi_validation_failed:expected_slippage_pct|agi_validation_failed:self_check,
AGI-026,11,1,meta-llama/llama-4-scout,meta-llama/llama-3.3-70b-instruct;meta-llama/llama-4-maverick;meta-llama/llama-3.1-8b-instruct,0.545,4228,0,0.636,4156,agi_validation_failed:intent|agi_validation_failed:chosen_strategy|agi_validation_failed:expected_slippage_pct|agi_validation_failed:self_check,,0,0.636,4374,agi_validation_failed:intent|agi_validation_failed:chosen_strategy|agi_validation_failed:execution_sequence|agi_validation_failed:self_check,,1,0.727,2772,agi_validation_failed:intent|agi_validation_failed:chosen_strategy|agi_validation_failed:self_check,,0,0.182,5608,agi_validation_failed:intent|agi_validation_failed:chosen_strategy|agi_validation_failed:execution_sequence|agi_validation_failed:venue_fills.Internalizer|agi_validation_failed:venue_fills.Dark_RFQ|agi_validation_failed:venue_fills.CEX_Y|agi_validation_failed:venue_fills.hidden_public|agi_validation_failed:expected_slippage_pct|agi_validation_failed:self_check,
AGI-027,11,0,,meta-llama/llama-3.3-70b-instruct;meta-llama/llama-4-maverick;meta-llama/llama-4-scout;meta-llama/llama-3.1-8b-instruct,0.143,3049,0,0.000,4789,agi_validation_failed:intent|agi_validation_failed:chosen_strategy|agi_validation_failed:hedge_units|agi_validation_failed:net_exposure_units|agi_validation_failed:worst_case_margin_drawdown_pct|agi_validation_failed:funding_window_pnl_usd|agi_validation_failed:self_check,,0,0.286,1832,agi_validation_failed:intent|agi_validation_failed:chosen_strategy|agi_validation_failed:worst_case_margin_drawdown_pct|agi_validation_failed:funding_window_pnl_usd|agi_validation_failed:self_check,,0,0.000,3558,agi_validation_failed:intent|agi_validation_failed:chosen_strategy|agi_validation_failed:hedge_units|agi_validation_failed:net_exposure_units|agi_validation_failed:worst_case_margin_drawdown_pct|agi_validation_failed:funding_window_pnl_usd|agi_validation_failed:self_check,,0,0.286,2018,agi_validation_failed:intent|agi_validation_failed:chosen_strategy|agi_validation_failed:worst_case_margin_drawdown_pct|agi_validation_failed:funding_window_pnl_usd|agi_validation_failed:self_check,
AGI-028,11,0,,meta-llama/llama-3.3-70b-instruct;meta-llama/llama-4-maverick;meta-llama/llama-4-scout;meta-llama/llama-3.1-8b-instruct,0.286,2536,0,0.286,3039,agi_validation_failed:intent|agi_validation_failed:chosen_strategy|agi_validation_failed:worst_case_margin_drawdown_pct|agi_validation_failed:funding_window_pnl_usd|agi_validation_failed:self_check,,0,0.286,1665,agi_validation_failed:intent|agi_validation_failed:chosen_strategy|agi_validation_failed:worst_case_margin_drawdown_pct|agi_validation_failed:funding_window_pnl_usd|agi_validation_failed:self_check,,0,0.286,2823,agi_validation_failed:intent|agi_validation_failed:chosen_strategy|agi_validation_failed:worst_case_margin_drawdown_pct|agi_validation_failed:funding_window_pnl_usd|agi_validation_failed:self_check,,0,0.286,2617,agi_validation_failed:intent|agi_validation_failed:chosen_strategy|agi_validation_failed:worst_case_margin_drawdown_pct|agi_validation_failed:funding_window_pnl_usd|agi_validation_failed:self_check,
AGI-029,11,0,,meta-llama/llama-3.3-70b-instruct;meta-llama/llama-4-maverick;meta-llama/llama-4-scout;meta-llama/llama-3.1-8b-instruct,0.286,2284,0,0.286,1648,agi_validation_failed:intent|agi_validation_failed:chosen_strategy|agi_validation_failed:worst_case_margin_drawdown_pct|agi_validation_failed:funding_window_pnl_usd|agi_validation_failed:self_check,,0,0.286,1996,agi_validation_failed:intent|agi_validation_failed:chosen_strategy|agi_validation_failed:worst_case_margin_drawdown_pct|agi_validation_failed:funding_window_pnl_usd|agi_validation_failed:self_check,,0,0.286,3606,agi_validation_failed:intent|agi_validation_failed:chosen_strategy|agi_validation_failed:worst_case_margin_drawdown_pct|agi_validation_failed:funding_window_pnl_usd|agi_validation_failed:self_check,,0,0.286,1885,agi_validation_failed:intent|agi_validation_failed:chosen_strategy|agi_validation_failed:worst_case_margin_drawdown_pct|agi_validation_failed:funding_window_pnl_usd|agi_validation_failed:self_check,
AGI-030,11,1,meta-llama/llama-4-maverick,meta-llama/llama-3.3-70b-instruct;meta-llama/llama-4-scout;meta-llama/llama-3.1-8b-instruct,0.500,4847,0,0.222,9568,agi_validation_failed:intent|agi_validation_failed:chosen_strategy|agi_validation_failed:expected_net_apy_pct|agi_validation_failed:expected_90d_profit_usd|agi_validation_failed:liquidity_48h_usd|agi_validation_failed:allocation_usd.Ethena_USDe|agi_validation_failed:allocation_usd.GMX_GLP,,1,0.778,1524,agi_validation_failed:intent|agi_validation_failed:chosen_strategy,,0,0.667,4192,agi_validation_failed:intent|agi_validation_failed:chosen_strategy|agi_validation_failed:expected_90d_profit_usd,,0,0.333,4105,agi_validation_failed:intent|agi_validation_failed:chosen_strategy|agi_validation_failed:expected_90d_profit_usd|agi_validation_failed:allocation_usd.Curve_3pool|agi_validation_failed:allocation_usd.Ethena_USDe|agi_validation_failed:allocation_usd.GMX_GLP,
AGI-031,11,0,,meta-llama/llama-3.3-70b-instruct;meta-llama/llama-4-maverick;meta-llama/llama-4-scout;meta-llama/llama-3.1-8b-instruct,0.361,3870,0,0.000,4092,agi_validation_failed:intent|agi_validation_failed:chosen_strategy|missing_field|missing_field|missing_field|missing_field|missing_field|missing_field|missing_field,,0,0.667,1702,agi_validation_failed:intent|agi_validation_failed:chosen_strategy|agi_validation_failed:liquidity_48h_usd,,0,0.556,7091,agi_validation_failed:intent|agi_validation_failed:chosen_strategy|agi_validation_failed:expected_90d_profit_usd|agi_validation_failed:allocation_usd.Symbiotic_AVS,,0,0.222,2596,agi_validation_failed:intent|agi_validation_failed:chosen_strategy|agi_validation_failed:expected_90d_profit_usd|agi_validation_failed:allocation_usd.Aave_USDC|agi_validation_failed:allocation_usd.Symbiotic_AVS|agi_validation_failed:allocation_usd.EigenLayer_AVS|agi_validation_failed:allocation_usd.Pendle_PT,
AGI-032,11,0,,meta-llama/llama-3.3-70b-instruct;meta-llama/llama-4-maverick;meta-llama/llama-4-scout;meta-llama/llama-3.1-8b-instruct,0.200,3932,0,0.300,8210,agi_validation_failed:intent|agi_validation_failed:chosen_strategy|agi_validation_failed:allocation_usd.Ethena_USDe|agi_validation_failed:expected_net_apy_pct|agi_validation_failed:expected_90d_profit_usd|agi_validation_failed:liquidity_48h_usd|agi_validation_failed:self_check,,0,0.300,2921,agi_validation_failed:intent|agi_validation_failed:chosen_strategy|agi_validation_failed:allocation_usd.GMX_GLP|agi_validation_failed:allocation_usd.Ethena_USDe|agi_validation_failed:expected_net_apy_pct|agi_validation_failed:expected_90d_profit_usd|agi_validation_failed:self_check,,0,0.100,2145,agi_validation_failed:intent|agi_validation_failed:chosen_strategy|missing_field|missing_field|missing_field|missing_field|agi_validation_failed:expected_net_apy_pct|agi_validation_failed:expected_90d_profit_usd|agi_validation_failed:self_check,,0,0.100,2451,agi_validation_failed:intent|agi_validation_failed:chosen_strategy|agi_validation_failed:allocation_usd.Aave_USDC|agi_validation_failed:allocation_usd.GMX_GLP|missing_field|agi_validation_failed:expected_net_apy_pct|agi_validation_failed:expected_90d_profit_usd|agi_validation_failed:liquidity_48h_usd|agi_validation_failed:self_check,
AGI-033,11,0,,meta-llama/llama-3.3-70b-instruct;meta-llama/llama-4-maverick;meta-llama/llama-4-scout;meta-llama/llama-3.1-8b-instruct,0.281,4263,0,0.250,5269,agi_validation_failed:intent|agi_validation_failed:chosen_strategy|missing_field|missing_field|agi_validation_failed:expected_loss_usd|agi_validation_failed:self_check,,0,0.375,1625,agi_validation_failed:intent|agi_validation_failed:chosen_strategy|agi_validation_failed:expected_loss_usd|agi_validation_failed:expected_arrival_minutes|agi_validation_failed:self_check,,0,0.375,8052,agi_validation_failed:intent|agi_validation_failed:chosen_strategy|agi_validation_failed:observable_largest_clip_usd|agi_validation_failed:expected_loss_usd|agi_validation_failed:self_check,,0,0.125,2107,agi_validation_failed:intent|agi_validation_failed:chosen_strategy|agi_validation_failed:route_allocation_usd.Alpha|agi_validation_failed:route_allocation_usd.Delta|agi_validation_failed:observable_largest_clip_usd|agi_validation_failed:expected_loss_usd|agi_validation_failed:self_check,
AGI-034,11,0,,meta-llama/llama-3.3-70b-instruct;meta-llama/llama-4-maverick;meta-llama/llama-4-scout;meta-llama/llama-3.1-8b-instruct,0.313,8615,0,0.375,13384,agi_validation_failed:intent|agi_validation_failed:chosen_strategy|agi_validation_failed:expected_loss_usd|agi_validation_failed:expected_arrival_minutes|agi_validation_failed:self_check,,0,0.375,2445,agi_validation_failed:intent|agi_validation_failed:chosen_strategy|agi_validation_failed:expected_loss_usd|agi_validation_failed:expected_arrival_minutes|agi_validation_failed:self_check,,0,0.375,14722,agi_validation_failed:intent|agi_validation_failed:chosen_strategy|agi_validation_failed:expected_loss_usd|agi_validation_failed:expected_arrival_minutes|agi_validation_failed:self_check,,0,0.125,3910,agi_validation_failed:intent|agi_validation_failed:chosen_strategy|agi_validation_failed:route_allocation_usd.Gamma|agi_validation_failed:route_allocation_usd.Sigma|agi_validation_failed:observable_largest_clip_usd|agi_validation_failed:expected_loss_usd|agi_validation_failed:self_check,
AGI-035,11,0,,meta-llama/llama-3.3-70b-instruct;meta-llama/llama-4-maverick;meta-llama/llama-4-scout;meta-llama/llama-3.1-8b-instruct,0.281,4980,0,0.375,9135,agi_validation_failed:intent|agi_validation_failed:chosen_strategy|agi_validation_failed:expected_loss_usd|agi_validation_failed:expected_arrival_minutes|agi_validation_failed:self_check,,0,0.375,2145,agi_validation_failed:intent|agi_validation_failed:chosen_strategy|agi_validation_failed:expected_loss_usd|agi_validation_failed:expected_arrival_minutes|agi_validation_failed:self_check,,0,0.250,5379,agi_validation_failed:intent|agi_validation_failed:chosen_strategy|agi_validation_failed:observable_largest_clip_usd|agi_validation_failed:expected_loss_usd|agi_validation_failed:expected_arrival_minutes|agi_validation_failed:self_check,,0,0.125,3262,agi_validation_failed:intent|agi_validation_failed:chosen_strategy|agi_validation_failed:route_allocation_usd.Alpha|agi_validation_failed:route_allocation_usd.Sigma|agi_validation_failed:observable_largest_clip_usd|agi_validation_failed:expected_loss_usd|agi_validation_failed:self_check,
AGI-036,11,0,,meta-llama/llama-3.3-70b-instruct;meta-llama/llama-4-maverick;meta-llama/llama-4-scout;meta-llama/llama-3.1-8b-instruct,0.500,2036,0,0.500,1965,agi_validation_failed:intent|agi_validation_failed:chosen_strategy|agi_validation_failed:price_band,,0,0.500,1870,agi_validation_failed:intent|agi_validation_failed:chosen_strategy|agi_validation_failed:price_band,,0,0.500,3257,agi_validation_failed:intent|agi_validation_failed:chosen_strategy|agi_validation_failed:price_band,,0,0.500,1053,agi_validation_failed:intent|agi_validation_failed:chosen_strategy|agi_validation_failed:price_band,
AGI-037,11,0,,meta-llama/llama-3.3-70b-instruct;meta-llama/llama-4-maverick;meta-llama/llama-4-scout;meta-llama/llama-3.1-8b-instruct,0.375,3022,0,0.000,4828,agi_validation_failed:intent|missing_field|missing_field|missing_field|missing_field|missing_field,,0,0.500,1658,agi_validation_failed:intent|agi_validation_failed:chosen_strategy|agi_validation_failed:price_band,,0,0.500,3327,agi_validation_failed:intent|agi_validation_failed:chosen_strategy|agi_validation_failed:price_band,,0,0.500,2273,agi_validation_failed:intent|agi_validation_failed:chosen_strategy|agi_validation_failed:price_band,
AGI-038,11,0,,meta-llama/llama-3.3-70b-instruct;meta-llama/llama-4-maverick;meta-llama/llama-4-scout;meta-llama/llama-3.1-8b-instruct,0.250,5998,0,0.286,15425,agi_validation_failed:intent|agi_validation_failed:chosen_strategy|agi_validation_failed:price_band|agi_validation_failed:expected_avg_price|agi_validation_failed:self_check,,0,0.286,1786,agi_validation_failed:intent|agi_validation_failed:chosen_strategy|agi_validation_failed:price_band|agi_validation_failed:expected_avg_price|agi_validation_failed:self_check,,0,0.286,3786,agi_validation_failed:intent|agi_validation_failed:chosen_strategy|agi_validation_failed:price_band|agi_validation_failed:expected_avg_price|agi_validation_failed:self_check,,0,0.143,2995,agi_validation_failed:intent|agi_validation_failed:chosen_strategy|agi_validation_failed:price_band|agi_validation_failed:child_order_units|agi_validation_failed:expected_avg_price|agi_validation_failed:self_check,
AGI-039,11,0,,meta-llama/llama-3.3-70b-instruct;meta-llama/llama-4-maverick;meta-llama/llama-4-scout;meta-llama/llama-3.1-8b-instruct,0.188,4313,0,0.000,4420,agi_validation_failed:intent|missing_field|missing_field|missing_field|missing_field|missing_field|missing_field|missing_field,,0,0.250,1482,agi_validation_failed:intent|agi_validation_failed:position|agi_validation_failed:chosen_strategy|agi_validation_failed:net_sell_pressure_delta_per_day|agi_validation_failed:expected_12d_price_change_pct|agi_validation_failed:self_check,,0,0.250,8447,agi_validation_failed:intent|agi_validation_failed:position|agi_validation_failed:chosen_strategy|agi_validation_failed:net_sell_pressure_delta_per_day|agi_validation_failed:expected_12d_price_change_pct|agi_validation_failed:self_check,,0,0.250,2904,agi_validation_failed:intent|agi_validation_failed:position|agi_validation_failed:chosen_strategy|agi_validation_failed:net_sell_pressure_delta_per_day|agi_validation_failed:expected_12d_price_change_pct|agi_validation_failed:self_check,
AGI-040,11,0,,meta-llama/llama-3.3-70b-instruct;meta-llama/llama-4-maverick;meta-llama/llama-4-scout;meta-llama/llama-3.1-8b-instruct,0.188,3751,0,0.000,2248,agi_validation_failed:intent|missing_field|missing_field|missing_field|missing_field|missing_field|missing_field|missing_field,,0,0.250,1666,agi_validation_failed:intent|agi_validation_failed:position|agi_validation_failed:chosen_strategy|agi_validation_failed:net_sell_pressure_delta_per_day|agi_validation_failed:expected_12d_price_change_pct|agi_validation_failed:self_check,,0,0.250,6238,agi_validation_failed:intent|agi_validation_failed:position|agi_validation_failed:chosen_strategy|agi_validation_failed:net_sell_pressure_delta_per_day|agi_validation_failed:expected_12d_price_change_pct|agi_validation_failed:self_check,,0,0.250,4852,agi_validation_failed:intent|agi_validation_failed:position|agi_validation_failed:chosen_strategy|agi_validation_failed:net_sell_pressure_delta_per_day|agi_validation_failed:expected_12d_price_change_pct|agi_validation_failed:self_check,
AGI-041,11,0,,meta-llama/llama-3.3-70b-instruct;meta-llama/llama-4-maverick;meta-llama/llama-4-scout;meta-llama/llama-3.1-8b-instruct,0.188,3401,0,0.000,3598,agi_validation_failed:intent|missing_field|missing_field|missing_field|missing_field|missing_field|missing_field|missing_field,,0,0.250,1598,agi_validation_failed:intent|agi_validation_failed:position|agi_validation_failed:chosen_strategy|agi_validation_failed:net_sell_pressure_delta_per_day|agi_validation_failed:expected_12d_price_change_pct|agi_validation_failed:self_check,,0,0.250,6490,agi_validation_failed:intent|agi_validation_failed:position|agi_validation_failed:chosen_strategy|agi_validation_failed:net_sell_pressure_delta_per_day|agi_validation_failed:expected_12d_price_change_pct|agi_validation_failed:self_check,,0,0.250,1917,agi_validation_failed:intent|agi_validation_failed:position|agi_validation_failed:chosen_strategy|agi_validation_failed:net_sell_pressure_delta_per_day|agi_validation_failed:expected_12d_price_change_pct|agi_validation_failed:self_check,
AGI-042,11,0,,meta-llama/llama-3.3-70b-instruct;meta-llama/llama-4-maverick;meta-llama/llama-4-scout;meta-llama/llama-3.1-8b-instruct,0.306,5448,0,0.333,3443,agi_validation_failed:intent|agi_validation_failed:actions|agi_validation_failed:priority_order|agi_validation_failed:latest_direct_neutralization_min|agi_validation_failed:expected_execution_cost_usd|agi_validation_failed:self_check,,0,0.222,2633,agi_validation_failed:intent|agi_validation_failed:chosen_strategy|agi_validation_failed:actions|agi_validation_failed:priority_order|agi_validation_failed:latest_direct_neutralization_min|agi_validation_failed:expected_execution_cost_usd|agi_validation_failed:self_check,,0,0.333,10728,agi_validation_failed:intent|agi_validation_failed:actions|agi_validation_failed:priority_order|agi_validation_failed:latest_direct_neutralization_min|agi_validation_failed:expected_execution_cost_usd|agi_validation_failed:self_check,,0,0.333,4986,agi_validation_failed:intent|agi_validation_failed:actions|agi_validation_failed:priority_order|agi_validation_failed:latest_direct_neutralization_min|agi_validation_failed:expected_execution_cost_usd|agi_validation_failed:self_check,
AGI-043,11,0,,meta-llama/llama-3.3-70b-instruct;meta-llama/llama-4-maverick;meta-llama/llama-4-scout;meta-llama/llama-3.1-8b-instruct,0.056,4562,0,0.000,7231,agi_validation_failed:intent|missing_field|missing_field|missing_field|missing_field|missing_field|missing_field|missing_field|missing_field,,0,0.000,2152,agi_validation_failed:intent|missing_field|missing_field|missing_field|missing_field|missing_field|missing_field|missing_field|missing_field,,0,0.222,5712,agi_validation_failed:intent|agi_validation_failed:chosen_strategy|agi_validation_failed:actions|agi_validation_failed:priority_order|agi_validation_failed:latest_direct_neutralization_min|agi_validation_failed:expected_execution_cost_usd|agi_validation_failed:self_check,,0,0.000,3152,agi_validation_failed:intent|agi_validation_failed:chosen_strategy|agi_validation_failed:actions|agi_validation_failed:priority_order|agi_validation_failed:direct_stablecoin_neutralized_usd|agi_validation_failed:latest_direct_neutralization_min|agi_validation_failed:margin_notional_reduced_usd|agi_validation_failed:expected_execution_cost_usd|agi_validation_failed:self_check,
AGI-044,11,0,,meta-llama/llama-3.3-70b-instruct;meta-llama/llama-4-maverick;meta-llama/llama-4-scout;meta-llama/llama-3.1-8b-instruct,0.194,4008,0,0.222,8802,agi_validation_failed:intent|agi_validation_failed:chosen_strategy|agi_validation_failed:actions|agi_validation_failed:priority_order|agi_validation_failed:latest_direct_neutralization_min|agi_validation_failed:expected_execution_cost_usd|agi_validation_failed:self_check,,0,0.222,3178,agi_validation_failed:intent|agi_validation_failed:chosen_strategy|agi_validation_failed:actions|agi_validation_failed:priority_order|agi_validation_failed:latest_direct_neutralization_min|agi_validation_failed:margin_notional_reduced_usd|agi_validation_failed:self_check,,0,0.222,933,agi_validation_failed:intent|agi_validation_failed:chosen_strategy|agi_validation_failed:actions|agi_validation_failed:priority_order|agi_validation_failed:latest_direct_neutralization_min|agi_validation_failed:expected_execution_cost_usd|agi_validation_failed:self_check,,0,0.111,3119,agi_validation_failed:intent|agi_validation_failed:chosen_strategy|agi_validation_failed:actions|agi_validation_failed:priority_order|agi_validation_failed:latest_direct_neutralization_min|agi_validation_failed:margin_notional_reduced_usd|agi_validation_failed:expected_execution_cost_usd|agi_validation_failed:self_check,
AGI-045,11,0,,meta-llama/llama-3.3-70b-instruct;meta-llama/llama-4-maverick;meta-llama/llama-4-scout;meta-llama/llama-3.1-8b-instruct,0.071,2554,0,0.143,3674,agi_validation_failed:intent|agi_validation_failed:chosen_strategy|agi_validation_failed:route_steps|agi_validation_failed:expected_tokens|agi_validation_failed:completion_minutes|agi_validation_failed:self_check,,0,0.000,2964,agi_validation_failed:intent|missing_field|missing_field|missing_field|missing_field|missing_field|missing_field,,0,0.143,1202,agi_validation_failed:intent|agi_validation_failed:chosen_strategy|agi_validation_failed:route_steps|agi_validation_failed:expected_tokens|agi_validation_failed:completion_minutes|agi_validation_failed:self_check,,0,0.000,2374,agi_validation_failed:intent|agi_validation_failed:chosen_strategy|agi_validation_failed:route_steps|agi_validation_failed:expected_tokens|agi_validation_failed:completion_minutes|agi_validation_failed:total_fee_usd|agi_validation_failed:self_check,
AGI-046,11,0,,meta-llama/llama-3.3-70b-instruct;meta-llama/llama-4-maverick;meta-llama/llama-4-scout;meta-llama/llama-3.1-8b-instruct,0.036,4396,0,0.143,7837,agi_validation_failed:intent|agi_validation_failed:chosen_strategy|agi_validation_failed:route_steps|agi_validation_failed:expected_tokens|agi_validation_failed:completion_minutes|agi_validation_failed:self_check,,0,0.000,1813,agi_validation_failed:intent|missing_field|missing_field|missing_field|missing_field|missing_field|missing_field,,0,0.000,3777,agi_validation_failed:intent|agi_validation_failed:chosen_strategy|agi_validation_failed:route_steps|agi_validation_failed:expected_tokens|agi_validation_failed:completion_minutes|agi_validation_failed:total_fee_usd|agi_validation_failed:self_check,,0,0.000,4156,agi_validation_failed:intent|agi_validation_failed:chosen_strategy|agi_validation_failed:route_steps|agi_validation_failed:expected_tokens|agi_validation_failed:completion_minutes|agi_validation_failed:total_fee_usd|agi_validation_failed:self_check,
AGI-047,11,0,,meta-llama/llama-3.3-70b-instruct;meta-llama/llama-4-maverick;meta-llama/llama-4-scout;meta-llama/llama-3.1-8b-instruct,0.071,2985,0,0.143,5340,agi_validation_failed:intent|agi_validation_failed:chosen_strategy|agi_validation_failed:route_steps|agi_validation_failed:expected_tokens|agi_validation_failed:completion_minutes|agi_validation_failed:self_check,,0,0.000,945,agi_validation_failed:intent|missing_field|missing_field|missing_field|missing_field|missing_field|missing_field,,0,0.143,2567,agi_validation_failed:intent|agi_validation_failed:chosen_strategy|agi_validation_failed:route_steps|agi_validation_failed:expected_tokens|agi_validation_failed:completion_minutes|agi_validation_failed:self_check,,0,0.000,3087,agi_validation_failed:intent|agi_validation_failed:chosen_strategy|agi_validation_failed:route_steps|agi_validation_failed:expected_tokens|agi_validation_failed:completion_minutes|agi_validation_failed:total_fee_usd|agi_validation_failed:self_check,
AGI-048,11,0,,meta-llama/llama-3.3-70b-instruct;meta-llama/llama-4-maverick;meta-llama/llama-4-scout;meta-llama/llama-3.1-8b-instruct,0.313,6968,0,0.250,19861,agi_validation_failed:intent|agi_validation_failed:chosen_strategy|agi_validation_failed:half_spread_bps|agi_validation_failed:expected_1h_pnl_usd|agi_validation_failed:toxic_defense|agi_validation_failed:self_check,,0,0.375,1428,agi_validation_failed:intent|agi_validation_failed:half_spread_bps|agi_validation_failed:expected_1h_pnl_usd|agi_validation_failed:toxic_defense|agi_validation_failed:self_check,,0,0.375,3710,agi_validation_failed:intent|agi_validation_failed:half_spread_bps|agi_validation_failed:expected_1h_pnl_usd|agi_validation_failed:toxic_defense|agi_validation_failed:self_check,,0,0.250,2872,agi_validation_failed:intent|agi_validation_failed:half_spread_bps|agi_validation_failed:update_ms|agi_validation_failed:expected_1h_pnl_usd|agi_validation_failed:toxic_defense|agi_validation_failed:self_check,
AGI-049,11,0,,meta-llama/llama-3.3-70b-instruct;meta-llama/llama-4-maverick;meta-llama/llama-4-scout;meta-llama/llama-3.1-8b-instruct,0.281,3368,0,0.250,7259,agi_validation_failed:intent|agi_validation_failed:half_spread_bps|agi_validation_failed:update_ms|agi_validation_failed:expected_1h_pnl_usd|agi_validation_failed:toxic_defense|agi_validation_failed:self_check,,0,0.250,1999,agi_validation_failed:intent|agi_validation_failed:half_spread_bps|agi_validation_failed:update_ms|agi_validation_failed:expected_1h_pnl_usd|agi_validation_failed:toxic_defense|missing_field,,0,0.375,1713,agi_validation_failed:intent|agi_validation_failed:update_ms|agi_validation_failed:expected_1h_pnl_usd|agi_validation_failed:toxic_defense|agi_validation_failed:self_check,,0,0.250,2501,agi_validation_failed:intent|agi_validation_failed:half_spread_bps|agi_validation_failed:update_ms|agi_validation_failed:expected_1h_pnl_usd|agi_validation_failed:toxic_defense|agi_validation_failed:self_check,
AGI-050,11,0,,meta-llama/llama-3.3-70b-instruct;meta-llama/llama-4-maverick;meta-llama/llama-4-scout;meta-llama/llama-3.1-8b-instruct,0.313,1860,0,0.375,2319,agi_validation_failed:intent|agi_validation_failed:half_spread_bps|agi_validation_failed:expected_1h_pnl_usd|agi_validation_failed:toxic_defense|agi_validation_failed:self_check,,0,0.250,1364,agi_validation_failed:intent|agi_validation_failed:half_spread_bps|agi_validation_failed:update_ms|agi_validation_failed:expected_1h_pnl_usd|agi_validation_failed:toxic_defense|agi_validation_failed:self_check,,0,0.375,1024,agi_validation_failed:intent|agi_validation_failed:half_spread_bps|agi_validation_failed:expected_1h_pnl_usd|agi_validation_failed:toxic_defense|agi_validation_failed:self_check,,0,0.250,2732,agi_validation_failed:intent|agi_validation_failed:half_spread_bps|agi_validation_failed:update_ms|agi_validation_failed:expected_1h_pnl_usd|agi_validation_failed:toxic_defense|agi_validation_failed:self_check,
AGI-051,11,0,,meta-llama/llama-3.3-70b-instruct;meta-llama/llama-4-maverick;meta-llama/llama-4-scout;meta-llama/llama-3.1-8b-instruct,0.313,2852,0,0.250,2907,agi_validation_failed:intent|agi_validation_failed:decision|agi_validation_failed:chosen_strategy|agi_validation_failed:exit_sequence|agi_validation_failed:expected_exit_value_usd|agi_validation_failed:self_check,,0,0.500,1374,agi_validation_failed:intent|agi_validation_failed:chosen_strategy|agi_validation_failed:exit_sequence|agi_validation_failed:self_check,,0,0.250,4795,agi_validation_failed:intent|agi_validation_failed:chosen_strategy|agi_validation_failed:exit_sequence|agi_validation_failed:private_sale_usd|agi_validation_failed:expected_exit_value_usd|agi_validation_failed:self_check,,0,0.250,2332,agi_validation_failed:intent|agi_validation_failed:chosen_strategy|agi_validation_failed:exit_sequence|agi_validation_failed:expected_exit_value_usd|agi_validation_failed:expected_stay_value_usd|agi_validation_failed:self_check,
AGI-052,11,0,,meta-llama/llama-3.3-70b-instruct;meta-llama/llama-4-maverick;meta-llama/llama-4-scout;meta-llama/llama-3.1-8b-instruct,0.375,3183,0,0.375,4281,agi_validation_failed:intent|agi_validation_failed:decision|agi_validation_failed:chosen_strategy|agi_validation_failed:exit_sequence|agi_validation_failed:self_check,,0,0.500,1938,agi_validation_failed:intent|agi_validation_failed:chosen_strategy|agi_validation_failed:exit_sequence|agi_validation_failed:self_check,,0,0.375,4068,agi_validation_failed:intent|agi_validation_failed:chosen_strategy|agi_validation_failed:exit_sequence|agi_validation_failed:expected_exit_value_usd|agi_validation_failed:self_check,,0,0.250,2443,agi_validation_failed:intent|agi_validation_failed:chosen_strategy|agi_validation_failed:exit_sequence|agi_validation_failed:expected_exit_value_usd|agi_validation_failed:expected_stay_value_usd|agi_validation_failed:self_check,
AGI-053,11,0,,meta-llama/llama-3.3-70b-instruct;meta-llama/llama-4-maverick;meta-llama/llama-4-scout;meta-llama/llama-3.1-8b-instruct,0.438,2670,0,0.250,2449,agi_validation_failed:intent|agi_validation_failed:decision|agi_validation_failed:chosen_strategy|agi_validation_failed:exit_sequence|agi_validation_failed:expected_exit_value_usd|agi_validation_failed:self_check,,0,0.625,2512,agi_validation_failed:intent|agi_validation_failed:chosen_strategy|agi_validation_failed:self_check,,0,0.500,2728,agi_validation_failed:intent|agi_validation_failed:chosen_strategy|agi_validation_failed:expected_exit_value_usd|agi_validation_failed:self_check,,0,0.375,2992,agi_validation_failed:intent|agi_validation_failed:chosen_strategy|agi_validation_failed:expected_exit_value_usd|agi_validation_failed:expected_stay_value_usd|agi_validation_failed:self_check,
AGI-054,11,0,,meta-llama/llama-3.3-70b-instruct;meta-llama/llama-4-maverick;meta-llama/llama-4-scout;meta-llama/llama-3.1-8b-instruct,0.107,4571,0,0.143,9278,agi_validation_failed:intent|agi_validation_failed:chosen_strategy|agi_validation_failed:hedge_legs.BTC_put_spread.notional_usd|agi_validation_failed:expected_vol_reduction_pct|agi_validation_failed:residual_1d_var_usd|agi_validation_failed:self_check,,0,0.143,3154,agi_validation_failed:intent|agi_validation_failed:chosen_strategy|agi_validation_failed:hedge_legs.BTC_put_spread.notional_usd|agi_validation_failed:expected_vol_reduction_pct|agi_validation_failed:residual_1d_var_usd|agi_validation_failed:self_check,,0,0.143,3436,agi_validation_failed:intent|agi_validation_failed:chosen_strategy|agi_validation_failed:hedge_legs.BTC_put_spread.notional_usd|agi_validation_failed:expected_vol_reduction_pct|agi_validation_failed:residual_1d_var_usd|agi_validation_failed:self_check,,0,0.000,2414,agi_validation_failed:intent|agi_validation_failed:chosen_strategy|agi_validation_failed:hedge_legs.SOL_short.notional_usd|agi_validation_failed:hedge_legs.BTC_put_spread.notional_usd|agi_validation_failed:expected_vol_reduction_pct|agi_validation_failed:residual_1d_var_usd|agi_validation_failed:self_check,
AGI-055,11,0,,meta-llama/llama-3.3-70b-instruct;meta-llama/llama-4-maverick;meta-llama/llama-4-scout;meta-llama/llama-3.1-8b-instruct,0.042,4659,0,0.000,6860,agi_validation_failed:intent|agi_validation_failed:chosen_strategy|agi_validation_failed:hedge_legs.ETH_short.notional_usd|agi_validation_failed:hedge_legs.BTC_put_spread.notional_usd|agi_validation_failed:expected_vol_reduction_pct|agi_validation_failed:residual_1d_var_usd,,0,0.000,2625,agi_validation_failed:intent|agi_validation_failed:chosen_strategy|agi_validation_failed:hedge_legs.ETH_short.notional_usd|agi_validation_failed:hedge_legs.BTC_put_spread.notional_usd|agi_validation_failed:expected_vol_reduction_pct|agi_validation_failed:residual_1d_var_usd,,0,0.167,3736,agi_validation_failed:intent|agi_validation_failed:chosen_strategy|agi_validation_failed:hedge_legs.ETH_short.notional_usd|agi_validation_failed:hedge_legs.BTC_put_spread.notional_usd|agi_validation_failed:residual_1d_var_usd,,0,0.000,5414,agi_validation_failed:intent|agi_validation_failed:chosen_strategy|agi_validation_failed:hedge_legs.ETH_short.notional_usd|agi_validation_failed:hedge_legs.BTC_put_spread.notional_usd|agi_validation_failed:expected_vol_reduction_pct|agi_validation_failed:residual_1d_var_usd,
AGI-056,11,0,,meta-llama/llama-3.3-70b-instruct;meta-llama/llama-4-maverick;meta-llama/llama-4-scout;meta-llama/llama-3.1-8b-instruct,0.167,2788,0,0.000,6279,agi_validation_failed:intent|agi_validation_failed:chosen_strategy|agi_validation_failed:hedge_legs.BTC_short.notional_usd|agi_validation_failed:hedge_legs.ETH_put_spread.notional_usd|agi_validation_failed:expected_vol_reduction_pct|agi_validation_failed:residual_1d_var_usd,,0,0.000,1727,agi_validation_failed:intent|agi_validation_failed:chosen_strategy|agi_validation_failed:hedge_legs.BTC_short.notional_usd|agi_validation_failed:hedge_legs.ETH_put_spread.notional_usd|agi_validation_failed:expected_vol_reduction_pct|agi_validation_failed:residual_1d_var_usd,,0,0.333,581,agi_validation_failed:intent|agi_validation_failed:chosen_strategy|agi_validation_failed:hedge_legs.ETH_put_spread.notional_usd|agi_validation_failed:residual_1d_var_usd,,0,0.333,2565,agi_validation_failed:intent|agi_validation_failed:chosen_strategy|agi_validation_failed:expected_vol_reduction_pct|agi_validation_failed:residual_1d_var_usd,
AGI-057,11,0,,meta-llama/llama-3.3-70b-instruct;meta-llama/llama-4-maverick;meta-llama/llama-4-scout;meta-llama/llama-3.1-8b-instruct,0.450,5015,0,0.400,4128,agi_validation_failed:intent|agi_validation_failed:chosen_strategy|agi_validation_failed:sale_sequence|agi_validation_failed:net_tax_benefit|agi_validation_failed:remaining_unoffset_gains|agi_validation_failed:self_check,,0,0.500,7884,agi_validation_failed:intent|agi_validation_failed:chosen_strategy|agi_validation_failed:sale_sequence|agi_validation_failed:net_tax_benefit|agi_validation_failed:self_check,,0,0.400,4834,agi_validation_failed:intent|agi_validation_failed:chosen_strategy|agi_validation_failed:sale_sequence|agi_validation_failed:net_tax_benefit|agi_validation_failed:remaining_unoffset_gains|agi_validation_failed:self_check,,0,0.500,3213,agi_validation_failed:intent|agi_validation_failed:chosen_strategy|agi_validation_failed:net_tax_benefit|agi_validation_failed:remaining_unoffset_gains|agi_validation_failed:self_check,
AGI-058,11,0,,meta-llama/llama-3.3-70b-instruct;meta-llama/llama-4-maverick;meta-llama/llama-4-scout;meta-llama/llama-3.1-8b-instruct,0.475,4207,0,0.400,4771,agi_validation_failed:intent|agi_validation_failed:chosen_strategy|agi_validation_failed:sale_sequence|agi_validation_failed:net_tax_benefit|agi_validation_failed:remaining_unoffset_gains|agi_validation_failed:self_check,,0,0.600,1412,agi_validation_failed:intent|agi_validation_failed:chosen_strategy|agi_validation_failed:sale_sequence|agi_validation_failed:self_check,,0,0.500,6604,agi_validation_failed:intent|agi_validation_failed:chosen_strategy|agi_validation_failed:net_tax_benefit|agi_validation_failed:remaining_unoffset_gains|agi_validation_failed:self_check,,0,0.400,4041,agi_validation_failed:intent|agi_validation_failed:chosen_strategy|agi_validation_failed:sale_sequence|agi_validation_failed:net_tax_benefit|agi_validation_failed:remaining_unoffset_gains|agi_validation_failed:self_check,
AGI-059,11,0,,meta-llama/llama-3.3-70b-instruct;meta-llama/llama-4-maverick;meta-llama/llama-4-scout;meta-llama/llama-3.1-8b-instruct,0.450,5822,0,0.400,7695,agi_validation_failed:intent|agi_validation_failed:chosen_strategy|agi_validation_failed:sale_sequence|agi_validation_failed:net_tax_benefit|agi_validation_failed:remaining_unoffset_gains|agi_validation_failed:self_check,,0,0.400,1633,agi_validation_failed:intent|agi_validation_failed:chosen_strategy|agi_validation_failed:sale_sequence|agi_validation_failed:net_tax_benefit|agi_validation_failed:remaining_unoffset_gains|agi_validation_failed:self_check,,0,0.500,6137,agi_validation_failed:intent|agi_validation_failed:chosen_strategy|agi_validation_failed:net_tax_benefit|agi_validation_failed:remaining_unoffset_gains|agi_validation_failed:self_check,,0,0.500,7823,agi_validation_failed:intent|agi_validation_failed:chosen_strategy|agi_validation_failed:net_tax_benefit|agi_validation_failed:remaining_unoffset_gains|agi_validation_failed:self_check,
AGI-060,11,0,,meta-llama/llama-3.3-70b-instruct;meta-llama/llama-4-maverick;meta-llama/llama-4-scout;meta-llama/llama-3.1-8b-instruct,0.442,5642,0,0.385,7218,agi_validation_failed:intent|agi_validation_failed:chosen_strategy|agi_validation_failed:perp_short_allocation_usd.OKX|agi_validation_failed:perp_short_allocation_usd.dYdX|agi_validation_failed:apr_pct|agi_validation_failed:pnl_30d_usd|agi_validation_failed:cascade_buffer_pct|agi_validation_failed:self_check,,0,0.538,1614,agi_validation_failed:intent|agi_validation_failed:chosen_strategy|agi_validation_failed:apr_pct|agi_validation_failed:pnl_30d_usd|agi_validation_failed:cascade_buffer_pct|agi_validation_failed:self_check,,0,0.538,8122,agi_validation_failed:intent|agi_validation_failed:chosen_strategy|agi_validation_failed:apr_pct|agi_validation_failed:pnl_30d_usd|agi_validation_failed:cascade_buffer_pct|agi_validation_failed:self_check,,0,0.308,5612,agi_validation_failed:intent|agi_validation_failed:chosen_strategy|agi_validation_failed:perp_short_allocation_usd.Binance|agi_validation_failed:perp_short_allocation_usd.Hyperliquid|agi_validation_failed:leverage|agi_validation_failed:apr_pct|agi_validation_failed:pnl_30d_usd|agi_validation_failed:cascade_buffer_pct|agi_validation_failed:self_check,
AGI-061,11,0,,meta-llama/llama-3.3-70b-instruct;meta-llama/llama-4-maverick;meta-llama/llama-4-scout;meta-llama/llama-3.1-8b-instruct,0.442,5172,0,0.538,5719,agi_validation_failed:intent|agi_validation_failed:chosen_strategy|agi_validation_failed:apr_pct|agi_validation_failed:pnl_30d_usd|agi_validation_failed:cascade_buffer_pct|agi_validation_failed:self_check,,0,0.615,3887,agi_validation_failed:intent|agi_validation_failed:chosen_strategy|agi_validation_failed:pnl_30d_usd|agi_validation_failed:cascade_buffer_pct|agi_validation_failed:self_check,,0,0.462,5238,agi_validation_failed:intent|agi_validation_failed:chosen_strategy|agi_validation_failed:perp_short_allocation_usd.dYdX|agi_validation_failed:apr_pct|agi_validation_failed:pnl_30d_usd|agi_validation_failed:cascade_buffer_pct|agi_validation_failed:self_check,,0,0.154,5845,agi_validation_failed:intent|agi_validation_failed:chosen_strategy|agi_validation_failed:perp_short_allocation_usd.Binance|agi_validation_failed:perp_short_allocation_usd.Bybit|agi_validation_failed:perp_short_allocation_usd.OKX|agi_validation_failed:perp_short_allocation_usd.Hyperliquid|agi_validation_failed:perp_short_allocation_usd.dYdX|agi_validation_failed:apr_pct|agi_validation_failed:pnl_30d_usd|agi_validation_failed:cascade_buffer_pct|agi_validation_failed:self_check,
AGI-062,11,0,,meta-llama/llama-3.3-70b-instruct;meta-llama/llama-4-maverick;meta-llama/llama-4-scout;meta-llama/llama-3.1-8b-instruct,0.519,6136,0,0.692,4937,agi_validation_failed:intent|agi_validation_failed:chosen_strategy|agi_validation_failed:pnl_30d_usd|agi_validation_failed:self_check,,0,0.615,11274,agi_validation_failed:intent|agi_validation_failed:chosen_strategy|agi_validation_failed:pnl_30d_usd|agi_validation_failed:cascade_buffer_pct|agi_validation_failed:self_check,,0,0.231,2121,agi_validation_failed:intent|agi_validation_failed:chosen_strategy|missing_field|missing_field|missing_field|missing_field|missing_field|agi_validation_failed:apr_pct|agi_validation_failed:pnl_30d_usd|agi_validation_failed:self_check,,0,0.538,6211,agi_validation_failed:intent|agi_validation_failed:chosen_strategy|agi_validation_failed:apr_pct|agi_validation_failed:pnl_30d_usd|agi_validation_failed:cascade_buffer_pct|agi_validation_failed:self_check,
AGI-063,11,1,meta-llama/llama-3.3-70b-instruct,meta-llama/llama-4-maverick;meta-llama/llama-4-scout;meta-llama/llama-3.1-8b-instruct,0.477,2952,1,0.727,3597,agi_validation_failed:intent|agi_validation_failed:chosen_strategy|agi_validation_failed:self_check,,0,0.545,2657,agi_validation_failed:intent|agi_validation_failed:chosen_strategy|agi_validation_failed:expected_asset_received|agi_validation_failed:effective_price|agi_validation_failed:self_check,,0,0.091,2130,agi_validation_failed:intent|agi_validation_failed:chosen_strategy|missing_field|missing_field|missing_field|missing_field|missing_field|agi_validation_failed:expected_asset_received|missing_field|agi_validation_failed:self_check,,0,0.545,3423,agi_validation_failed:intent|agi_validation_failed:chosen_strategy|agi_validation_failed:expected_asset_received|agi_validation_failed:effective_price|agi_validation_failed:self_check,
AGI-064,11,1,meta-llama/llama-3.3-70b-instruct,meta-llama/llama-4-maverick;meta-llama/llama-4-scout;meta-llama/llama-3.1-8b-instruct,0.523,4948,1,0.727,9289,agi_validation_failed:intent|agi_validation_failed:chosen_strategy|agi_validation_failed:self_check,,0,0.455,5449,agi_validation_failed:intent|agi_validation_failed:chosen_strategy|agi_validation_failed:venue_allocation_usd.Coinbase|agi_validation_failed:venue_allocation_usd.Curve_BTC|agi_validation_failed:venue_allocation_usd.OTC_Circle|agi_validation_failed:self_check,,0,0.273,3149,agi_validation_failed:intent|agi_validation_failed:chosen_strategy|missing_field|missing_field|agi_validation_failed:venue_allocation_usd.OTC_Circle|agi_validation_failed:expected_asset_received|agi_validation_failed:effective_price|agi_validation_failed:self_check,,0,0.636,1904,agi_validation_failed:intent|agi_validation_failed:chosen_strategy|agi_validation_failed:expected_asset_received|agi_validation_failed:self_check,
AGI-065,11,1,meta-llama/llama-3.3-70b-instruct,meta-llama/llama-4-maverick;meta-llama/llama-4-scout;meta-llama/llama-3.1-8b-instruct,0.500,4326,1,0.727,8277,agi_validation_failed:intent|agi_validation_failed:chosen_strategy|agi_validation_failed:self_check,,0,0.636,3009,agi_validation_failed:intent|agi_validation_failed:chosen_strategy|agi_validation_failed:expected_asset_received|agi_validation_failed:self_check,,0,0.364,3479,agi_validation_failed:intent|agi_validation_failed:chosen_strategy|agi_validation_failed:venue_allocation_usd.Uniswap_Arbitrum|agi_validation_failed:venue_allocation_usd.Coinbase|agi_validation_failed:expected_asset_received|agi_validation_failed:effective_price|agi_validation_failed:self_check,,0,0.273,2537,agi_validation_failed:intent|agi_validation_failed:chosen_strategy|agi_validation_failed:venue_allocation_usd.Binance|agi_validation_failed:venue_allocation_usd.Uniswap_Arbitrum|agi_validation_failed:venue_allocation_usd.Coinbase|agi_validation_failed:expected_asset_received|agi_validation_failed:effective_price|agi_validation_failed:self_check,
AGI-066,11,0,,meta-llama/llama-3.3-70b-instruct;meta-llama/llama-4-maverick;meta-llama/llama-4-scout;meta-llama/llama-3.1-8b-instruct,0.194,3597,0,0.222,3386,agi_validation_failed:intent|agi_validation_failed:chosen_strategy|agi_validation_failed:execution_sequence|agi_validation_failed:hedge_notional_usd.ARB|agi_validation_failed:crisis_beta_reduction_pct|agi_validation_failed:worst_case_residual_pnl_usd|agi_validation_failed:self_check,,0,0.222,1895,agi_validation_failed:intent|agi_validation_failed:chosen_strategy|agi_validation_failed:execution_sequence|agi_validation_failed:hedge_notional_usd.ARB|agi_validation_failed:crisis_beta_reduction_pct|agi_validation_failed:worst_case_residual_pnl_usd|agi_validation_failed:self_check,,0,0.333,4102,agi_validation_failed:intent|agi_validation_failed:chosen_strategy|agi_validation_failed:execution_sequence|agi_validation_failed:hedge_notional_usd.ARB|agi_validation_failed:worst_case_residual_pnl_usd|agi_validation_failed:self_check,,0,0.000,5003,agi_validation_failed:intent|agi_validation_failed:chosen_strategy|agi_validation_failed:execution_sequence|agi_validation_failed:hedge_notional_usd.TIA|agi_validation_failed:hedge_notional_usd.NEAR|agi_validation_failed:hedge_notional_usd.ARB|agi_validation_failed:crisis_beta_reduction_pct|agi_validation_failed:worst_case_residual_pnl_usd|agi_validation_failed:self_check,
AGI-067,11,0,,meta-llama/llama-3.3-70b-instruct;meta-llama/llama-4-maverick;meta-llama/llama-4-scout;meta-llama/llama-3.1-8b-instruct,0.417,5194,0,0.444,4335,agi_validation_failed:intent|agi_validation_failed:chosen_strategy|agi_validation_failed:crisis_beta_reduction_pct|agi_validation_failed:worst_case_residual_pnl_usd|agi_validation_failed:self_check,,0,0.444,3688,agi_validation_failed:intent|agi_validation_failed:chosen_strategy|agi_validation_failed:crisis_beta_reduction_pct|agi_validation_failed:worst_case_residual_pnl_usd|agi_validation_failed:self_check,,0,0.444,5185,agi_validation_failed:intent|agi_validation_failed:chosen_strategy|agi_validation_failed:crisis_beta_reduction_pct|agi_validation_failed:worst_case_residual_pnl_usd|agi_validation_failed:self_check,,0,0.333,7568,agi_validation_failed:intent|agi_validation_failed:chosen_strategy|agi_validation_failed:execution_sequence|agi_validation_failed:crisis_beta_reduction_pct|agi_validation_failed:worst_case_residual_pnl_usd|agi_validation_failed:self_check,
AGI-068,11,0,,meta-llama/llama-3.3-70b-instruct;meta-llama/llama-4-maverick;meta-llama/llama-4-scout;meta-llama/llama-3.1-8b-instruct,0.389,5454,0,0.444,8785,agi_validation_failed:intent|agi_validation_failed:chosen_strategy|agi_validation_failed:crisis_beta_reduction_pct|agi_validation_failed:worst_case_residual_pnl_usd|agi_validation_failed:self_check,,0,0.333,2329,agi_validation_failed:intent|agi_validation_failed:chosen_strategy|agi_validation_failed:execution_sequence|agi_validation_failed:crisis_beta_reduction_pct|agi_validation_failed:worst_case_residual_pnl_usd|agi_validation_failed:self_check,,0,0.444,3546,agi_validation_failed:intent|agi_validation_failed:chosen_strategy|agi_validation_failed:crisis_beta_reduction_pct|agi_validation_failed:worst_case_residual_pnl_usd|agi_validation_failed:self_check,,0,0.333,7157,agi_validation_failed:intent|agi_validation_failed:chosen_strategy|agi_validation_failed:execution_sequence|agi_validation_failed:crisis_beta_reduction_pct|agi_validation_failed:worst_case_residual_pnl_usd|agi_validation_failed:self_check,
AGI-069,11,0,,meta-llama/llama-3.3-70b-instruct;meta-llama/llama-4-maverick;meta-llama/llama-4-scout;meta-llama/llama-3.1-8b-instruct,0.333,7272,0,0.333,3717,agi_validation_failed:intent|agi_validation_failed:chosen_strategy|agi_validation_failed:execution_sequence|agi_validation_failed:crisis_beta_reduction_pct|agi_validation_failed:worst_case_residual_pnl_usd|agi_validation_failed:self_check,,0,0.333,11841,agi_validation_failed:intent|agi_validation_failed:chosen_strategy|agi_validation_failed:execution_sequence|agi_validation_failed:crisis_beta_reduction_pct|agi_validation_failed:worst_case_residual_pnl_usd|agi_validation_failed:self_check,,0,0.333,5928,agi_validation_failed:intent|agi_validation_failed:chosen_strategy|agi_validation_failed:execution_sequence|agi_validation_failed:crisis_beta_reduction_pct|agi_validation_failed:worst_case_residual_pnl_usd|agi_validation_failed:self_check,,0,0.333,7601,agi_validation_failed:intent|agi_validation_failed:chosen_strategy|agi_validation_failed:execution_sequence|agi_validation_failed:crisis_beta_reduction_pct|agi_validation_failed:worst_case_residual_pnl_usd|agi_validation_failed:self_check,
AGI-070,11,0,,meta-llama/llama-3.3-70b-instruct;meta-llama/llama-4-maverick;meta-llama/llama-4-scout;meta-llama/llama-3.1-8b-instruct,0.182,3340,0,0.182,3166,agi_validation_failed:intent|agi_validation_failed:chosen_strategy|agi_validation_failed:exit_allocation_units.CEX_USDC|agi_validation_failed:exit_allocation_units.Curve_3pool|agi_validation_failed:exit_allocation_units.OTC_Tether|agi_validation_failed:expected_recovered_usd|agi_validation_failed:fast_cash_usd|agi_validation_failed:largest_visible_exit_units|agi_validation_failed:self_check,,0,0.091,2505,agi_validation_failed:intent|agi_validation_failed:chosen_strategy|agi_validation_failed:exit_allocation_units.CEX_USDC|agi_validation_failed:exit_allocation_units.Curve_3pool|agi_validation_failed:exit_allocation_units.OTC_Tether|agi_validation_failed:exit_allocation_units.Aave_repay|agi_validation_failed:exit_allocation_units.DEX_thin|agi_validation_failed:fast_cash_usd|agi_validation_failed:largest_visible_exit_units|agi_validation_failed:self_check,,0,0.273,5002,agi_validation_failed:intent|agi_validation_failed:chosen_strategy|agi_validation_failed:exit_allocation_units.Curve_3pool|agi_validation_failed:exit_allocation_units.OTC_Tether|agi_validation_failed:exit_allocation_units.DEX_thin|agi_validation_failed:expected_recovered_usd|agi_validation_failed:fast_cash_usd|agi_validation_failed:self_check,,0,0.182,2687,agi_validation_failed:intent|agi_validation_failed:chosen_strategy|agi_validation_failed:exit_allocation_units.CEX_USDC|agi_validation_failed:exit_allocation_units.Curve_3pool|agi_validation_failed:exit_allocation_units.OTC_Tether|agi_validation_failed:exit_allocation_units.Aave_repay|agi_validation_failed:expected_recovered_usd|agi_validation_failed:fast_cash_usd|agi_validation_failed:self_check,
AGI-071,11,0,,meta-llama/llama-3.3-70b-instruct;meta-llama/llama-4-maverick;meta-llama/llama-4-scout;meta-llama/llama-3.1-8b-instruct,0.295,2584,0,0.273,3225,agi_validation_failed:intent|agi_validation_failed:chosen_strategy|agi_validation_failed:exit_allocation_units.Binance_convert|agi_validation_failed:exit_allocation_units.Curve_stables|agi_validation_failed:expected_recovered_usd|agi_validation_failed:fast_cash_usd|agi_validation_failed:largest_visible_exit_units|agi_validation_failed:self_check,,0,0.273,2043,agi_validation_failed:intent|agi_validation_failed:chosen_strategy|agi_validation_failed:exit_allocation_units.Binance_convert|agi_validation_failed:exit_allocation_units.Curve_stables|agi_validation_failed:exit_allocation_units.Aave_loop_close|agi_validation_failed:fast_cash_usd|agi_validation_failed:largest_visible_exit_units|agi_validation_failed:self_check,,0,0.364,3400,agi_validation_failed:intent|agi_validation_failed:chosen_strategy|agi_validation_failed:exit_allocation_units.Curve_stables|agi_validation_failed:exit_allocation_units.DEX_BSC|agi_validation_failed:expected_recovered_usd|agi_validation_failed:fast_cash_usd|agi_validation_failed:self_check,,0,0.273,1666,agi_validation_failed:intent|agi_validation_failed:chosen_strategy|agi_validation_failed:exit_allocation_units.Binance_convert|agi_validation_failed:exit_allocation_units.Curve_stables|agi_validation_failed:expected_recovered_usd|agi_validation_failed:fast_cash_usd|agi_validation_failed:largest_visible_exit_units|agi_validation_failed:self_check,
AGI-072,11,0,,meta-llama/llama-3.3-70b-instruct;meta-llama/llama-4-maverick;meta-llama/llama-4-scout;meta-llama/llama-3.1-8b-instruct,0.250,3356,0,0.182,2905,agi_validation_failed:intent|agi_validation_failed:chosen_strategy|agi_validation_failed:exit_allocation_units.Ethena_redeem|agi_validation_failed:exit_allocation_units.CEX_USDC|agi_validation_failed:exit_allocation_units.Curve_USDe|agi_validation_failed:expected_recovered_usd|agi_validation_failed:fast_cash_usd|agi_validation_failed:largest_visible_exit_units|agi_validation_failed:self_check,,0,0.273,4027,agi_validation_failed:intent|agi_validation_failed:chosen_strategy|agi_validation_failed:exit_allocation_units.CEX_USDC|agi_validation_failed:exit_allocation_units.Curve_USDe|agi_validation_failed:exit_allocation_units.DEX_thin|agi_validation_failed:fast_cash_usd|agi_validation_failed:largest_visible_exit_units|agi_validation_failed:self_check,,0,0.273,3909,agi_validation_failed:intent|agi_validation_failed:chosen_strategy|agi_validation_failed:exit_allocation_units.CEX_USDC|agi_validation_failed:exit_allocation_units.Curve_USDe|agi_validation_failed:expected_recovered_usd|agi_validation_failed:fast_cash_usd|agi_validation_failed:largest_visible_exit_units|agi_validation_failed:self_check,,0,0.273,2581,agi_validation_failed:intent|agi_validation_failed:chosen_strategy|agi_validation_failed:exit_allocation_units.CEX_USDC|agi_validation_failed:exit_allocation_units.Curve_USDe|agi_validation_failed:expected_recovered_usd|agi_validation_failed:fast_cash_usd|agi_validation_failed:largest_visible_exit_units|agi_validation_failed:self_check,
AGI-073,11,0,,meta-llama/llama-3.3-70b-instruct;meta-llama/llama-4-maverick;meta-llama/llama-4-scout;meta-llama/llama-3.1-8b-instruct,0.227,6231,0,0.182,9628,agi_validation_failed:intent|agi_validation_failed:chosen_strategy|agi_validation_failed:exit_allocation_units.CEX_convert|agi_validation_failed:exit_allocation_units.Curve_legacy|agi_validation_failed:exit_allocation_units.DEX_thin|agi_validation_failed:expected_recovered_usd|agi_validation_failed:fast_cash_usd|agi_validation_failed:largest_visible_exit_units|agi_validation_failed:self_check,,0,0.182,2356,agi_validation_failed:intent|agi_validation_failed:chosen_strategy|agi_validation_failed:exit_allocation_units.CEX_convert|agi_validation_failed:exit_allocation_units.Curve_legacy|agi_validation_failed:exit_allocation_units.DEX_thin|agi_validation_failed:expected_recovered_usd|agi_validation_failed:fast_cash_usd|agi_validation_failed:largest_visible_exit_units|agi_validation_failed:self_check,,0,0.273,10366,agi_validation_failed:intent|agi_validation_failed:chosen_strategy|agi_validation_failed:exit_allocation_units.OTC_issuer|missing_field|missing_field|missing_field|agi_validation_failed:fast_cash_usd|agi_validation_failed:self_check,,0,0.273,2574,agi_validation_failed:intent|agi_validation_failed:chosen_strategy|agi_validation_failed:exit_allocation_units.CEX_convert|agi_validation_failed:exit_allocation_units.Curve_legacy|agi_validation_failed:expected_recovered_usd|agi_validation_failed:fast_cash_usd|agi_validation_failed:largest_visible_exit_units|agi_validation_failed:self_check,
AGI-074,11,0,,meta-llama/llama-3.3-70b-instruct;meta-llama/llama-4-maverick;meta-llama/llama-4-scout;meta-llama/llama-3.1-8b-instruct,0.313,3158,0,0.250,3063,agi_validation_failed:intent|agi_validation_failed:chosen_strategy|agi_validation_failed:route_allocation_usd.Stargate|agi_validation_failed:route_allocation_usd.CEX_internal|agi_validation_failed:expected_arrival_usd|agi_validation_failed:expected_cost_usd|agi_validation_failed:max_route_share_pct|agi_validation_failed:arrival_minutes|agi_validation_failed:self_check,,0,0.417,2102,agi_validation_failed:intent|agi_validation_failed:chosen_strategy|agi_validation_failed:route_allocation_usd.Stargate|agi_validation_failed:route_allocation_usd.CEX_internal|agi_validation_failed:expected_arrival_usd|agi_validation_failed:expected_cost_usd|agi_validation_failed:self_check,,0,0.333,4335,agi_validation_failed:intent|agi_validation_failed:chosen_strategy|agi_validation_failed:route_allocation_usd.Stargate|agi_validation_failed:route_allocation_usd.Hop|agi_validation_failed:expected_cost_usd|agi_validation_failed:max_route_share_pct|agi_validation_failed:arrival_minutes|agi_validation_failed:self_check,,0,0.250,3133,agi_validation_failed:intent|agi_validation_failed:chosen_strategy|agi_validation_failed:route_allocation_usd.Circle_CCTP|agi_validation_failed:route_allocation_usd.Across|agi_validation_failed:route_allocation_usd.Stargate|agi_validation_failed:route_allocation_usd.CEX_internal|agi_validation_failed:expected_cost_usd|agi_validation_failed:max_route_share_pct|agi_validation_failed:self_check,
AGI-075,11,0,,meta-llama/llama-3.3-70b-instruct;meta-llama/llama-4-maverick;meta-llama/llama-4-scout;meta-llama/llama-3.1-8b-instruct,0.292,3898,0,0.250,2753,agi_validation_failed:intent|agi_validation_failed:chosen_strategy|agi_validation_failed:route_allocation_usd.Stargate|agi_validation_failed:route_allocation_usd.CEX_internal|agi_validation_failed:expected_arrival_usd|agi_validation_failed:expected_cost_usd|agi_validation_failed:max_route_share_pct|agi_validation_failed:arrival_minutes|agi_validation_failed:self_check,,0,0.333,4645,agi_validation_failed:intent|agi_validation_failed:chosen_strategy|agi_validation_failed:route_allocation_usd.Stargate|agi_validation_failed:route_allocation_usd.Synapse|agi_validation_failed:route_allocation_usd.CEX_internal|agi_validation_failed:expected_cost_usd|agi_validation_failed:arrival_minutes|agi_validation_failed:self_check,,0,0.333,4207,agi_validation_failed:intent|agi_validation_failed:chosen_strategy|agi_validation_failed:route_allocation_usd.Stargate|agi_validation_failed:route_allocation_usd.CEX_internal|agi_validation_failed:expected_cost_usd|agi_validation_failed:max_route_share_pct|agi_validation_failed:arrival_minutes|agi_validation_failed:self_check,,0,0.250,3987,agi_validation_failed:intent|agi_validation_failed:chosen_strategy|agi_validation_failed:route_allocation_usd.Circle_CCTP|agi_validation_failed:route_allocation_usd.Across|agi_validation_failed:route_allocation_usd.Stargate|agi_validation_failed:route_allocation_usd.CEX_internal|agi_validation_failed:expected_cost_usd|agi_validation_failed:max_route_share_pct|agi_validation_failed:self_check,
AGI-076,11,0,,meta-llama/llama-3.3-70b-instruct;meta-llama/llama-4-maverick;meta-llama/llama-4-scout;meta-llama/llama-3.1-8b-instruct,0.229,2910,0,0.250,5755,agi_validation_failed:intent|agi_validation_failed:chosen_strategy|agi_validation_failed:route_allocation_usd.Stargate|agi_validation_failed:route_allocation_usd.CEX_internal|agi_validation_failed:expected_arrival_usd|agi_validation_failed:expected_cost_usd|agi_validation_failed:max_route_share_pct|agi_validation_failed:arrival_minutes|agi_validation_failed:self_check,,0,0.250,1732,agi_validation_failed:intent|agi_validation_failed:chosen_strategy|agi_validation_failed:route_allocation_usd.Stargate|agi_validation_failed:route_allocation_usd.Hop|agi_validation_failed:route_allocation_usd.CEX_internal|agi_validation_failed:expected_arrival_usd|agi_validation_failed:expected_cost_usd|agi_validation_failed:max_route_share_pct|agi_validation_failed:self_check,,0,0.167,1792,agi_validation_failed:intent|agi_validation_failed:chosen_strategy|missing_field|missing_field|missing_field|missing_field|missing_field|missing_field|agi_validation_failed:max_route_share_pct|agi_validation_failed:self_check,,0,0.250,2361,agi_validation_failed:intent|agi_validation_failed:chosen_strategy|agi_validation_failed:route_allocation_usd.Circle_CCTP|agi_validation_failed:route_allocation_usd.Across|agi_validation_failed:route_allocation_usd.Stargate|agi_validation_failed:route_allocation_usd.CEX_internal|agi_validation_failed:expected_cost_usd|agi_validation_failed:max_route_share_pct|agi_validation_failed:self_check,
AGI-077,11,0,,meta-llama/llama-3.3-70b-instruct;meta-llama/llama-4-maverick;meta-llama/llama-4-scout;meta-llama/llama-3.1-8b-instruct,0.354,4492,0,0.250,6982,agi_validation_failed:intent|agi_validation_failed:chosen_strategy|agi_validation_failed:route_allocation_usd.Stargate|agi_validation_failed:route_allocation_usd.CEX_internal|agi_validation_failed:expected_arrival_usd|agi_validation_failed:expected_cost_usd|agi_validation_failed:max_route_share_pct|agi_validation_failed:arrival_minutes|agi_validation_failed:self_check,,0,0.417,1786,agi_validation_failed:intent|agi_validation_failed:chosen_strategy|agi_validation_failed:route_allocation_usd.Stargate|agi_validation_failed:route_allocation_usd.CEX_internal|agi_validation_failed:expected_arrival_usd|agi_validation_failed:expected_cost_usd|agi_validation_failed:self_check,,0,0.417,4859,agi_validation_failed:intent|agi_validation_failed:chosen_strategy|agi_validation_failed:route_allocation_usd.Stargate|agi_validation_failed:route_allocation_usd.Legacy_PoS|agi_validation_failed:expected_cost_usd|agi_validation_failed:max_route_share_pct|agi_validation_failed:self_check,,0,0.333,4340,agi_validation_failed:intent|agi_validation_failed:chosen_strategy|agi_validation_failed:route_allocation_usd.Stargate|agi_validation_failed:route_allocation_usd.Legacy_PoS|agi_validation_failed:expected_cost_usd|agi_validation_failed:max_route_share_pct|agi_validation_failed:arrival_minutes|agi_validation_failed:self_check,
AGI-078,11,0,,meta-llama/llama-3.3-70b-instruct;meta-llama/llama-4-maverick;meta-llama/llama-4-scout;meta-llama/llama-3.1-8b-instruct,0.036,2758,0,0.000,2230,agi_validation_failed:intent|agi_validation_failed:chosen_strategy|agi_validation_failed:selected_hedges|agi_validation_failed:premium_usd|agi_validation_failed:worst_case_pnl_usd|agi_validation_failed:expected_pnl_usd|agi_validation_failed:self_check,,0,0.000,2062,agi_validation_failed:intent|agi_validation_failed:chosen_strategy|agi_validation_failed:selected_hedges|agi_validation_failed:premium_usd|agi_validation_failed:worst_case_pnl_usd|agi_validation_failed:expected_pnl_usd|agi_validation_failed:self_check,,0,0.000,4263,agi_validation_failed:intent|agi_validation_failed:chosen_strategy|agi_validation_failed:selected_hedges|agi_validation_failed:premium_usd|agi_validation_failed:worst_case_pnl_usd|agi_validation_failed:expected_pnl_usd|agi_validation_failed:self_check,,0,0.143,2476,agi_validation_failed:intent|agi_validation_failed:chosen_strategy|agi_validation_failed:premium_usd|agi_validation_failed:worst_case_pnl_usd|agi_validation_failed:expected_pnl_usd|agi_validation_failed:self_check,
AGI-079,11,0,,meta-llama/llama-3.3-70b-instruct;meta-llama/llama-4-maverick;meta-llama/llama-4-scout;meta-llama/llama-3.1-8b-instruct,0.179,3010,0,0.286,6230,agi_validation_failed:intent|agi_validation_failed:chosen_strategy|agi_validation_failed:worst_case_pnl_usd|agi_validation_failed:expected_pnl_usd|agi_validation_failed:self_check,,0,0.286,1746,agi_validation_failed:intent|agi_validation_failed:chosen_strategy|agi_validation_failed:worst_case_pnl_usd|agi_validation_failed:expected_pnl_usd|agi_validation_failed:self_check,,0,0.000,3374,agi_validation_failed:intent|agi_validation_failed:chosen_strategy|agi_validation_failed:selected_hedges|agi_validation_failed:premium_usd|agi_validation_failed:worst_case_pnl_usd|agi_validation_failed:expected_pnl_usd|agi_validation_failed:self_check,,0,0.143,689,agi_validation_failed:intent|agi_validation_failed:chosen_strategy|agi_validation_failed:premium_usd|agi_validation_failed:worst_case_pnl_usd|agi_validation_failed:expected_pnl_usd|agi_validation_failed:self_check,
AGI-080,11,0,,meta-llama/llama-3.3-70b-instruct;meta-llama/llama-4-maverick;meta-llama/llama-4-scout;meta-llama/llama-3.1-8b-instruct,0.000,3281,0,0.000,4498,agi_validation_failed:intent|agi_validation_failed:chosen_strategy|agi_validation_failed:selected_hedges|agi_validation_failed:premium_usd|agi_validation_failed:worst_case_pnl_usd|agi_validation_failed:expected_pnl_usd|agi_validation_failed:self_check,,0,0.000,1522,agi_validation_failed:intent|agi_validation_failed:chosen_strategy|agi_validation_failed:selected_hedges|agi_validation_failed:premium_usd|agi_validation_failed:worst_case_pnl_usd|agi_validation_failed:expected_pnl_usd|agi_validation_failed:self_check,,0,0.000,4687,agi_validation_failed:intent|agi_validation_failed:chosen_strategy|agi_validation_failed:selected_hedges|agi_validation_failed:premium_usd|agi_validation_failed:worst_case_pnl_usd|agi_validation_failed:expected_pnl_usd|agi_validation_failed:self_check,,0,0.000,2416,agi_validation_failed:intent|agi_validation_failed:chosen_strategy|agi_validation_failed:selected_hedges|agi_validation_failed:premium_usd|agi_validation_failed:worst_case_pnl_usd|agi_validation_failed:expected_pnl_usd|agi_validation_failed:self_check,
AGI-081,11,0,,meta-llama/llama-3.3-70b-instruct;meta-llama/llama-4-maverick;meta-llama/llama-4-scout;meta-llama/llama-3.1-8b-instruct,0.000,2656,0,0.000,1895,agi_validation_failed:intent|agi_validation_failed:chosen_strategy|agi_validation_failed:selected_hedges|agi_validation_failed:premium_usd|agi_validation_failed:worst_case_pnl_usd|agi_validation_failed:expected_pnl_usd|agi_validation_failed:self_check,,0,0.000,1556,agi_validation_failed:intent|agi_validation_failed:chosen_strategy|agi_validation_failed:selected_hedges|agi_validation_failed:premium_usd|agi_validation_failed:worst_case_pnl_usd|agi_validation_failed:expected_pnl_usd|agi_validation_failed:self_check,,0,0.000,4673,agi_validation_failed:intent|agi_validation_failed:chosen_strategy|agi_validation_failed:selected_hedges|agi_validation_failed:premium_usd|agi_validation_failed:worst_case_pnl_usd|agi_validation_failed:expected_pnl_usd|agi_validation_failed:self_check,,0,0.000,2498,agi_validation_failed:intent|agi_validation_failed:chosen_strategy|agi_validation_failed:selected_hedges|agi_validation_failed:premium_usd|agi_validation_failed:worst_case_pnl_usd|agi_validation_failed:expected_pnl_usd|agi_validation_failed:self_check,
AGI-082,11,0,,meta-llama/llama-3.3-70b-instruct;meta-llama/llama-4-maverick;meta-llama/llama-4-scout;meta-llama/llama-3.1-8b-instruct,0.313,5793,0,0.333,12430,agi_validation_failed:intent|agi_validation_failed:chosen_strategy|agi_validation_failed:venue_allocation_usd.Binance|agi_validation_failed:venue_allocation_usd.Bybit|agi_validation_failed:venue_allocation_usd.Coinbase|agi_validation_failed:expected_asset_received|agi_validation_failed:effective_price|agi_validation_failed:self_check,,0,0.500,3645,agi_validation_failed:intent|agi_validation_failed:chosen_strategy|agi_validation_failed:venue_allocation_usd.Binance|agi_validation_failed:venue_allocation_usd.Coinbase|agi_validation_failed:largest_visible_clip_usd|agi_validation_failed:self_check,,0,0.250,4964,agi_validation_failed:intent|agi_validation_failed:chosen_strategy|agi_validation_failed:venue_allocation_usd.Binance|agi_validation_failed:venue_allocation_usd.Bybit|agi_validation_failed:venue_allocation_usd.Coinbase|agi_validation_failed:largest_visible_clip_usd|agi_validation_failed:expected_asset_received|agi_validation_failed:effective_price|agi_validation_failed:self_check,,0,0.167,2133,agi_validation_failed:intent|agi_validation_failed:chosen_strategy|missing_field|missing_field|missing_field|missing_field|agi_validation_failed:largest_visible_clip_usd|agi_validation_failed:expected_asset_received|agi_validation_failed:effective_price|agi_validation_failed:self_check,
AGI-083,11,0,,meta-llama/llama-3.3-70b-instruct;meta-llama/llama-4-maverick;meta-llama/llama-4-scout;meta-llama/llama-3.1-8b-instruct,0.250,5293,0,0.250,7410,agi_validation_failed:intent|agi_validation_failed:chosen_strategy|agi_validation_failed:venue_allocation_usd.Binance|agi_validation_failed:venue_allocation_usd.OKX|agi_validation_failed:venue_allocation_usd.Coinbase|agi_validation_failed:largest_visible_clip_usd|agi_validation_failed:expected_asset_received|agi_validation_failed:effective_price|agi_validation_failed:self_check,,0,0.500,4534,agi_validation_failed:intent|agi_validation_failed:chosen_strategy|agi_validation_failed:venue_allocation_usd.Binance|agi_validation_failed:venue_allocation_usd.Coinbase|agi_validation_failed:largest_visible_clip_usd|agi_validation_failed:self_check,,0,0.250,5688,agi_validation_failed:intent|agi_validation_failed:chosen_strategy|agi_validation_failed:venue_allocation_usd.Binance|agi_validation_failed:venue_allocation_usd.OKX|agi_validation_failed:venue_allocation_usd.Coinbase|agi_validation_failed:largest_visible_clip_usd|agi_validation_failed:expected_asset_received|agi_validation_failed:effective_price|agi_validation_failed:self_check,,0,0.000,3540,agi_validation_failed:intent|agi_validation_failed:chosen_strategy|agi_validation_failed:venue_allocation_usd.Jupiter_Solana|agi_validation_failed:venue_allocation_usd.Binance|agi_validation_failed:venue_allocation_usd.OKX|agi_validation_failed:venue_allocation_usd.Wintermute_RFQ|agi_validation_failed:venue_allocation_usd.Orca|agi_validation_failed:venue_allocation_usd.Coinbase|agi_validation_failed:largest_visible_clip_usd|agi_validation_failed:expected_asset_received|agi_validation_failed:effective_price|agi_validation_failed:self_check,
AGI-084,11,0,,meta-llama/llama-3.3-70b-instruct;meta-llama/llama-4-maverick;meta-llama/llama-4-scout;meta-llama/llama-3.1-8b-instruct,0.312,7625,0,0.667,21663,agi_validation_failed:intent|agi_validation_failed:chosen_strategy|agi_validation_failed:venue_allocation_usd.Binance|agi_validation_failed:self_check,,0,0.167,1991,agi_validation_failed:intent|agi_validation_failed:chosen_strategy|agi_validation_failed:venue_allocation_usd.Binance|agi_validation_failed:venue_allocation_usd.OTC_Block|agi_validation_failed:venue_allocation_usd.Kraken|agi_validation_failed:venue_allocation_usd.Bybit|agi_validation_failed:venue_allocation_usd.CoW_RFQ|agi_validation_failed:venue_allocation_usd.Uniswap_Base|agi_validation_failed:largest_visible_clip_usd|agi_validation_failed:self_check,,0,0.333,5321,agi_validation_failed:intent|agi_validation_failed:chosen_strategy|agi_validation_failed:venue_allocation_usd.Binance|agi_validation_failed:venue_allocation_usd.Kraken|agi_validation_failed:venue_allocation_usd.Bybit|agi_validation_failed:expected_asset_received|agi_validation_failed:effective_price|agi_validation_failed:self_check,,0,0.083,1523,agi_validation_failed:intent|agi_validation_failed:chosen_strategy|agi_validation_failed:venue_allocation_usd.Binance|agi_validation_failed:venue_allocation_usd.OTC_Block|agi_validation_failed:venue_allocation_usd.Kraken|agi_validation_failed:venue_allocation_usd.Bybit|agi_validation_failed:venue_allocation_usd.CoW_RFQ|agi_validation_failed:venue_allocation_usd.Uniswap_Base|agi_validation_failed:largest_visible_clip_usd|agi_validation_failed:effective_price|agi_validation_failed:self_check,
AGI-085,11,0,,meta-llama/llama-3.3-70b-instruct;meta-llama/llama-4-maverick;meta-llama/llama-4-scout;meta-llama/llama-3.1-8b-instruct,0.208,6111,0,0.000,9613,agi_validation_failed:intent|agi_validation_failed:chosen_strategy|agi_validation_failed:venue_allocation_usd.Binance|agi_validation_failed:venue_allocation_usd.Ethena_RFQ|agi_validation_failed:venue_allocation_usd.OKX|agi_validation_failed:venue_allocation_usd.Bybit|agi_validation_failed:venue_allocation_usd.Curve_USDe|agi_validation_failed:venue_allocation_usd.Coinbase|agi_validation_failed:largest_visible_clip_usd|agi_validation_failed:expected_asset_received|agi_validation_failed:effective_price|agi_validation_failed:self_check,,0,0.417,2172,agi_validation_failed:intent|agi_validation_failed:chosen_strategy|agi_validation_failed:venue_allocation_usd.Bybit|agi_validation_failed:venue_allocation_usd.Coinbase|agi_validation_failed:expected_asset_received|agi_validation_failed:effective_price|agi_validation_failed:self_check,,0,0.250,8496,agi_validation_failed:intent|agi_validation_failed:chosen_strategy|agi_validation_failed:venue_allocation_usd.Binance|agi_validation_failed:venue_allocation_usd.OKX|agi_validation_failed:venue_allocation_usd.Bybit|agi_validation_failed:venue_allocation_usd.Coinbase|agi_validation_failed:expected_asset_received|agi_validation_failed:effective_price|agi_validation_failed:self_check,,0,0.167,4162,agi_validation_failed:intent|agi_validation_failed:chosen_strategy|agi_validation_failed:venue_allocation_usd.Binance|agi_validation_failed:venue_allocation_usd.OKX|agi_validation_failed:venue_allocation_usd.Bybit|agi_validation_failed:venue_allocation_usd.Curve_USDe|agi_validation_failed:venue_allocation_usd.Coinbase|agi_validation_failed:largest_visible_clip_usd|agi_validation_failed:expected_asset_received|agi_validation_failed:self_check,
AGI-086,11,0,,meta-llama/llama-3.3-70b-instruct;meta-llama/llama-4-maverick;meta-llama/llama-4-scout;meta-llama/llama-3.1-8b-instruct,0.432,5378,0,0.545,3428,agi_validation_failed:intent|agi_validation_failed:chosen_strategy|agi_validation_failed:execution_sequence|agi_validation_failed:venue_fills.RFQ_A|agi_validation_failed:self_check,,0,0.636,4473,agi_validation_failed:intent|agi_validation_failed:chosen_strategy|agi_validation_failed:execution_sequence|agi_validation_failed:self_check,,0,0.455,6222,agi_validation_failed:intent|agi_validation_failed:chosen_strategy|agi_validation_failed:execution_sequence|agi_validation_failed:venue_fills.RFQ_A|agi_validation_failed:expected_slippage_pct|agi_validation_failed:self_check,,0,0.091,7388,agi_validation_failed:intent|agi_validation_failed:chosen_strategy|agi_validation_failed:execution_sequence|agi_validation_failed:venue_fills.Dark_RFQ|agi_validation_failed:venue_fills.Internalizer|agi_validation_failed:venue_fills.RFQ_A|agi_validation_failed:venue_fills.hidden_public|agi_validation_failed:expected_avg_price|agi_validation_failed:expected_slippage_pct|agi_validation_failed:self_check,
AGI-087,11,0,,meta-llama/llama-3.3-70b-instruct;meta-llama/llama-4-maverick;meta-llama/llama-4-scout;meta-llama/llama-3.1-8b-instruct,0.455,4762,0,0.636,1975,agi_validation_failed:intent|agi_validation_failed:chosen_strategy|agi_validation_failed:venue_fills.RFQ_A|agi_validation_failed:self_check,,0,0.636,2582,agi_validation_failed:intent|agi_validation_failed:chosen_strategy|agi_validation_failed:execution_sequence|agi_validation_failed:self_check,,0,0.364,7540,agi_validation_failed:intent|agi_validation_failed:chosen_strategy|agi_validation_failed:venue_fills.CEX_Y|agi_validation_failed:venue_fills.Dark_RFQ|agi_validation_failed:venue_fills.RFQ_A|agi_validation_failed:venue_fills.hidden_public|agi_validation_failed:self_check,,0,0.182,6951,agi_validation_failed:intent|agi_validation_failed:chosen_strategy|agi_validation_failed:execution_sequence|agi_validation_failed:venue_fills.CEX_Y|agi_validation_failed:venue_fills.Dark_RFQ|agi_validation_failed:venue_fills.RFQ_A|agi_validation_failed:venue_fills.hidden_public|agi_validation_failed:expected_slippage_pct|agi_validation_failed:self_check,
AGI-088,11,2,meta-llama/llama-4-maverick;meta-llama/llama-4-scout,meta-llama/llama-3.3-70b-instruct;meta-llama/llama-3.1-8b-instruct,0.591,3863,0,0.636,5537,agi_validation_failed:intent|agi_validation_failed:chosen_strategy|agi_validation_failed:expected_slippage_pct|agi_validation_failed:self_check,,1,0.727,1961,agi_validation_failed:intent|agi_validation_failed:chosen_strategy|agi_validation_failed:self_check,,1,0.727,3616,agi_validation_failed:intent|agi_validation_failed:chosen_strategy|agi_validation_failed:self_check,,0,0.273,4339,agi_validation_failed:intent|agi_validation_failed:chosen_strategy|agi_validation_failed:venue_fills.Internalizer|agi_validation_failed:venue_fills.Dark_RFQ|agi_validation_failed:venue_fills.CEX_Y|agi_validation_failed:venue_fills.hidden_public|agi_validation_failed:expected_slippage_pct|agi_validation_failed:self_check,
AGI-089,11,0,,meta-llama/llama-3.3-70b-instruct;meta-llama/llama-4-maverick;meta-llama/llama-4-scout;meta-llama/llama-3.1-8b-instruct,0.143,3041,0,0.000,1735,agi_validation_failed:intent|agi_validation_failed:chosen_strategy|agi_validation_failed:hedge_units|agi_validation_failed:net_exposure_units|agi_validation_failed:worst_case_margin_drawdown_pct|agi_validation_failed:funding_window_pnl_usd|agi_validation_failed:self_check,,0,0.286,1831,agi_validation_failed:intent|agi_validation_failed:chosen_strategy|agi_validation_failed:worst_case_margin_drawdown_pct|agi_validation_failed:funding_window_pnl_usd|agi_validation_failed:self_check,,0,0.000,4251,agi_validation_failed:intent|agi_validation_failed:chosen_strategy|agi_validation_failed:hedge_units|agi_validation_failed:net_exposure_units|agi_validation_failed:worst_case_margin_drawdown_pct|agi_validation_failed:funding_window_pnl_usd|agi_validation_failed:self_check,,0,0.286,4345,agi_validation_failed:intent|agi_validation_failed:chosen_strategy|agi_validation_failed:worst_case_margin_drawdown_pct|agi_validation_failed:funding_window_pnl_usd|agi_validation_failed:self_check,
AGI-090,11,0,,meta-llama/llama-3.3-70b-instruct;meta-llama/llama-4-maverick;meta-llama/llama-4-scout;meta-llama/llama-3.1-8b-instruct,0.286,3314,0,0.286,4187,agi_validation_failed:intent|agi_validation_failed:chosen_strategy|agi_validation_failed:worst_case_margin_drawdown_pct|agi_validation_failed:funding_window_pnl_usd|agi_validation_failed:self_check,,0,0.286,2319,agi_validation_failed:intent|agi_validation_failed:chosen_strategy|agi_validation_failed:worst_case_margin_drawdown_pct|agi_validation_failed:funding_window_pnl_usd|agi_validation_failed:self_check,,0,0.286,3175,agi_validation_failed:intent|agi_validation_failed:chosen_strategy|agi_validation_failed:worst_case_margin_drawdown_pct|agi_validation_failed:funding_window_pnl_usd|agi_validation_failed:self_check,,0,0.286,3573,agi_validation_failed:intent|agi_validation_failed:chosen_strategy|agi_validation_failed:worst_case_margin_drawdown_pct|agi_validation_failed:funding_window_pnl_usd|agi_validation_failed:self_check,
AGI-091,11,0,,meta-llama/llama-3.3-70b-instruct;meta-llama/llama-4-maverick;meta-llama/llama-4-scout;meta-llama/llama-3.1-8b-instruct,0.286,4180,0,0.286,7699,agi_validation_failed:intent|agi_validation_failed:chosen_strategy|agi_validation_failed:worst_case_margin_drawdown_pct|agi_validation_failed:funding_window_pnl_usd|agi_validation_failed:self_check,,0,0.286,1721,agi_validation_failed:intent|agi_validation_failed:chosen_strategy|agi_validation_failed:worst_case_margin_drawdown_pct|agi_validation_failed:funding_window_pnl_usd|agi_validation_failed:self_check,,0,0.286,4915,agi_validation_failed:intent|agi_validation_failed:chosen_strategy|agi_validation_failed:worst_case_margin_drawdown_pct|agi_validation_failed:funding_window_pnl_usd|agi_validation_failed:self_check,,0,0.286,2383,agi_validation_failed:intent|agi_validation_failed:chosen_strategy|agi_validation_failed:worst_case_margin_drawdown_pct|agi_validation_failed:funding_window_pnl_usd|agi_validation_failed:self_check,
AGI-092,11,0,,meta-llama/llama-3.3-70b-instruct;meta-llama/llama-4-maverick;meta-llama/llama-4-scout;meta-llama/llama-3.1-8b-instruct,0.500,4605,0,0.222,6604,agi_validation_failed:intent|agi_validation_failed:chosen_strategy|agi_validation_failed:expected_90d_profit_usd|missing_field|missing_field|missing_field|missing_field,,0,0.667,1587,agi_validation_failed:intent|agi_validation_failed:chosen_strategy|agi_validation_failed:expected_net_apy_pct,,0,0.667,6316,agi_validation_failed:intent|agi_validation_failed:chosen_strategy|agi_validation_failed:expected_90d_profit_usd,,0,0.444,3912,agi_validation_failed:intent|agi_validation_failed:chosen_strategy|agi_validation_failed:expected_90d_profit_usd|agi_validation_failed:allocation_usd.Curve_3pool|agi_validation_failed:allocation_usd.GMX_GLP,
AGI-093,11,0,,meta-llama/llama-3.3-70b-instruct;meta-llama/llama-4-maverick;meta-llama/llama-4-scout;meta-llama/llama-3.1-8b-instruct,0.333,6362,0,0.000,13577,agi_validation_failed:intent|agi_validation_failed:chosen_strategy|missing_field|missing_field|missing_field|missing_field|missing_field|missing_field|missing_field,,0,0.667,2189,agi_validation_failed:intent|agi_validation_failed:chosen_strategy|agi_validation_failed:liquidity_48h_usd,,0,0.556,5569,agi_validation_failed:intent|agi_validation_failed:chosen_strategy|agi_validation_failed:expected_90d_profit_usd|agi_validation_failed:liquidity_48h_usd,,0,0.111,4112,agi_validation_failed:intent|agi_validation_failed:chosen_strategy|agi_validation_failed:expected_net_apy_pct|agi_validation_failed:expected_90d_profit_usd|agi_validation_failed:allocation_usd.Aave_USDC|agi_validation_failed:allocation_usd.Symbiotic_AVS|agi_validation_failed:allocation_usd.EigenLayer_AVS|agi_validation_failed:allocation_usd.Pendle_PT,
AGI-094,11,0,,meta-llama/llama-3.3-70b-instruct;meta-llama/llama-4-maverick;meta-llama/llama-4-scout;meta-llama/llama-3.1-8b-instruct,0.275,3795,0,0.300,3281,agi_validation_failed:intent|agi_validation_failed:chosen_strategy|agi_validation_failed:allocation_usd.Ethena_USDe|agi_validation_failed:expected_net_apy_pct|agi_validation_failed:expected_90d_profit_usd|agi_validation_failed:liquidity_48h_usd|agi_validation_failed:self_check,,0,0.300,2931,agi_validation_failed:intent|agi_validation_failed:chosen_strategy|agi_validation_failed:allocation_usd.GMX_GLP|agi_validation_failed:allocation_usd.Ethena_USDe|agi_validation_failed:expected_net_apy_pct|agi_validation_failed:expected_90d_profit_usd|agi_validation_failed:self_check,,0,0.400,5318,agi_validation_failed:intent|agi_validation_failed:chosen_strategy|agi_validation_failed:allocation_usd.Ethena_USDe|agi_validation_failed:expected_net_apy_pct|agi_validation_failed:expected_90d_profit_usd|agi_validation_failed:self_check,,0,0.100,3650,agi_validation_failed:intent|agi_validation_failed:chosen_strategy|agi_validation_failed:allocation_usd.Aave_USDC|agi_validation_failed:allocation_usd.GMX_GLP|agi_validation_failed:allocation_usd.Ethena_USDe|agi_validation_failed:expected_net_apy_pct|agi_validation_failed:expected_90d_profit_usd|agi_validation_failed:liquidity_48h_usd|agi_validation_failed:self_check,
AGI-095,11,0,,meta-llama/llama-3.3-70b-instruct;meta-llama/llama-4-maverick;meta-llama/llama-4-scout;meta-llama/llama-3.1-8b-instruct,0.250,6477,0,0.125,10908,agi_validation_failed:intent|agi_validation_failed:chosen_strategy|missing_field|missing_field|agi_validation_failed:observable_largest_clip_usd|agi_validation_failed:expected_loss_usd|agi_validation_failed:self_check,,0,0.375,1644,agi_validation_failed:intent|agi_validation_failed:chosen_strategy|agi_validation_failed:observable_largest_clip_usd|agi_validation_failed:expected_loss_usd|agi_validation_failed:self_check,,0,0.375,8926,agi_validation_failed:intent|agi_validation_failed:chosen_strategy|agi_validation_failed:observable_largest_clip_usd|agi_validation_failed:expected_loss_usd|agi_validation_failed:self_check,,0,0.125,4429,agi_validation_failed:intent|agi_validation_failed:chosen_strategy|agi_validation_failed:route_allocation_usd.Alpha|agi_validation_failed:route_allocation_usd.Delta|agi_validation_failed:observable_largest_clip_usd|agi_validation_failed:expected_loss_usd|agi_validation_failed:self_check,
AGI-096,11,0,,meta-llama/llama-3.3-70b-instruct;meta-llama/llama-4-maverick;meta-llama/llama-4-scout;meta-llama/llama-3.1-8b-instruct,0.250,4133,0,0.125,3748,agi_validation_failed:intent|agi_validation_failed:chosen_strategy|missing_field|missing_field|agi_validation_failed:observable_largest_clip_usd|agi_validation_failed:expected_loss_usd|agi_validation_failed:self_check,,0,0.375,3319,agi_validation_failed:intent|agi_validation_failed:chosen_strategy|agi_validation_failed:expected_loss_usd|agi_validation_failed:expected_arrival_minutes|agi_validation_failed:self_check,,0,0.375,6722,agi_validation_failed:intent|agi_validation_failed:chosen_strategy|agi_validation_failed:expected_loss_usd|agi_validation_failed:expected_arrival_minutes|agi_validation_failed:self_check,,0,0.125,2744,agi_validation_failed:intent|agi_validation_failed:chosen_strategy|agi_validation_failed:route_allocation_usd.Gamma|agi_validation_failed:route_allocation_usd.Sigma|agi_validation_failed:observable_largest_clip_usd|agi_validation_failed:expected_loss_usd|agi_validation_failed:self_check,
AGI-097,11,0,,meta-llama/llama-3.3-70b-instruct;meta-llama/llama-4-maverick;meta-llama/llama-4-scout;meta-llama/llama-3.1-8b-instruct,0.219,4337,0,0.125,4934,agi_validation_failed:intent|agi_validation_failed:chosen_strategy|missing_field|missing_field|agi_validation_failed:expected_loss_usd|agi_validation_failed:expected_arrival_minutes|agi_validation_failed:self_check,,0,0.375,1658,agi_validation_failed:intent|agi_validation_failed:chosen_strategy|agi_validation_failed:expected_loss_usd|agi_validation_failed:expected_arrival_minutes|agi_validation_failed:self_check,,0,0.250,5608,agi_validation_failed:intent|agi_validation_failed:chosen_strategy|agi_validation_failed:observable_largest_clip_usd|agi_validation_failed:expected_loss_usd|agi_validation_failed:expected_arrival_minutes|agi_validation_failed:self_check,,0,0.125,5147,agi_validation_failed:intent|agi_validation_failed:chosen_strategy|agi_validation_failed:route_allocation_usd.Alpha|agi_validation_failed:route_allocation_usd.Sigma|agi_validation_failed:observable_largest_clip_usd|agi_validation_failed:expected_loss_usd|agi_validation_failed:self_check,
AGI-098,11,0,,meta-llama/llama-3.3-70b-instruct;meta-llama/llama-4-maverick;meta-llama/llama-4-scout;meta-llama/llama-3.1-8b-instruct,0.333,3314,0,0.000,5756,agi_validation_failed:intent|missing_field|missing_field|missing_field|missing_field|missing_field,,0,0.500,1494,agi_validation_failed:intent|agi_validation_failed:chosen_strategy|agi_validation_failed:price_band,,0,0.500,3960,agi_validation_failed:intent|agi_validation_failed:chosen_strategy|agi_validation_failed:price_band,,0,0.333,2046,agi_validation_failed:intent|agi_validation_failed:chosen_strategy|agi_validation_failed:price_band|agi_validation_failed:expected_avg_price,
AGI-099,11,0,,meta-llama/llama-3.3-70b-instruct;meta-llama/llama-4-maverick;meta-llama/llama-4-scout;meta-llama/llama-3.1-8b-instruct,0.250,7631,0,0.364,9056,agi_validation_failed:intent|agi_validation_failed:chosen_strategy|agi_validation_failed:venue_fills.venue_r_randomized_ladder|agi_validation_failed:largest_lit_child_units|agi_validation_failed:expected_avg_price|agi_validation_failed:classifier_exposure_score|agi_validation_failed:self_check,,0,0.364,3240,agi_validation_failed:intent|agi_validation_failed:chosen_strategy|agi_validation_failed:execution_sequence|agi_validation_failed:venue_fills.venue_c_ioc_residual|agi_validation_failed:largest_lit_child_units|agi_validation_failed:classifier_exposure_score|agi_validation_failed:self_check,,0,0.182,10896,agi_validation_failed:intent|agi_validation_failed:chosen_strategy|agi_validation_failed:venue_fills.dark_rfq|agi_validation_failed:venue_fills.venue_m_midpoint|agi_validation_failed:venue_fills.venue_r_randomized_ladder|agi_validation_failed:venue_fills.venue_c_ioc_residual|agi_validation_failed:largest_lit_child_units|agi_validation_failed:classifier_exposure_score|agi_validation_failed:self_check,,0,0.091,7333,agi_validation_failed:intent|agi_validation_failed:chosen_strategy|agi_validation_failed:execution_sequence|agi_validation_failed:venue_fills.dark_rfq|agi_validation_failed:venue_fills.venue_m_midpoint|agi_validation_failed:venue_fills.venue_r_randomized_ladder|agi_validation_failed:venue_fills.venue_c_ioc_residual|agi_validation_failed:largest_lit_child_units|agi_validation_failed:classifier_exposure_score|agi_validation_failed:self_check,
AGI-100,11,0,,meta-llama/llama-3.3-70b-instruct;meta-llama/llama-4-maverick;meta-llama/llama-4-scout;meta-llama/llama-3.1-8b-instruct,0.357,3644,0,0.429,6487,agi_validation_failed:intent|agi_validation_failed:price_band|agi_validation_failed:expected_avg_price|agi_validation_failed:self_check,,0,0.429,4525,agi_validation_failed:intent|agi_validation_failed:price_band|agi_validation_failed:expected_avg_price|agi_validation_failed:self_check,,0,0.429,1486,agi_validation_failed:intent|agi_validation_failed:price_band|agi_validation_failed:expected_avg_price|agi_validation_failed:self_check,,0,0.143,2076,agi_validation_failed:intent|agi_validation_failed:chosen_strategy|agi_validation_failed:price_band|agi_validation_failed:child_order_units|agi_validation_failed:expected_avg_price|agi_validation_failed:self_check,
AGI-101,11,0,,meta-llama/llama-3.3-70b-instruct;meta-llama/llama-4-maverick;meta-llama/llama-4-scout;meta-llama/llama-3.1-8b-instruct,0.188,3103,0,0.000,5751,agi_validation_failed:intent|missing_field|missing_field|missing_field|missing_field|missing_field|missing_field|missing_field,,0,0.250,1241,agi_validation_failed:intent|agi_validation_failed:position|agi_validation_failed:chosen_strategy|agi_validation_failed:net_sell_pressure_delta_per_day|agi_validation_failed:expected_12d_price_change_pct|agi_validation_failed:self_check,,0,0.250,3368,agi_validation_failed:intent|agi_validation_failed:position|agi_validation_failed:chosen_strategy|agi_validation_failed:net_sell_pressure_delta_per_day|agi_validation_failed:expected_12d_price_change_pct|agi_validation_failed:self_check,,0,0.250,2052,agi_validation_failed:intent|agi_validation_failed:position|agi_validation_failed:chosen_strategy|agi_validation_failed:net_sell_pressure_delta_per_day|agi_validation_failed:expected_12d_price_change_pct|agi_validation_failed:self_check,
AGI-102,11,0,,meta-llama/llama-3.3-70b-instruct;meta-llama/llama-4-maverick;meta-llama/llama-4-scout;meta-llama/llama-3.1-8b-instruct,0.219,3896,0,0.000,8031,agi_validation_failed:intent|missing_field|missing_field|missing_field|missing_field|missing_field|missing_field|missing_field,,0,0.250,1443,agi_validation_failed:intent|agi_validation_failed:position|agi_validation_failed:chosen_strategy|agi_validation_failed:net_sell_pressure_delta_per_day|agi_validation_failed:expected_12d_price_change_pct|agi_validation_failed:self_check,,0,0.375,4780,agi_validation_failed:intent|agi_validation_failed:chosen_strategy|agi_validation_failed:net_sell_pressure_delta_per_day|agi_validation_failed:expected_12d_price_change_pct|agi_validation_failed:self_check,,0,0.250,1331,agi_validation_failed:intent|agi_validation_failed:position|agi_validation_failed:chosen_strategy|agi_validation_failed:net_sell_pressure_delta_per_day|agi_validation_failed:expected_12d_price_change_pct|agi_validation_failed:self_check,
AGI-103,11,0,,meta-llama/llama-3.3-70b-instruct;meta-llama/llama-4-maverick;meta-llama/llama-4-scout;meta-llama/llama-3.1-8b-instruct,0.000,3506,0,0.000,3037,agi_validation_failed:intent|agi_validation_failed:chosen_strategy|agi_validation_failed:proposal_vote|agi_validation_failed:hedge_action|agi_validation_failed:expected_30d_value_usd|agi_validation_failed:supply_shock_pct|agi_validation_failed:lp_depth_after_30d_usd|agi_validation_failed:self_check,,0,0.000,3354,agi_validation_failed:intent|agi_validation_failed:chosen_strategy|agi_validation_failed:proposal_vote|agi_validation_failed:hedge_action|agi_validation_failed:expected_30d_value_usd|agi_validation_failed:supply_shock_pct|agi_validation_failed:lp_depth_after_30d_usd|agi_validation_failed:self_check,,0,0.000,5548,agi_validation_failed:intent|agi_validation_failed:chosen_strategy|agi_validation_failed:proposal_vote|agi_validation_failed:hedge_action|agi_validation_failed:expected_30d_value_usd|agi_validation_failed:supply_shock_pct|agi_validation_failed:lp_depth_after_30d_usd|agi_validation_failed:self_check,,0,0.000,2086,agi_validation_failed:intent|agi_validation_failed:chosen_strategy|agi_validation_failed:proposal_vote|agi_validation_failed:hedge_action|agi_validation_failed:expected_30d_value_usd|agi_validation_failed:supply_shock_pct|agi_validation_failed:lp_depth_after_30d_usd|agi_validation_failed:self_check,
AGI-104,11,0,,meta-llama/llama-3.3-70b-instruct;meta-llama/llama-4-maverick;meta-llama/llama-4-scout;meta-llama/llama-3.1-8b-instruct,0.313,3880,0,0.250,2998,agi_validation_failed:intent|agi_validation_failed:chosen_strategy|agi_validation_failed:half_spread_bps|agi_validation_failed:expected_1h_pnl_usd|agi_validation_failed:toxic_defense|agi_validation_failed:self_check,,0,0.500,1819,agi_validation_failed:intent|agi_validation_failed:half_spread_bps|agi_validation_failed:toxic_defense|agi_validation_failed:self_check,,0,0.250,6849,agi_validation_failed:intent|agi_validation_failed:chosen_strategy|agi_validation_failed:half_spread_bps|agi_validation_failed:expected_1h_pnl_usd|agi_validation_failed:toxic_defense|agi_validation_failed:self_check,,0,0.250,3852,agi_validation_failed:intent|agi_validation_failed:half_spread_bps|agi_validation_failed:update_ms|agi_validation_failed:expected_1h_pnl_usd|agi_validation_failed:toxic_defense|agi_validation_failed:self_check,
AGI-105,11,0,,meta-llama/llama-3.3-70b-instruct;meta-llama/llama-4-maverick;meta-llama/llama-4-scout;meta-llama/llama-3.1-8b-instruct,0.000,5711,0,0.000,8713,agi_validation_failed:intent|agi_validation_failed:chosen_strategy|agi_validation_failed:bid_half_spread_bps|agi_validation_failed:ask_half_spread_bps|agi_validation_failed:update_ms|agi_validation_failed:max_quote_size_usd|agi_validation_failed:hedge_rate_usd_per_sec|agi_validation_failed:expected_20m_pnl_usd|agi_validation_failed:self_check,,0,0.000,9059,agi_validation_failed:intent|agi_validation_failed:chosen_strategy|agi_validation_failed:bid_half_spread_bps|agi_validation_failed:ask_half_spread_bps|agi_validation_failed:update_ms|agi_validation_failed:max_quote_size_usd|agi_validation_failed:hedge_rate_usd_per_sec|agi_validation_failed:expected_20m_pnl_usd|agi_validation_failed:self_check,,0,0.000,4256,agi_validation_failed:intent|agi_validation_failed:chosen_strategy|agi_validation_failed:bid_half_spread_bps|agi_validation_failed:ask_half_spread_bps|agi_validation_failed:update_ms|agi_validation_failed:max_quote_size_usd|agi_validation_failed:hedge_rate_usd_per_sec|agi_validation_failed:expected_20m_pnl_usd|agi_validation_failed:self_check,,0,0.000,814,agi_validation_failed:intent|agi_validation_failed:chosen_strategy|agi_validation_failed:bid_half_spread_bps|agi_validation_failed:ask_half_spread_bps|agi_validation_failed:update_ms|agi_validation_failed:max_quote_size_usd|agi_validation_failed:hedge_rate_usd_per_sec|agi_validation_failed:expected_20m_pnl_usd|agi_validation_failed:self_check,
AGI-106,11,0,,meta-llama/llama-3.3-70b-instruct;meta-llama/llama-4-maverick;meta-llama/llama-4-scout;meta-llama/llama-3.1-8b-instruct,0.250,4254,0,0.333,1309,agi_validation_failed:intent|agi_validation_failed:half_spread_bps|agi_validation_failed:quote_size_usd|agi_validation_failed:inventory_stop_usd|agi_validation_failed:expected_hourly_pnl_usd|agi_validation_failed:self_check,,0,0.222,2048,agi_validation_failed:intent|agi_validation_failed:chosen_strategy|agi_validation_failed:half_spread_bps|agi_validation_failed:quote_size_usd|agi_validation_failed:inventory_stop_usd|agi_validation_failed:expected_hourly_pnl_usd|agi_validation_failed:self_check,,0,0.222,11121,agi_validation_failed:intent|agi_validation_failed:chosen_strategy|agi_validation_failed:half_spread_bps|agi_validation_failed:quote_size_usd|agi_validation_failed:inventory_stop_usd|agi_validation_failed:expected_hourly_pnl_usd|agi_validation_failed:self_check,,0,0.222,2538,agi_validation_failed:intent|agi_validation_failed:chosen_strategy|agi_validation_failed:half_spread_bps|agi_validation_failed:quote_size_usd|agi_validation_failed:inventory_stop_usd|agi_validation_failed:expected_hourly_pnl_usd|agi_validation_failed:self_check,
AGI-107,11,0,,meta-llama/llama-3.3-70b-instruct;meta-llama/llama-4-maverick;meta-llama/llama-4-scout;meta-llama/llama-3.1-8b-instruct,0.143,4684,0,0.143,5223,agi_validation_failed:intent|agi_validation_failed:chosen_strategy|agi_validation_failed:hedge_legs.BTC_put_spread.notional_usd|agi_validation_failed:expected_vol_reduction_pct|agi_validation_failed:residual_1d_var_usd|agi_validation_failed:self_check,,0,0.143,4737,agi_validation_failed:intent|agi_validation_failed:chosen_strategy|agi_validation_failed:hedge_legs.BTC_put_spread.notional_usd|agi_validation_failed:expected_vol_reduction_pct|agi_validation_failed:residual_1d_var_usd|agi_validation_failed:self_check,,0,0.143,4735,agi_validation_failed:intent|agi_validation_failed:chosen_strategy|agi_validation_failed:hedge_legs.BTC_put_spread.notional_usd|agi_validation_failed:expected_vol_reduction_pct|agi_validation_failed:residual_1d_var_usd|agi_validation_failed:self_check,,0,0.143,4040,agi_validation_failed:intent|agi_validation_failed:chosen_strategy|agi_validation_failed:hedge_legs.SOL_short.notional_usd|agi_validation_failed:expected_vol_reduction_pct|agi_validation_failed:residual_1d_var_usd|agi_validation_failed:self_check,
AGI-108,11,0,,meta-llama/llama-3.3-70b-instruct;meta-llama/llama-4-maverick;meta-llama/llama-4-scout;meta-llama/llama-3.1-8b-instruct,0.333,5500,0,0.333,9246,agi_validation_failed:intent|agi_validation_failed:chosen_strategy|missing_field|agi_validation_failed:false_break_upside_capture_pct|agi_validation_failed:crisis_var_reduction_usd|agi_validation_failed:expected_vol_reduction_pct|agi_validation_failed:residual_1d_var_usd|agi_validation_failed:self_check,,0,0.417,6299,agi_validation_failed:intent|agi_validation_failed:chosen_strategy|agi_validation_failed:false_break_upside_capture_pct|agi_validation_failed:crisis_var_reduction_usd|agi_validation_failed:expected_vol_reduction_pct|agi_validation_failed:residual_1d_var_usd|agi_validation_failed:self_check,,0,0.417,980,agi_validation_failed:intent|agi_validation_failed:chosen_strategy|missing_field|agi_validation_failed:crisis_var_reduction_usd|agi_validation_failed:expected_vol_reduction_pct|agi_validation_failed:residual_1d_var_usd|agi_validation_failed:self_check,,0,0.167,5473,agi_validation_failed:intent|agi_validation_failed:chosen_strategy|agi_validation_failed:hedge_legs.ETH_put_spread.notional_usd|agi_validation_failed:hedge_legs.SOL_AI_correlation_short.notional_usd|agi_validation_failed:crowding_score|agi_validation_failed:false_break_upside_capture_pct|agi_validation_failed:crisis_var_reduction_usd|agi_validation_failed:expected_vol_reduction_pct|agi_validation_failed:residual_1d_var_usd|agi_validation_failed:self_check,
AGI-109,11,0,,meta-llama/llama-3.3-70b-instruct;meta-llama/llama-4-maverick;meta-llama/llama-4-scout;meta-llama/llama-3.1-8b-instruct,0.125,6224,0,0.100,4372,agi_validation_failed:intent|agi_validation_failed:chosen_strategy|agi_validation_failed:trigger_rule|agi_validation_failed:selected_hedges|agi_validation_failed:hedge_notional_usd.BTC_perp_short|agi_validation_failed:hedge_notional_usd.FET_RNDR_basket_short|agi_validation_failed:confirmed_regime_residual_var_usd|agi_validation_failed:false_break_upside_capture_pct|agi_validation_failed:self_check,,0,0.200,4859,agi_validation_failed:intent|agi_validation_failed:chosen_strategy|agi_validation_failed:trigger_rule|agi_validation_failed:selected_hedges|agi_validation_failed:hedge_notional_usd.BTC_perp_short|agi_validation_failed:confirmed_regime_residual_var_usd|agi_validation_failed:false_break_upside_capture_pct|agi_validation_failed:self_check,,0,0.200,10682,agi_validation_failed:intent|agi_validation_failed:chosen_strategy|agi_validation_failed:trigger_rule|agi_validation_failed:selected_hedges|agi_validation_failed:hedge_notional_usd.FET_RNDR_basket_short|agi_validation_failed:confirmed_regime_residual_var_usd|agi_validation_failed:false_break_upside_capture_pct|agi_validation_failed:self_check,,0,0.000,4984,agi_validation_failed:intent|agi_validation_failed:chosen_strategy|agi_validation_failed:trigger_rule|agi_validation_failed:selected_hedges|agi_validation_failed:hedge_notional_usd.BTC_perp_short|agi_validation_failed:hedge_notional_usd.ETH_put_spread|agi_validation_failed:hedge_notional_usd.FET_RNDR_basket_short|agi_validation_failed:confirmed_regime_residual_var_usd|agi_validation_failed:false_break_upside_capture_pct|agi_validation_failed:self_check,
AGI-110,11,0,,meta-llama/llama-3.3-70b-instruct;meta-llama/llama-4-maverick;meta-llama/llama-4-scout;meta-llama/llama-3.1-8b-instruct,0.558,3839,0,0.538,2476,agi_validation_failed:intent|agi_validation_failed:chosen_strategy|agi_validation_failed:apr_pct|agi_validation_failed:pnl_30d_usd|agi_validation_failed:cascade_buffer_pct|agi_validation_failed:self_check,,0,0.538,1904,agi_validation_failed:intent|agi_validation_failed:chosen_strategy|agi_validation_failed:apr_pct|agi_validation_failed:pnl_30d_usd|agi_validation_failed:cascade_buffer_pct|agi_validation_failed:self_check,,0,0.538,7172,agi_validation_failed:intent|agi_validation_failed:chosen_strategy|agi_validation_failed:apr_pct|agi_validation_failed:pnl_30d_usd|agi_validation_failed:cascade_buffer_pct|agi_validation_failed:self_check,,0,0.615,3804,agi_validation_failed:intent|agi_validation_failed:chosen_strategy|agi_validation_failed:pnl_30d_usd|agi_validation_failed:cascade_buffer_pct|agi_validation_failed:self_check,
AGI-111,11,0,,meta-llama/llama-3.3-70b-instruct;meta-llama/llama-4-maverick;meta-llama/llama-4-scout;meta-llama/llama-3.1-8b-instruct,0.327,6841,0,0.538,14501,agi_validation_failed:intent|agi_validation_failed:chosen_strategy|agi_validation_failed:apr_pct|agi_validation_failed:pnl_30d_usd|agi_validation_failed:cascade_buffer_pct|agi_validation_failed:self_check,,0,0.538,2238,agi_validation_failed:intent|agi_validation_failed:chosen_strategy|agi_validation_failed:apr_pct|agi_validation_failed:pnl_30d_usd|agi_validation_failed:cascade_buffer_pct|agi_validation_failed:self_check,,0,0.154,5586,agi_validation_failed:intent|agi_validation_failed:chosen_strategy|agi_validation_failed:perp_short_allocation_usd.Binance|agi_validation_failed:perp_short_allocation_usd.Bybit|agi_validation_failed:perp_short_allocation_usd.OKX|agi_validation_failed:perp_short_allocation_usd.Hyperliquid|agi_validation_failed:perp_short_allocation_usd.dYdX|agi_validation_failed:apr_pct|agi_validation_failed:pnl_30d_usd|agi_validation_failed:cascade_buffer_pct|agi_validation_failed:self_check,,0,0.077,5040,agi_validation_failed:intent|agi_validation_failed:chosen_strategy|agi_validation_failed:perp_short_allocation_usd.Binance|agi_validation_failed:perp_short_allocation_usd.Bybit|agi_validation_failed:perp_short_allocation_usd.OKX|agi_validation_failed:perp_short_allocation_usd.Hyperliquid|agi_validation_failed:perp_short_allocation_usd.dYdX|agi_validation_failed:leverage|agi_validation_failed:apr_pct|agi_validation_failed:pnl_30d_usd|agi_validation_failed:cascade_buffer_pct|agi_validation_failed:self_check,
AGI-112,11,0,,meta-llama/llama-3.3-70b-instruct;meta-llama/llama-4-maverick;meta-llama/llama-4-scout;meta-llama/llama-3.1-8b-instruct,0.050,5964,0,0.000,7272,agi_validation_failed:intent|agi_validation_failed:chosen_strategy|agi_validation_failed:pair_allocations_usd.BTC|agi_validation_failed:pair_allocations_usd.ETH|agi_validation_failed:pair_allocations_usd.SOL|agi_validation_failed:venue_sequence|agi_validation_failed:expected_36h_net_pnl_usd|agi_validation_failed:max_margin_utilization_pct|agi_validation_failed:shock_survival_buffer_usd|agi_validation_failed:self_check,,0,0.200,2527,agi_validation_failed:intent|agi_validation_failed:pair_allocations_usd.BTC|agi_validation_failed:pair_allocations_usd.ETH|agi_validation_failed:venue_sequence|agi_validation_failed:expected_36h_net_pnl_usd|agi_validation_failed:max_margin_utilization_pct|agi_validation_failed:shock_survival_buffer_usd|agi_validation_failed:self_check,,0,0.000,6775,agi_validation_failed:intent|agi_validation_failed:chosen_strategy|agi_validation_failed:pair_allocations_usd.BTC|agi_validation_failed:pair_allocations_usd.ETH|agi_validation_failed:pair_allocations_usd.SOL|agi_validation_failed:venue_sequence|agi_validation_failed:expected_36h_net_pnl_usd|agi_validation_failed:max_margin_utilization_pct|agi_validation_failed:shock_survival_buffer_usd|agi_validation_failed:self_check,,0,0.000,7280,agi_validation_failed:intent|agi_validation_failed:chosen_strategy|agi_validation_failed:pair_allocations_usd.BTC|agi_validation_failed:pair_allocations_usd.ETH|agi_validation_failed:pair_allocations_usd.SOL|agi_validation_failed:venue_sequence|agi_validation_failed:expected_36h_net_pnl_usd|agi_validation_failed:max_margin_utilization_pct|agi_validation_failed:shock_survival_buffer_usd|agi_validation_failed:self_check,
AGI-113,11,0,,meta-llama/llama-3.3-70b-instruct;meta-llama/llama-4-maverick;meta-llama/llama-4-scout;meta-llama/llama-3.1-8b-instruct,0.091,4240,0,0.091,6148,agi_validation_failed:intent|agi_validation_failed:chosen_strategy|agi_validation_failed:lots_to_harvest|agi_validation_failed:replacement_basket|agi_validation_failed:harvested_loss_usd|agi_validation_failed:immediate_tax_alpha_usd|agi_validation_failed:implementation_cost_usd|agi_validation_failed:net_tax_alpha_usd|agi_validation_failed:tracking_gap_pct|agi_validation_failed:self_check,,0,0.091,1765,agi_validation_failed:intent|agi_validation_failed:chosen_strategy|missing_field|missing_field|agi_validation_failed:harvested_loss_usd|agi_validation_failed:immediate_tax_alpha_usd|agi_validation_failed:implementation_cost_usd|agi_validation_failed:net_tax_alpha_usd|agi_validation_failed:tracking_gap_pct|missing_field,,0,0.091,1162,agi_validation_failed:intent|agi_validation_failed:chosen_strategy|agi_validation_failed:lots_to_harvest|agi_validation_failed:replacement_basket|agi_validation_failed:harvested_loss_usd|agi_validation_failed:immediate_tax_alpha_usd|agi_validation_failed:implementation_cost_usd|agi_validation_failed:net_tax_alpha_usd|agi_validation_failed:tracking_gap_pct|agi_validation_failed:self_check,,0,0.091,7884,agi_validation_failed:intent|agi_validation_failed:chosen_strategy|agi_validation_failed:lots_to_harvest|agi_validation_failed:replacement_basket|agi_validation_failed:harvested_loss_usd|agi_validation_failed:immediate_tax_alpha_usd|agi_validation_failed:implementation_cost_usd|agi_validation_failed:net_tax_alpha_usd|agi_validation_failed:tracking_gap_pct|agi_validation_failed:self_check,
AGI-114,11,0,,meta-llama/llama-3.3-70b-instruct;meta-llama/llama-4-maverick;meta-llama/llama-4-scout;meta-llama/llama-3.1-8b-instruct,0.091,4222,0,0.091,2917,agi_validation_failed:intent|agi_validation_failed:chosen_strategy|agi_validation_failed:lots_to_harvest|agi_validation_failed:replacement_basket|agi_validation_failed:harvested_loss_usd|agi_validation_failed:immediate_tax_alpha_usd|agi_validation_failed:implementation_cost_usd|agi_validation_failed:net_tax_alpha_usd|agi_validation_failed:tracking_gap_pct|agi_validation_failed:self_check,,0,0.091,2739,agi_validation_failed:intent|agi_validation_failed:chosen_strategy|agi_validation_failed:lots_to_harvest|agi_validation_failed:replacement_basket|agi_validation_failed:harvested_loss_usd|agi_validation_failed:immediate_tax_alpha_usd|agi_validation_failed:implementation_cost_usd|agi_validation_failed:net_tax_alpha_usd|agi_validation_failed:tracking_gap_pct|agi_validation_failed:self_check,,0,0.091,5932,agi_validation_failed:intent|agi_validation_failed:chosen_strategy|agi_validation_failed:lots_to_harvest|agi_validation_failed:replacement_basket|agi_validation_failed:harvested_loss_usd|agi_validation_failed:immediate_tax_alpha_usd|agi_validation_failed:implementation_cost_usd|agi_validation_failed:net_tax_alpha_usd|agi_validation_failed:tracking_gap_pct|agi_validation_failed:self_check,,0,0.091,5300,agi_validation_failed:intent|agi_validation_failed:chosen_strategy|agi_validation_failed:lots_to_harvest|agi_validation_failed:replacement_basket|agi_validation_failed:harvested_loss_usd|agi_validation_failed:immediate_tax_alpha_usd|agi_validation_failed:implementation_cost_usd|agi_validation_failed:net_tax_alpha_usd|agi_validation_failed:tracking_gap_pct|agi_validation_failed:self_check,
AGI-115,11,0,,meta-llama/llama-3.3-70b-instruct;meta-llama/llama-4-maverick;meta-llama/llama-4-scout;meta-llama/llama-3.1-8b-instruct,0.091,4146,0,0.091,4303,agi_validation_failed:intent|agi_validation_failed:chosen_strategy|agi_validation_failed:lots_to_harvest|agi_validation_failed:replacement_basket|agi_validation_failed:harvested_loss_usd|agi_validation_failed:immediate_tax_alpha_usd|agi_validation_failed:implementation_cost_usd|agi_validation_failed:net_tax_alpha_usd|agi_validation_failed:tracking_gap_pct|agi_validation_failed:self_check,,0,0.091,1577,agi_validation_failed:intent|agi_validation_failed:chosen_strategy|agi_validation_failed:lots_to_harvest|agi_validation_failed:replacement_basket|agi_validation_failed:harvested_loss_usd|agi_validation_failed:immediate_tax_alpha_usd|agi_validation_failed:implementation_cost_usd|agi_validation_failed:net_tax_alpha_usd|agi_validation_failed:tracking_gap_pct|agi_validation_failed:self_check,,0,0.091,4859,agi_validation_failed:intent|agi_validation_failed:chosen_strategy|agi_validation_failed:lots_to_harvest|agi_validation_failed:replacement_basket|agi_validation_failed:harvested_loss_usd|agi_validation_failed:immediate_tax_alpha_usd|agi_validation_failed:implementation_cost_usd|agi_validation_failed:net_tax_alpha_usd|agi_validation_failed:tracking_gap_pct|agi_validation_failed:self_check,,0,0.091,5844,agi_validation_failed:intent|agi_validation_failed:chosen_strategy|agi_validation_failed:lots_to_harvest|agi_validation_failed:replacement_basket|agi_validation_failed:harvested_loss_usd|agi_validation_failed:immediate_tax_alpha_usd|agi_validation_failed:implementation_cost_usd|agi_validation_failed:net_tax_alpha_usd|agi_validation_failed:tracking_gap_pct|agi_validation_failed:self_check,
L1-001,1,4,meta-llama/llama-3.3-70b-instruct;meta-llama/llama-4-maverick;meta-llama/llama-4-scout;meta-llama/llama-3.1-8b-instruct,,0.869,1524,1,0.869,2451,,,1,0.869,1758,,,1,0.869,444,,,1,0.869,1441,,
L1-002,1,4,meta-llama/llama-3.3-70b-instruct;meta-llama/llama-4-maverick;meta-llama/llama-4-scout;meta-llama/llama-3.1-8b-instruct,,0.930,2785,1,1.000,4463,,,1,0.904,3044,,,1,0.817,1877,,,1,1.000,1756,,
L1-003,1,3,meta-llama/llama-3.3-70b-instruct;meta-llama/llama-4-maverick;meta-llama/llama-3.1-8b-instruct,meta-llama/llama-4-scout,0.785,2950,1,0.850,1520,,,1,0.950,4545,,,0,0.637,3561,,,1,0.704,2173,,
L2-001,2,2,meta-llama/llama-4-maverick;meta-llama/llama-4-scout,meta-llama/llama-3.3-70b-instruct;meta-llama/llama-3.1-8b-instruct,0.770,2500,0,0.690,4350,,,1,0.850,1660,,,1,0.850,3079,,,0,0.690,912,,
L2-002,2,4,meta-llama/llama-3.3-70b-instruct;meta-llama/llama-4-maverick;meta-llama/llama-4-scout;meta-llama/llama-3.1-8b-instruct,,0.852,2269,1,0.926,1846,,,1,0.776,2276,,,1,0.926,4263,,,1,0.780,692,mismatch_fieldname,
L2-003,2,2,meta-llama/llama-3.3-70b-instruct;meta-llama/llama-4-maverick,meta-llama/llama-4-scout;meta-llama/llama-3.1-8b-instruct,0.764,2143,1,0.826,2513,,,1,0.920,2312,,,0,0.681,864,,,0,0.630,2881,,
L2-004,2,0,,meta-llama/llama-3.3-70b-instruct;meta-llama/llama-4-maverick;meta-llama/llama-4-scout;meta-llama/llama-3.1-8b-instruct,0.621,2992,0,0.672,2241,,,0,0.605,2269,,,0,0.605,4676,,,0,0.605,2783,,
L3-001,3,1,meta-llama/llama-4-scout,meta-llama/llama-3.3-70b-instruct;meta-llama/llama-4-maverick;meta-llama/llama-3.1-8b-instruct,0.558,4775,0,0.663,10770,,,0,0.443,2776,,,1,0.765,2317,,,0,0.364,3237,,
L3-002,3,0,,meta-llama/llama-3.3-70b-instruct;meta-llama/llama-4-maverick;meta-llama/llama-4-scout;meta-llama/llama-3.1-8b-instruct,0.553,2423,0,0.524,2922,,,0,0.529,2886,,,0,0.625,1020,,,0,0.533,2863,,
L3-003,3,3,meta-llama/llama-3.3-70b-instruct;meta-llama/llama-4-maverick;meta-llama/llama-4-scout,meta-llama/llama-3.1-8b-instruct,0.772,4776,1,0.749,6994,,,1,0.814,2830,,,1,0.966,6066,,,0,0.559,3214,,
L4-001,4,0,,meta-llama/llama-3.3-70b-instruct;meta-llama/llama-4-maverick;meta-llama/llama-4-scout;meta-llama/llama-3.1-8b-instruct,0.328,4886,0,0.632,7942,,,0,0.000,4390,rebalance_missing_assets,,0,0.680,4249,missing_field,,0,0.000,2962,rebalance_missing_percentages,
L4-002,4,2,meta-llama/llama-3.3-70b-instruct;meta-llama/llama-4-maverick,meta-llama/llama-4-scout;meta-llama/llama-3.1-8b-instruct,0.408,4244,1,0.804,2647,,,1,0.830,1402,,,0,0.000,8983,correlation_invalid_order_type,,0,0.000,3945,correlation_missing_assets,
L4-003,4,0,,meta-llama/llama-3.3-70b-instruct;meta-llama/llama-4-maverick;meta-llama/llama-4-scout;meta-llama/llama-3.1-8b-instruct,0.408,5510,0,0.432,9084,,,0,0.399,6711,,,0,0.279,2382,,,0,0.521,3861,,
L4-004,4,1,meta-llama/llama-4-maverick,meta-llama/llama-3.3-70b-instruct;meta-llama/llama-4-scout;meta-llama/llama-3.1-8b-instruct,0.230,3591,0,0.000,5449,stress_test_invalid_size,,1,0.920,2384,,,0,0.000,2988,stress_test_invalid_size,,0,0.000,3541,stress_test_invalid_order_type,
L4-005,4,0,,meta-llama/llama-3.3-70b-instruct;meta-llama/llama-4-maverick;meta-llama/llama-4-scout;meta-llama/llama-3.1-8b-instruct,0.491,2245,0,0.637,2239,,,0,0.442,1347,,,0,0.408,2483,,,0,0.478,2912,,
L5-001,5,0,,meta-llama/llama-3.3-70b-instruct;meta-llama/llama-4-maverick;meta-llama/llama-4-scout;meta-llama/llama-3.1-8b-instruct,0.515,4517,0,0.579,7261,,,0,0.417,7155,,,0,0.566,624,,,0,0.497,3028,,
L5-002,5,0,,meta-llama/llama-3.3-70b-instruct;meta-llama/llama-4-maverick;meta-llama/llama-4-scout;meta-llama/llama-3.1-8b-instruct,0.000,4183,0,0.000,8115,leverage_invalid_intent,,0,0.000,2018,leverage_invalid_intent,,0,0.000,3528,leverage_invalid_order_type,,0,0.000,3071,leverage_invalid_order_type,
L5-003,5,0,,meta-llama/llama-3.3-70b-instruct;meta-llama/llama-4-maverick;meta-llama/llama-4-scout;meta-llama/llama-3.1-8b-instruct,0.620,2585,0,0.677,2567,,,0,0.598,4042,,,0,0.533,1248,,,0,0.673,2481,,
L5-004,5,4,meta-llama/llama-3.3-70b-instruct;meta-llama/llama-4-maverick;meta-llama/llama-4-scout;meta-llama/llama-3.1-8b-instruct,,0.864,4477,1,0.853,9414,,,1,0.873,1589,,,1,0.871,4530,,,1,0.858,2373,,
L5-005,5,4,meta-llama/llama-3.3-70b-instruct;meta-llama/llama-4-maverick;meta-llama/llama-4-scout;meta-llama/llama-3.1-8b-instruct,,0.892,6429,1,0.947,16642,,,1,0.934,2040,,,1,0.867,4266,,,1,0.822,2767,,
L6-001,6,0,,meta-llama/llama-3.3-70b-instruct;meta-llama/llama-4-maverick;meta-llama/llama-4-scout;meta-llama/llama-3.1-8b-instruct,0.000,4874,0,0.000,8958,options_missing_call_type,,0,0.000,1767,options_missing_call_type,,0,0.000,5234,options_missing_call_type,,0,0.000,3536,options_missing_call_type,
L6-002,6,4,meta-llama/llama-3.3-70b-instruct;meta-llama/llama-4-maverick;meta-llama/llama-4-scout;meta-llama/llama-3.1-8b-instruct,,0.831,4890,1,0.895,10834,,,1,0.895,1696,,,1,0.760,3321,,,1,0.775,3709,,
L6-003,6,2,meta-llama/llama-4-maverick;meta-llama/llama-3.1-8b-instruct,meta-llama/llama-3.3-70b-instruct;meta-llama/llama-4-scout,0.631,4261,0,0.688,9656,,,1,0.775,2902,,,0,0.300,2290,mismatch_fieldname|mismatch_fieldname,,1,0.760,2197,,
L6-004,6,2,meta-llama/llama-4-maverick;meta-llama/llama-4-scout,meta-llama/llama-3.3-70b-instruct;meta-llama/llama-3.1-8b-instruct,0.743,2561,0,0.609,3668,mismatch_fieldname,,1,0.867,1951,,,1,0.863,3027,,,0,0.633,1597,,
L6-005,6,3,meta-llama/llama-3.3-70b-instruct;meta-llama/llama-4-scout;meta-llama/llama-3.1-8b-instruct,meta-llama/llama-4-maverick,0.606,2047,1,0.770,1672,,,0,0.000,1330,mismatch_fieldname|twap_missing_duration_autofail,,1,0.870,3463,,,1,0.784,1724,,
L7-001,7,0,,meta-llama/llama-3.3-70b-instruct;meta-llama/llama-4-maverick;meta-llama/llama-4-scout;meta-llama/llama-3.1-8b-instruct,0.000,3480,0,0.000,3335,l7_001_asset_must_be_multi_or_generic,,0,0.000,2050,l7_001_asset_must_be_multi_or_generic,,0,0.000,3736,l7_001_asset_must_be_multi_or_generic,,0,0.000,4798,l7_001_asset_must_be_multi_or_generic,
L7-002,7,2,meta-llama/llama-3.3-70b-instruct;meta-llama/llama-4-maverick,meta-llama/llama-4-scout;meta-llama/llama-3.1-8b-instruct,0.555,2518,1,0.830,2916,,,1,0.830,2191,,,0,0.276,620,,,0,0.284,4344,,
L7-003,7,0,,meta-llama/llama-3.3-70b-instruct;meta-llama/llama-4-maverick;meta-llama/llama-4-scout;meta-llama/llama-3.1-8b-instruct,0.000,3483,0,0.000,5888,lp_net_return_inconsistent_il_loss|lp_net_return_il_pct_mismatch,,0,0.000,1316,lp_net_return_inconsistent_net_gain|lp_net_return_inconsistent_il_loss|lp_net_return_il_pct_mismatch,,0,0.000,3453,lp_net_return_inconsistent_il_loss|lp_net_return_il_pct_mismatch,,0,0.000,3274,size_mismatch,
L7-004,7,1,meta-llama/llama-4-maverick,meta-llama/llama-3.3-70b-instruct;meta-llama/llama-4-scout;meta-llama/llama-3.1-8b-instruct,0.229,4621,0,0.000,6183,portfolio_efficiency_inconsistent_blended_apy|portfolio_efficiency_inconsistent_weighted_risk|portfolio_efficiency_inconsistent_excess_return|portfolio_efficiency_inconsistent_risk_ratio|portfolio_efficiency_inconsistent_total_yield,,1,0.917,2429,,,0,0.000,3762,portfolio_efficiency_inconsistent_weighted_risk|portfolio_efficiency_inconsistent_risk_ratio,,0,0.000,6110,portfolio_efficiency_inconsistent_blended_apy|portfolio_efficiency_inconsistent_weighted_risk|portfolio_efficiency_inconsistent_excess_return|portfolio_efficiency_inconsistent_risk_ratio|portfolio_efficiency_inconsistent_total_yield,
L7-005,7,3,meta-llama/llama-3.3-70b-instruct;meta-llama/llama-4-maverick;meta-llama/llama-4-scout,meta-llama/llama-3.1-8b-instruct,0.885,9590,1,0.984,14500,,,1,0.984,3390,,,1,0.981,7259,,,0,0.593,13212,,
L8-001,8,0,,meta-llama/llama-3.3-70b-instruct;meta-llama/llama-4-maverick;meta-llama/llama-4-scout;meta-llama/llama-3.1-8b-instruct,0.000,2882,0,0.000,5325,multi_protocol_expected_value_out_of_bounds|multi_protocol_expected_value_out_of_range|multi_protocol_liquidity_constraint,,0,0.000,1427,multi_protocol_expected_value_out_of_bounds|multi_protocol_expected_value_out_of_range,,0,0.000,1130,multi_protocol_expected_value_out_of_bounds|multi_protocol_expected_value_out_of_range|multi_protocol_liquidity_constraint,,0,0.000,3646,multi_protocol_expected_value_out_of_bounds|multi_protocol_expected_value_out_of_range,
L8-002,8,0,,meta-llama/llama-3.3-70b-instruct;meta-llama/llama-4-maverick;meta-llama/llama-4-scout;meta-llama/llama-3.1-8b-instruct,0.633,3397,0,0.667,7793,,,0,0.667,1973,,,0,0.600,525,,,0,0.600,3295,,
L8-003,8,4,meta-llama/llama-3.3-70b-instruct;meta-llama/llama-4-maverick;meta-llama/llama-4-scout;meta-llama/llama-3.1-8b-instruct,,0.807,10202,1,0.807,15648,,,1,0.807,3520,,,1,0.807,12675,missing_field|missing_field,,1,0.807,8965,,
L8-004,8,1,meta-llama/llama-3.3-70b-instruct,meta-llama/llama-4-maverick;meta-llama/llama-4-scout;meta-llama/llama-3.1-8b-instruct,0.607,5236,1,1.000,9776,,,0,0.651,2274,,,0,0.651,6787,,,0,0.126,2108,mismatch_fieldname|mismatch_fieldname|mismatch_fieldname|mismatch_fieldname|mismatch_fieldname|mismatch_fieldname|mismatch_fieldname|mismatch_fieldname|mismatch_fieldname,
L8-005,8,4,meta-llama/llama-3.3-70b-instruct;meta-llama/llama-4-maverick;meta-llama/llama-4-scout;meta-llama/llama-3.1-8b-instruct,,1.000,4305,1,1.000,7489,,,1,1.000,2155,,,1,1.000,4072,,,1,1.000,3502,,
L8-006,8,2,meta-llama/llama-4-scout;meta-llama/llama-3.1-8b-instruct,meta-llama/llama-3.3-70b-instruct;meta-llama/llama-4-maverick,0.612,3472,0,0.279,5008,mismatch_fieldname|mismatch_fieldname|mismatch_fieldname|mismatch_fieldname|mismatch_fieldname|mismatch_fieldname,,0,0.231,1664,mismatch_fieldname|mismatch_fieldname|mismatch_fieldname|mismatch_fieldname|mismatch_fieldname|mismatch_fieldname,,1,1.000,4079,,,1,0.940,3137,,
L8-007,8,1,meta-llama/llama-3.1-8b-instruct,meta-llama/llama-3.3-70b-instruct;meta-llama/llama-4-maverick;meta-llama/llama-4-scout,0.415,3474,0,0.339,5687,,,0,0.280,1709,,,0,0.320,4387,,,1,0.720,2113,,
L8-008,8,1,meta-llama/llama-4-scout,meta-llama/llama-3.3-70b-instruct;meta-llama/llama-4-maverick;meta-llama/llama-3.1-8b-instruct,0.178,3753,0,0.000,2427,mismatch_fieldname|mismatch_fieldname|mismatch_fieldname|mismatch_fieldname|mismatch_fieldname|l8_008_missing_execution_plan,,0,0.000,2963,mismatch_fieldname|mismatch_fieldname|mismatch_fieldname|mismatch_fieldname|mismatch_fieldname|l8_008_missing_execution_plan,,1,0.713,6553,l8_008_total_notional_mismatch,,0,0.000,3069,mismatch_fieldname|mismatch_fieldname|mismatch_fieldname|mismatch_fieldname|mismatch_fieldname|l8_008_missing_execution_plan,
L8-009,8,3,meta-llama/llama-4-maverick;meta-llama/llama-4-scout;meta-llama/llama-3.1-8b-instruct,meta-llama/llama-3.3-70b-instruct,0.864,4637,0,0.457,4641,,,1,1.000,4781,,,1,1.000,4960,,,1,1.000,4165,,
L8-010,8,3,meta-llama/llama-3.3-70b-instruct;meta-llama/llama-4-maverick;meta-llama/llama-4-scout,meta-llama/llama-3.1-8b-instruct,0.746,3857,1,0.826,7492,,,1,0.732,1792,,,1,0.771,3421,,,0,0.655,2722,,
L9-001,9,0,,meta-llama/llama-3.3-70b-instruct;meta-llama/llama-4-maverick;meta-llama/llama-4-scout;meta-llama/llama-3.1-8b-instruct,0.000,1710,0,0.000,2235,l9_expected_value_mismatch,,0,0.000,2103,l9_expected_value_mismatch,,0,0.000,1404,l9_expected_value_mismatch,,0,0.000,1099,l9_expected_value_mismatch,
L9-002,9,0,,meta-llama/llama-3.3-70b-instruct;meta-llama/llama-4-maverick;meta-llama/llama-4-scout;meta-llama/llama-3.1-8b-instruct,0.000,1900,0,0.000,3831,l9_expected_value_mismatch,,0,0.000,2321,l9_expected_value_mismatch,,0,0.000,558,l9_expected_value_mismatch,,0,0.000,890,l9_expected_value_mismatch,
L9-003,9,0,,meta-llama/llama-3.3-70b-instruct;meta-llama/llama-4-maverick;meta-llama/llama-4-scout;meta-llama/llama-3.1-8b-instruct,0.000,2308,0,0.000,2709,l9_expected_value_mismatch,,0,0.000,1890,l9_expected_value_mismatch,,0,0.000,3621,l9_expected_value_mismatch,,0,0.000,1012,l9_expected_value_mismatch,
L9-004,9,0,,meta-llama/llama-3.3-70b-instruct;meta-llama/llama-4-maverick;meta-llama/llama-4-scout;meta-llama/llama-3.1-8b-instruct,0.000,1884,0,0.000,1439,l9_expected_value_mismatch,,0,0.000,1146,l9_expected_value_mismatch,,0,0.000,2321,l9_expected_value_mismatch,,0,0.000,2631,l9_expected_value_mismatch,
L9-005,9,0,,meta-llama/llama-3.3-70b-instruct;meta-llama/llama-4-maverick;meta-llama/llama-4-scout;meta-llama/llama-3.1-8b-instruct,0.000,2192,0,0.000,1682,l9_expected_value_mismatch,,0,0.000,2193,mismatch_fieldname,,0,0.000,3767,l9_expected_value_mismatch,,0,0.000,1126,l9_expected_value_mismatch,
L9-006,9,0,,meta-llama/llama-3.3-70b-instruct;meta-llama/llama-4-maverick;meta-llama/llama-4-scout;meta-llama/llama-3.1-8b-instruct,0.000,1967,0,0.000,2717,l9_expected_value_mismatch,,0,0.000,2274,l9_expected_value_mismatch,,0,0.000,921,l9_expected_value_mismatch,,0,0.000,1957,l9_expected_value_mismatch,
L9-007,9,0,,meta-llama/llama-3.3-70b-instruct;meta-llama/llama-4-maverick;meta-llama/llama-4-scout;meta-llama/llama-3.1-8b-instruct,0.000,1857,0,0.000,1962,l9_expected_value_mismatch,,0,0.000,2711,l9_expected_value_mismatch,,0,0.000,1626,l9_expected_value_mismatch,,0,0.000,1127,l9_expected_value_mismatch,
L9-008,9,0,,meta-llama/llama-3.3-70b-instruct;meta-llama/llama-4-maverick;meta-llama/llama-4-scout;meta-llama/llama-3.1-8b-instruct,0.000,1169,0,0.000,1728,l9_expected_value_mismatch,,0,0.000,1431,mismatch_fieldname,,0,0.000,638,l9_expected_value_mismatch,,0,0.000,877,l9_expected_value_mismatch,
L9-009,9,1,meta-llama/llama-3.3-70b-instruct,meta-llama/llama-4-maverick;meta-llama/llama-4-scout;meta-llama/llama-3.1-8b-instruct,0.250,2424,1,1.000,2719,,,0,0.000,3017,l9_expected_value_mismatch,,0,0.000,2071,l9_expected_value_mismatch,,0,0.000,1890,l9_expected_value_mismatch,
L9-010,9,0,,meta-llama/llama-3.3-70b-instruct;meta-llama/llama-4-maverick;meta-llama/llama-4-scout;meta-llama/llama-3.1-8b-instruct,0.000,1627,0,0.000,1472,l9_expected_value_mismatch,,0,0.000,2074,l9_expected_value_mismatch,,0,0.000,1850,l9_expected_value_mismatch,,0,0.000,1111,l9_expected_value_mismatch,
L9-011,9,4,meta-llama/llama-3.3-70b-instruct;meta-llama/llama-4-maverick;meta-llama/llama-4-scout;meta-llama/llama-3.1-8b-instruct,,1.000,2034,1,1.000,4554,,,1,1.000,1492,,,1,1.000,808,,,1,1.000,1281,,
L9-012,9,4,meta-llama/llama-3.3-70b-instruct;meta-llama/llama-4-maverick;meta-llama/llama-4-scout;meta-llama/llama-3.1-8b-instruct,,1.000,1900,1,1.000,1663,,,1,1.000,3459,,,1,1.000,1420,,,1,1.000,1057,,
L9-013,9,0,,meta-llama/llama-3.3-70b-instruct;meta-llama/llama-4-maverick;meta-llama/llama-4-scout;meta-llama/llama-3.1-8b-instruct,0.000,2017,0,0.000,1920,l9_expected_value_mismatch,,0,0.000,3802,l9_expected_value_mismatch,,0,0.000,1599,l9_expected_value_mismatch,,0,0.000,747,l9_expected_value_mismatch,
L9-014,9,0,,meta-llama/llama-3.3-70b-instruct;meta-llama/llama-4-maverick;meta-llama/llama-4-scout;meta-llama/llama-3.1-8b-instruct,0.000,3226,0,0.000,3731,l9_expected_value_mismatch,,0,0.000,1548,mismatch_fieldname,,0,0.000,2546,l9_expected_value_mismatch,,0,0.000,5080,l9_expected_value_mismatch,
L9-015,9,0,,meta-llama/llama-3.3-70b-instruct;meta-llama/llama-4-maverick;meta-llama/llama-4-scout;meta-llama/llama-3.1-8b-instruct,0.000,1760,0,0.000,1771,l9_expected_value_mismatch,,0,0.000,3507,l9_expected_value_mismatch,,0,0.000,853,l9_expected_value_mismatch,,0,0.000,910,l9_expected_value_mismatch,
L9-016,9,1,meta-llama/llama-3.3-70b-instruct,meta-llama/llama-4-maverick;meta-llama/llama-4-scout;meta-llama/llama-3.1-8b-instruct,0.250,2535,1,1.000,1821,,,0,0.000,739,l9_expected_value_mismatch,,0,0.000,4481,l9_expected_value_mismatch,,0,0.000,3098,l9_expected_value_mismatch,
L9-017,9,0,,meta-llama/llama-3.3-70b-instruct;meta-llama/llama-4-maverick;meta-llama/llama-4-scout;meta-llama/llama-3.1-8b-instruct,0.000,2134,0,0.000,3022,l9_expected_value_mismatch,,0,0.000,2399,l9_expected_value_mismatch,,0,0.000,2014,l9_expected_value_mismatch,,0,0.000,1101,l9_expected_value_mismatch,
L9-018,9,0,,meta-llama/llama-3.3-70b-instruct;meta-llama/llama-4-maverick;meta-llama/llama-4-scout;meta-llama/llama-3.1-8b-instruct,0.000,13236,0,0.000,1143,l9_expected_value_mismatch,,0,0.000,1284,l9_expected_value_mismatch,,0,0.000,1200,l9_expected_value_mismatch,,0,0.000,49315,l9_expected_value_mismatch,
L9-019,9,0,,meta-llama/llama-3.3-70b-instruct;meta-llama/llama-4-maverick;meta-llama/llama-4-scout;meta-llama/llama-3.1-8b-instruct,0.000,2800,0,0.000,4722,l9_expected_value_mismatch,,0,0.000,1923,l9_expected_value_mismatch,,0,0.000,3346,l9_expected_value_mismatch,,0,0.000,1208,l9_expected_value_mismatch,
L9-020,9,4,meta-llama/llama-3.3-70b-instruct;meta-llama/llama-4-maverick;meta-llama/llama-4-scout;meta-llama/llama-3.1-8b-instruct,,1.000,1403,1,1.000,2870,,,1,1.000,1200,,,1,1.000,720,,,1,1.000,822,,
L9-021,9,0,,meta-llama/llama-3.3-70b-instruct;meta-llama/llama-4-maverick;meta-llama/llama-4-scout;meta-llama/llama-3.1-8b-instruct,0.000,1941,0,0.000,2681,l9_expected_value_mismatch,,0,0.000,2094,l9_expected_value_mismatch,,0,0.000,1492,l9_expected_value_mismatch,,0,0.000,1496,l9_expected_value_mismatch,
L9-022,9,0,,meta-llama/llama-3.3-70b-instruct;meta-llama/llama-4-maverick;meta-llama/llama-4-scout;meta-llama/llama-3.1-8b-instruct,0.000,4200,0,0.000,1880,l9_expected_value_mismatch,,0,0.000,2711,mismatch_fieldname,,0,0.000,8917,l9_expected_value_mismatch,,0,0.000,3292,l9_expected_value_mismatch,
L9-023,9,0,,meta-llama/llama-3.3-70b-instruct;meta-llama/llama-4-maverick;meta-llama/llama-4-scout;meta-llama/llama-3.1-8b-instruct,0.000,1030,0,0.000,993,l9_expected_value_mismatch,,0,0.000,1256,l9_expected_value_mismatch,,0,0.000,615,l9_expected_value_mismatch,,0,0.000,1254,l9_expected_value_mismatch,
L9-024,9,1,meta-llama/llama-4-maverick,meta-llama/llama-3.3-70b-instruct;meta-llama/llama-4-scout;meta-llama/llama-3.1-8b-instruct,0.250,1467,0,0.000,2091,l9_expected_value_mismatch,,1,1.000,2015,,,0,0.000,468,l9_expected_value_mismatch,,0,0.000,1293,l9_expected_value_mismatch,
L9-025,9,0,,meta-llama/llama-3.3-70b-instruct;meta-llama/llama-4-maverick;meta-llama/llama-4-scout;meta-llama/llama-3.1-8b-instruct,0.000,1191,0,0.000,1377,l9_expected_value_mismatch,,0,0.000,1501,l9_expected_value_mismatch,,0,0.000,781,l9_expected_value_mismatch,,0,0.000,1105,l9_expected_value_mismatch,
L9-026,9,0,,meta-llama/llama-3.3-70b-instruct;meta-llama/llama-4-maverick;meta-llama/llama-4-scout;meta-llama/llama-3.1-8b-instruct,0.000,2502,0,0.000,1783,l9_expected_value_mismatch,,0,0.000,3900,l9_expected_value_mismatch,,0,0.000,1811,l9_expected_value_mismatch,,0,0.000,2515,l9_expected_value_mismatch,
L9-027,9,0,,meta-llama/llama-3.3-70b-instruct;meta-llama/llama-4-maverick;meta-llama/llama-4-scout;meta-llama/llama-3.1-8b-instruct,0.000,11674,0,0.000,4372,mismatch_fieldname,,0,0.000,1791,l9_expected_value_mismatch,,0,0.000,613,l9_expected_value_mismatch,,0,0.000,39919,l9_expected_value_mismatch,
L9-028,9,3,meta-llama/llama-3.3-70b-instruct;meta-llama/llama-4-maverick;meta-llama/llama-4-scout,meta-llama/llama-3.1-8b-instruct,0.750,1438,1,1.000,2248,,,1,1.000,1349,,,1,1.000,661,,,0,0.000,1494,l9_expected_value_mismatch,
L9-029,9,0,,meta-llama/llama-3.3-70b-instruct;meta-llama/llama-4-maverick;meta-llama/llama-4-scout;meta-llama/llama-3.1-8b-instruct,0.000,2737,0,0.000,3068,l9_expected_value_mismatch,,0,0.000,5904,l9_expected_value_mismatch,,0,0.000,567,l9_expected_value_mismatch,,0,0.000,1409,l9_expected_value_mismatch,
L9-030,9,0,,meta-llama/llama-3.3-70b-instruct;meta-llama/llama-4-maverick;meta-llama/llama-4-scout;meta-llama/llama-3.1-8b-instruct,0.000,3085,0,0.000,6961,l9_expected_value_mismatch,,0,0.000,2861,mismatch_fieldname,,0,0.000,771,l9_expected_value_mismatch,,0,0.000,1745,l9_expected_value_mismatch,
L9-031,9,0,,meta-llama/llama-3.3-70b-instruct;meta-llama/llama-4-maverick;meta-llama/llama-4-scout;meta-llama/llama-3.1-8b-instruct,0.000,2691,0,0.000,839,l9_expected_value_mismatch,,0,0.000,6044,l9_expected_value_mismatch,,0,0.000,3038,l9_expected_value_mismatch,,0,0.000,842,l9_expected_value_mismatch,
L9-032,9,3,meta-llama/llama-3.3-70b-instruct;meta-llama/llama-4-maverick;meta-llama/llama-4-scout,meta-llama/llama-3.1-8b-instruct,0.750,1352,1,1.000,1472,,,1,1.000,1469,,,1,1.000,733,,,0,0.000,1732,l9_expected_value_mismatch,
L9-033,9,0,,meta-llama/llama-3.3-70b-instruct;meta-llama/llama-4-maverick;meta-llama/llama-4-scout;meta-llama/llama-3.1-8b-instruct,0.000,2395,0,0.000,3350,l9_expected_value_mismatch,,0,0.000,2689,l9_expected_value_mismatch,,0,0.000,2559,l9_expected_value_mismatch,,0,0.000,980,l9_expected_value_mismatch,
L9-034,9,0,,meta-llama/llama-3.3-70b-instruct;meta-llama/llama-4-maverick;meta-llama/llama-4-scout;meta-llama/llama-3.1-8b-instruct,0.000,3489,0,0.000,8115,l9_expected_value_mismatch,,0,0.000,2389,l9_expected_value_mismatch,,0,0.000,1593,l9_expected_value_mismatch,,0,0.000,1859,l9_expected_value_mismatch,
L9-035,9,0,,meta-llama/llama-3.3-70b-instruct;meta-llama/llama-4-maverick;meta-llama/llama-4-scout;meta-llama/llama-3.1-8b-instruct,0.000,1864,0,0.000,1714,l9_expected_value_mismatch,,0,0.000,2768,l9_expected_value_mismatch,,0,0.000,1646,l9_expected_value_mismatch,,0,0.000,1327,l9_expected_value_mismatch,
L9-036,9,3,meta-llama/llama-3.3-70b-instruct;meta-llama/llama-4-maverick;meta-llama/llama-4-scout,meta-llama/llama-3.1-8b-instruct,0.750,1368,1,1.000,2500,,,1,1.000,660,,,1,1.000,1441,,,0,0.000,871,l9_expected_value_mismatch,
L9-037,9,0,,meta-llama/llama-3.3-70b-instruct;meta-llama/llama-4-maverick;meta-llama/llama-4-scout;meta-llama/llama-3.1-8b-instruct,0.000,1719,0,0.000,1152,l9_expected_value_mismatch,,0,0.000,3073,l9_expected_value_mismatch,,0,0.000,1397,l9_expected_value_mismatch,,0,0.000,1255,l9_expected_value_mismatch,
L9-038,9,0,,meta-llama/llama-3.3-70b-instruct;meta-llama/llama-4-maverick;meta-llama/llama-4-scout;meta-llama/llama-3.1-8b-instruct,0.000,3081,0,0.000,1863,l9_expected_value_mismatch,,0,0.000,2767,mismatch_fieldname,,0,0.000,4153,l9_expected_value_mismatch,,0,0.000,3539,l9_expected_value_mismatch,
L9-039,9,0,,meta-llama/llama-3.3-70b-instruct;meta-llama/llama-4-maverick;meta-llama/llama-4-scout;meta-llama/llama-3.1-8b-instruct,0.000,1249,0,0.000,2177,l9_expected_value_mismatch,,0,0.000,872,l9_expected_value_mismatch,,0,0.000,916,l9_expected_value_mismatch,,0,0.000,1031,l9_expected_value_mismatch,
L9-040,9,3,meta-llama/llama-3.3-70b-instruct;meta-llama/llama-4-maverick;meta-llama/llama-4-scout,meta-llama/llama-3.1-8b-instruct,0.750,1850,1,1.000,1446,,,1,1.000,1596,,,1,1.000,2990,,,0,0.000,1366,l9_expected_value_mismatch,
L9-041,9,0,,meta-llama/llama-3.3-70b-instruct;meta-llama/llama-4-maverick;meta-llama/llama-4-scout;meta-llama/llama-3.1-8b-instruct,0.000,2573,0,0.000,2608,l9_expected_value_mismatch,,0,0.000,2891,l9_expected_value_mismatch,,0,0.000,3062,l9_expected_value_mismatch,,0,0.000,1730,l9_expected_value_mismatch,
L9-042,9,0,,meta-llama/llama-3.3-70b-instruct;meta-llama/llama-4-maverick;meta-llama/llama-4-scout;meta-llama/llama-3.1-8b-instruct,0.000,1534,0,0.000,2327,l9_expected_value_mismatch,,0,0.000,1200,l9_expected_value_mismatch,,0,0.000,772,l9_expected_value_mismatch,,0,0.000,1838,l9_expected_value_mismatch,
L9-043,9,1,meta-llama/llama-4-scout,meta-llama/llama-3.3-70b-instruct;meta-llama/llama-4-maverick;meta-llama/llama-3.1-8b-instruct,0.250,1185,0,0.000,1659,l9_expected_value_mismatch,,0,0.000,1125,l9_expected_value_mismatch,,1,1.000,612,,,0,0.000,1343,l9_expected_value_mismatch,
L9-044,9,3,meta-llama/llama-3.3-70b-instruct;meta-llama/llama-4-maverick;meta-llama/llama-4-scout,meta-llama/llama-3.1-8b-instruct,0.750,1638,1,1.000,1701,,,1,1.000,986,,,1,1.000,1831,,,0,0.000,2032,l9_expected_value_mismatch,
L9-045,9,0,,meta-llama/llama-3.3-70b-instruct;meta-llama/llama-4-maverick;meta-llama/llama-4-scout;meta-llama/llama-3.1-8b-instruct,0.000,2421,0,0.000,4147,l9_expected_value_mismatch,,0,0.000,2003,l9_expected_value_mismatch,,0,0.000,1165,l9_expected_value_mismatch,,0,0.000,2367,l9_expected_value_mismatch,
L9-046,9,0,,meta-llama/llama-3.3-70b-instruct;meta-llama/llama-4-maverick;meta-llama/llama-4-scout;meta-llama/llama-3.1-8b-instruct,0.000,3664,0,0.000,1853,l9_expected_value_mismatch,,0,0.000,2245,l9_expected_value_mismatch,,0,0.000,7350,l9_expected_value_mismatch,,0,0.000,3206,l9_expected_value_mismatch,
L9-047,9,0,,meta-llama/llama-3.3-70b-instruct;meta-llama/llama-4-maverick;meta-llama/llama-4-scout;meta-llama/llama-3.1-8b-instruct,0.000,1571,0,0.000,1480,l9_expected_value_mismatch,,0,0.000,1003,l9_expected_value_mismatch,,0,0.000,2463,l9_expected_value_mismatch,,0,0.000,1337,l9_expected_value_mismatch,
L9-048,9,2,meta-llama/llama-3.3-70b-instruct;meta-llama/llama-4-maverick,meta-llama/llama-4-scout;meta-llama/llama-3.1-8b-instruct,0.500,1891,1,1.000,3840,,,1,1.000,991,,,0,0.000,1539,l9_expected_value_mismatch,,0,0.000,1195,l9_expected_value_mismatch,
L9-049,9,2,meta-llama/llama-3.3-70b-instruct;meta-llama/llama-4-maverick,meta-llama/llama-4-scout;meta-llama/llama-3.1-8b-instruct,0.500,2350,1,1.000,3187,,,1,1.000,2368,,,0,0.000,1790,l9_expected_value_mismatch,,0,0.000,2054,l9_expected_value_mismatch,
L9-050,9,0,,meta-llama/llama-3.3-70b-instruct;meta-llama/llama-4-maverick;meta-llama/llama-4-scout;meta-llama/llama-3.1-8b-instruct,0.000,1652,0,0.000,2526,l9_expected_value_mismatch,,0,0.000,1940,l9_expected_value_mismatch,,0,0.000,998,l9_expected_value_mismatch,,0,0.000,1143,l9_expected_value_mismatch,
L9-051,9,0,,meta-llama/llama-3.3-70b-instruct;meta-llama/llama-4-maverick;meta-llama/llama-4-scout;meta-llama/llama-3.1-8b-instruct,0.000,11576,0,0.000,2152,l9_expected_value_mismatch,,0,0.000,4650,l9_expected_value_mismatch,,0,0.000,2869,l9_expected_value_mismatch,,0,0.000,36632,l9_expected_value_mismatch,
L9-052,9,3,meta-llama/llama-3.3-70b-instruct;meta-llama/llama-4-maverick;meta-llama/llama-4-scout,meta-llama/llama-3.1-8b-instruct,0.750,1904,1,1.000,1343,,,1,1.000,648,,,1,1.000,4631,,,0,0.000,993,l9_expected_value_mismatch,
L9-053,9,0,,meta-llama/llama-3.3-70b-instruct;meta-llama/llama-4-maverick;meta-llama/llama-4-scout;meta-llama/llama-3.1-8b-instruct,0.000,1305,0,0.000,1924,l9_expected_value_mismatch,,0,0.000,1394,l9_expected_value_mismatch,,0,0.000,944,l9_expected_value_mismatch,,0,0.000,956,l9_expected_value_mismatch,
L9-054,9,0,,meta-llama/llama-3.3-70b-instruct;meta-llama/llama-4-maverick;meta-llama/llama-4-scout;meta-llama/llama-3.1-8b-instruct,0.000,3151,0,0.000,1090,l9_expected_value_mismatch,,0,0.000,1376,mismatch_fieldname,,0,0.000,6614,l9_expected_value_mismatch,,0,0.000,3523,l9_expected_value_mismatch,
L9-055,9,0,,meta-llama/llama-3.3-70b-instruct;meta-llama/llama-4-maverick;meta-llama/llama-4-scout;meta-llama/llama-3.1-8b-instruct,0.000,2648,0,0.000,2941,l9_expected_value_mismatch,,0,0.000,2497,l9_expected_value_mismatch,,0,0.000,3955,l9_expected_value_mismatch,,0,0.000,1200,l9_expected_value_mismatch,
L9-056,9,1,meta-llama/llama-4-scout,meta-llama/llama-3.3-70b-instruct;meta-llama/llama-4-maverick;meta-llama/llama-3.1-8b-instruct,0.250,2048,0,0.000,1791,l9_expected_value_mismatch,,0,0.000,1464,l9_expected_value_mismatch,,1,1.000,3651,,,0,0.000,1284,l9_expected_value_mismatch,
L9-057,9,0,,meta-llama/llama-3.3-70b-instruct;meta-llama/llama-4-maverick;meta-llama/llama-4-scout;meta-llama/llama-3.1-8b-instruct,0.000,1990,0,0.000,2416,l9_expected_value_mismatch,,0,0.000,2491,l9_expected_value_mismatch,,0,0.000,1892,l9_expected_value_mismatch,,0,0.000,1162,l9_expected_value_mismatch,
L9-058,9,0,,meta-llama/llama-3.3-70b-instruct;meta-llama/llama-4-maverick;meta-llama/llama-4-scout;meta-llama/llama-3.1-8b-instruct,0.000,1831,0,0.000,1192,l9_expected_value_mismatch,,0,0.000,2898,l9_expected_value_mismatch,,0,0.000,1875,l9_expected_value_mismatch,,0,0.000,1359,l9_expected_value_mismatch,
L9-059,9,0,,meta-llama/llama-3.3-70b-instruct;meta-llama/llama-4-maverick;meta-llama/llama-4-scout;meta-llama/llama-3.1-8b-instruct,0.000,1597,0,0.000,1271,l9_expected_value_mismatch,,0,0.000,1901,l9_expected_value_mismatch,,0,0.000,2796,l9_expected_value_mismatch,,0,0.000,420,l9_expected_value_mismatch,
L9-060,9,4,meta-llama/llama-3.3-70b-instruct;meta-llama/llama-4-maverick;meta-llama/llama-4-scout;meta-llama/llama-3.1-8b-instruct,,1.000,1296,1,1.000,923,,,1,1.000,1764,,,1,1.000,1500,,,1,1.000,997,,
L9-061,9,0,,meta-llama/llama-3.3-70b-instruct;meta-llama/llama-4-maverick;meta-llama/llama-4-scout;meta-llama/llama-3.1-8b-instruct,0.000,2667,0,0.000,2345,l9_expected_value_mismatch,,0,0.000,6316,l9_expected_value_mismatch,,0,0.000,636,l9_expected_value_mismatch,,0,0.000,1372,l9_expected_value_mismatch,
L9-062,9,0,,meta-llama/llama-3.3-70b-instruct;meta-llama/llama-4-maverick;meta-llama/llama-4-scout;meta-llama/llama-3.1-8b-instruct,0.000,2768,0,0.000,1534,l9_expected_value_mismatch,,0,0.000,5324,l9_expected_value_mismatch,,0,0.000,1228,l9_expected_value_mismatch,,0,0.000,2987,l9_expected_value_mismatch,
L9-063,9,0,,meta-llama/llama-3.3-70b-instruct;meta-llama/llama-4-maverick;meta-llama/llama-4-scout;meta-llama/llama-3.1-8b-instruct,0.000,1756,0,0.000,1631,l9_expected_value_mismatch,,0,0.000,1476,l9_expected_value_mismatch,,0,0.000,2991,l9_expected_value_mismatch,,0,0.000,925,l9_expected_value_mismatch,
L9-064,9,0,,meta-llama/llama-3.3-70b-instruct;meta-llama/llama-4-maverick;meta-llama/llama-4-scout;meta-llama/llama-3.1-8b-instruct,0.000,2787,0,0.000,5335,l9_expected_value_mismatch,,0,0.000,2343,l9_expected_value_mismatch,,0,0.000,1319,l9_expected_value_mismatch,,0,0.000,2152,l9_expected_value_mismatch,
L9-065,9,0,,meta-llama/llama-3.3-70b-instruct;meta-llama/llama-4-maverick;meta-llama/llama-4-scout;meta-llama/llama-3.1-8b-instruct,0.000,1590,0,0.000,2481,l9_expected_value_mismatch,,0,0.000,2295,l9_expected_value_mismatch,,0,0.000,494,l9_expected_value_mismatch,,0,0.000,1089,l9_expected_value_mismatch,
L9-066,9,0,,meta-llama/llama-3.3-70b-instruct;meta-llama/llama-4-maverick;meta-llama/llama-4-scout;meta-llama/llama-3.1-8b-instruct,0.000,1507,0,0.000,1528,l9_expected_value_mismatch,,0,0.000,2287,l9_expected_value_mismatch,,0,0.000,634,l9_expected_value_mismatch,,0,0.000,1578,l9_expected_value_mismatch,
L9-067,9,0,,meta-llama/llama-3.3-70b-instruct;meta-llama/llama-4-maverick;meta-llama/llama-4-scout;meta-llama/llama-3.1-8b-instruct,0.000,2194,0,0.000,5045,l9_expected_value_mismatch,,0,0.000,1621,l9_expected_value_mismatch,,0,0.000,537,l9_expected_value_mismatch,,0,0.000,1571,l9_expected_value_mismatch,
L9-068,9,4,meta-llama/llama-3.3-70b-instruct;meta-llama/llama-4-maverick;meta-llama/llama-4-scout;meta-llama/llama-3.1-8b-instruct,,1.000,2128,1,1.000,1368,,,1,1.000,948,,,1,1.000,5105,,,1,1.000,1090,,
L9-069,9,0,,meta-llama/llama-3.3-70b-instruct;meta-llama/llama-4-maverick;meta-llama/llama-4-scout;meta-llama/llama-3.1-8b-instruct,0.000,2074,0,0.000,2970,l9_expected_value_mismatch,,0,0.000,1317,l9_expected_value_mismatch,,0,0.000,2955,l9_expected_value_mismatch,,0,0.000,1052,l9_expected_value_mismatch,
L9-070,9,0,,meta-llama/llama-3.3-70b-instruct;meta-llama/llama-4-maverick;meta-llama/llama-4-scout;meta-llama/llama-3.1-8b-instruct,0.000,9951,0,0.000,2535,l9_expected_value_mismatch,,0,0.000,33072,l9_expected_value_mismatch,,0,0.000,2558,mismatch_fieldname,,0,0.000,1638,l9_expected_value_mismatch,
L9-071,9,0,,meta-llama/llama-3.3-70b-instruct;meta-llama/llama-4-maverick;meta-llama/llama-4-scout;meta-llama/llama-3.1-8b-instruct,0.000,1867,0,0.000,2668,l9_expected_value_mismatch,,0,0.000,1782,mismatch_fieldname,,0,0.000,1454,l9_expected_value_mismatch,,0,0.000,1565,l9_expected_value_mismatch,
L9-072,9,1,meta-llama/llama-4-scout,meta-llama/llama-3.3-70b-instruct;meta-llama/llama-4-maverick;meta-llama/llama-3.1-8b-instruct,0.250,2109,0,0.000,1777,l9_expected_value_mismatch,,0,0.000,1766,l9_expected_value_mismatch,,1,1.000,2951,,,0,0.000,1942,l9_expected_value_mismatch,
L9-073,9,0,,meta-llama/llama-3.3-70b-instruct;meta-llama/llama-4-maverick;meta-llama/llama-4-scout;meta-llama/llama-3.1-8b-instruct,0.000,2997,0,0.000,3377,l9_expected_value_mismatch,,0,0.000,3239,l9_expected_value_mismatch,,0,0.000,4625,l9_expected_value_mismatch,,0,0.000,747,l9_expected_value_mismatch,
L9-074,9,0,,meta-llama/llama-3.3-70b-instruct;meta-llama/llama-4-maverick;meta-llama/llama-4-scout;meta-llama/llama-3.1-8b-instruct,0.000,13596,0,0.000,726,l9_expected_value_mismatch,,0,0.000,875,l9_expected_value_mismatch,,0,0.000,9140,l9_expected_value_mismatch,,0,0.000,43642,l9_expected_value_mismatch,
L9-075,9,0,,meta-llama/llama-3.3-70b-instruct;meta-llama/llama-4-maverick;meta-llama/llama-4-scout;meta-llama/llama-3.1-8b-instruct,0.000,12297,0,0.000,2752,l9_expected_value_mismatch,,0,0.000,1366,l9_expected_value_mismatch,,0,0.000,1831,l9_expected_value_mismatch,,0,0.000,43239,l9_expected_value_mismatch,
L9-076,9,4,meta-llama/llama-3.3-70b-instruct;meta-llama/llama-4-maverick;meta-llama/llama-4-scout;meta-llama/llama-3.1-8b-instruct,,1.000,1821,1,1.000,1252,,,1,1.000,559,,,1,1.000,1808,,,1,1.000,3664,,
L9-077,9,0,,meta-llama/llama-3.3-70b-instruct;meta-llama/llama-4-maverick;meta-llama/llama-4-scout;meta-llama/llama-3.1-8b-instruct,0.000,3052,0,0.000,6741,l9_expected_value_mismatch,,0,0.000,2437,l9_expected_value_mismatch,,0,0.000,798,l9_expected_value_mismatch,,0,0.000,2232,l9_expected_value_mismatch,
L9-078,9,0,,meta-llama/llama-3.3-70b-instruct;meta-llama/llama-4-maverick;meta-llama/llama-4-scout;meta-llama/llama-3.1-8b-instruct,0.000,2684,0,0.000,2436,l9_expected_value_mismatch,,0,0.000,2631,l9_expected_value_mismatch,,0,0.000,4099,l9_expected_value_mismatch,,0,0.000,1569,l9_expected_value_mismatch,
L9-079,9,0,,meta-llama/llama-3.3-70b-instruct;meta-llama/llama-4-maverick;meta-llama/llama-4-scout;meta-llama/llama-3.1-8b-instruct,0.000,6666,0,0.000,23485,mismatch_fieldname,,0,0.000,981,l9_expected_value_mismatch,,0,0.000,1091,l9_expected_value_mismatch,,0,0.000,1106,l9_expected_value_mismatch,
L9-080,9,1,meta-llama/llama-3.3-70b-instruct,meta-llama/llama-4-maverick;meta-llama/llama-4-scout;meta-llama/llama-3.1-8b-instruct,0.250,2315,1,1.000,1695,,,0,0.000,4149,l9_expected_value_mismatch,,0,0.000,729,l9_expected_value_mismatch,,0,0.000,2688,l9_expected_value_mismatch,
L9-081,9,0,,meta-llama/llama-3.3-70b-instruct;meta-llama/llama-4-maverick;meta-llama/llama-4-scout;meta-llama/llama-3.1-8b-instruct,0.000,4140,0,0.000,9954,l9_expected_value_mismatch,,0,0.000,2003,l9_expected_value_mismatch,,0,0.000,2672,l9_expected_value_mismatch,,0,0.000,1930,l9_expected_value_mismatch,
L10-001,10,0,,meta-llama/llama-3.3-70b-instruct;meta-llama/llama-4-maverick;meta-llama/llama-4-scout;meta-llama/llama-3.1-8b-instruct,0.000,5310,0,0.000,9356,l10_expected_value_out_of_range,,0,0.000,8031,l10_expected_value_out_of_range,,0,0.000,1578,l10_expected_value_out_of_range,,0,0.000,2273,l10_expected_value_out_of_range,
L10-002,10,1,meta-llama/llama-4-maverick,meta-llama/llama-3.3-70b-instruct;meta-llama/llama-4-scout;meta-llama/llama-3.1-8b-instruct,0.250,1635,0,0.000,1538,l10_expected_value_out_of_range,,1,1.000,3676,,,0,0.000,854,l10_expected_value_out_of_range,,0,0.000,473,l10_expected_value_out_of_range,
L10-003,10,1,meta-llama/llama-4-scout,meta-llama/llama-3.3-70b-instruct;meta-llama/llama-4-maverick;meta-llama/llama-3.1-8b-instruct,0.250,1612,0,0.000,2261,l10_expected_value_out_of_range,,0,0.000,1404,l10_expected_value_out_of_range,,1,1.000,1078,,,0,0.000,1705,l10_expected_value_out_of_range,
L10-004,10,0,,meta-llama/llama-3.3-70b-instruct;meta-llama/llama-4-maverick;meta-llama/llama-4-scout;meta-llama/llama-3.1-8b-instruct,0.000,2274,0,0.000,3848,l10_expected_value_out_of_range,,0,0.000,1657,mismatch_fieldname,,0,0.000,2438,l10_expected_value_out_of_range,,0,0.000,1153,l10_expected_value_out_of_range,
L10-005,10,2,meta-llama/llama-3.3-70b-instruct;meta-llama/llama-4-scout,meta-llama/llama-4-maverick;meta-llama/llama-3.1-8b-instruct,0.425,1617,1,0.700,2269,,,0,0.000,1389,mismatch_fieldname,,1,1.000,739,,,0,0.000,2070,l10_expected_value_out_of_range,
L10-006,10,0,,meta-llama/llama-3.3-70b-instruct;meta-llama/llama-4-maverick;meta-llama/llama-4-scout;meta-llama/llama-3.1-8b-instruct,0.000,2583,0,0.000,4095,mismatch_fieldname,,0,0.000,1807,l10_expected_value_out_of_range,,0,0.000,2954,l10_expected_value_out_of_range,,0,0.000,1474,l10_expected_value_out_of_range,
L10-007,10,0,,meta-llama/llama-3.3-70b-instruct;meta-llama/llama-4-maverick;meta-llama/llama-4-scout;meta-llama/llama-3.1-8b-instruct,0.100,3368,0,0.400,1814,,,0,0.000,1520,l10_expected_value_out_of_range,,0,0.000,8225,l10_expected_value_out_of_range,,0,0.000,1912,l10_expected_value_out_of_range,
L10-008,10,2,meta-llama/llama-3.3-70b-instruct;meta-llama/llama-4-scout,meta-llama/llama-4-maverick;meta-llama/llama-3.1-8b-instruct,0.525,2435,1,1.000,3520,,,0,0.000,1685,mismatch_fieldname,,1,0.700,2921,,,0,0.400,1614,,
L10-009,10,0,,meta-llama/llama-3.3-70b-instruct;meta-llama/llama-4-maverick;meta-llama/llama-4-scout;meta-llama/llama-3.1-8b-instruct,0.100,4558,0,0.000,3575,l10_expected_value_out_of_range,,0,0.400,2856,,,0,0.000,10384,l10_expected_value_out_of_range,,0,0.000,1417,l10_expected_value_out_of_range,
L10-010,10,0,,meta-llama/llama-3.3-70b-instruct;meta-llama/llama-4-maverick;meta-llama/llama-4-scout;meta-llama/llama-3.1-8b-instruct,0.000,2370,0,0.000,5648,l10_expected_value_out_of_range,,0,0.000,1512,l10_expected_value_out_of_range,,0,0.000,1354,l10_expected_value_out_of_range,,0,0.000,965,l10_expected_value_out_of_range,
L10-011,10,0,,meta-llama/llama-3.3-70b-instruct;meta-llama/llama-4-maverick;meta-llama/llama-4-scout;meta-llama/llama-3.1-8b-instruct,0.000,3374,0,0.000,2586,l10_expected_value_out_of_range,,0,0.000,1230,mismatch_fieldname,,0,0.000,5197,l10_expected_value_out_of_range,,0,0.000,4482,l10_expected_value_out_of_range,
L10-012,10,1,meta-llama/llama-3.3-70b-instruct,meta-llama/llama-4-maverick;meta-llama/llama-4-scout;meta-llama/llama-3.1-8b-instruct,0.250,2983,1,1.000,4321,,,0,0.000,1224,l10_expected_value_out_of_range,,0,0.000,3792,l10_expected_value_out_of_range,,0,0.000,2594,l10_expected_value_out_of_range,
L10-013,10,1,meta-llama/llama-3.1-8b-instruct,meta-llama/llama-3.3-70b-instruct;meta-llama/llama-4-maverick;meta-llama/llama-4-scout,0.250,2431,0,0.000,2697,l10_expected_value_out_of_range,,0,0.000,1367,l10_expected_value_out_of_range,,0,0.000,4408,l10_expected_value_out_of_range,,1,1.000,1253,,
L10-014,10,0,,meta-llama/llama-3.3-70b-instruct;meta-llama/llama-4-maverick;meta-llama/llama-4-scout;meta-llama/llama-3.1-8b-instruct,0.100,9163,0,0.000,25143,l10_expected_value_out_of_range,,0,0.000,6685,mismatch_fieldname,,0,0.000,3200,l10_expected_value_out_of_range,,0,0.400,1625,,
L10-015,10,0,,meta-llama/llama-3.3-70b-instruct;meta-llama/llama-4-maverick;meta-llama/llama-4-scout;meta-llama/llama-3.1-8b-instruct,0.000,2249,0,0.000,1615,l10_expected_value_out_of_range,,0,0.000,2135,mismatch_fieldname,,0,0.000,2313,l10_expected_value_out_of_range,,0,0.000,2932,l10_expected_value_out_of_range,
L10-016,10,2,meta-llama/llama-3.3-70b-instruct;meta-llama/llama-3.1-8b-instruct,meta-llama/llama-4-maverick;meta-llama/llama-4-scout,0.500,2298,1,1.000,3156,,,0,0.000,2602,mismatch_fieldname,,0,0.000,1335,mismatch_fieldname,,1,1.000,2098,,
L10-017,10,1,meta-llama/llama-4-maverick,meta-llama/llama-3.3-70b-instruct;meta-llama/llama-4-scout;meta-llama/llama-3.1-8b-instruct,0.250,3550,0,0.000,3074,l10_expected_value_out_of_range,,1,1.000,2458,,,0,0.000,1458,l10_expected_value_out_of_range,,0,0.000,7211,l10_expected_value_out_of_range,
L10-018,10,0,,meta-llama/llama-3.3-70b-instruct;meta-llama/llama-4-maverick;meta-llama/llama-4-scout;meta-llama/llama-3.1-8b-instruct,0.200,3964,0,0.400,6478,,,0,0.000,1569,l10_expected_value_out_of_range,,0,0.000,4937,l10_expected_value_out_of_range,,0,0.400,2872,,
L10-019,10,1,meta-llama/llama-3.1-8b-instruct,meta-llama/llama-3.3-70b-instruct;meta-llama/llama-4-maverick;meta-llama/llama-4-scout,0.450,2103,0,0.400,4416,,,0,0.000,1550,mismatch_fieldname,,0,0.400,811,,,1,1.000,1636,,
L10-020,10,1,meta-llama/llama-3.3-70b-instruct,meta-llama/llama-4-maverick;meta-llama/llama-4-scout;meta-llama/llama-3.1-8b-instruct,0.250,2267,1,1.000,3759,,,0,0.000,1496,mismatch_fieldname,,0,0.000,1281,l10_expected_value_out_of_range,,0,0.000,2533,l10_expected_value_out_of_range,
L10-021,10,0,,meta-llama/llama-3.3-70b-instruct;meta-llama/llama-4-maverick;meta-llama/llama-4-scout;meta-llama/llama-3.1-8b-instruct,0.100,2545,0,0.000,1144,l10_expected_value_out_of_range,,0,0.000,5609,mismatch_fieldname,,0,0.400,840,,,0,0.000,2586,l10_expected_value_out_of_range,
L10-022,10,0,,meta-llama/llama-3.3-70b-instruct;meta-llama/llama-4-maverick;meta-llama/llama-4-scout;meta-llama/llama-3.1-8b-instruct,0.000,2456,0,0.000,1845,l10_expected_value_out_of_range,,0,0.000,1466,l10_expected_value_out_of_range,,0,0.000,1016,l10_expected_value_out_of_range,,0,0.000,5497,l10_expected_value_out_of_range,
L10-023,10,0,,meta-llama/llama-3.3-70b-instruct;meta-llama/llama-4-maverick;meta-llama/llama-4-scout;meta-llama/llama-3.1-8b-instruct,0.000,6732,0,0.000,22724,l10_expected_value_out_of_range,,0,0.000,1449,l10_expected_value_out_of_range,,0,0.000,1044,l10_expected_value_out_of_range,,0,0.000,1709,l10_expected_value_out_of_range,
L10-024,10,1,meta-llama/llama-3.1-8b-instruct,meta-llama/llama-3.3-70b-instruct;meta-llama/llama-4-maverick;meta-llama/llama-4-scout,0.250,1876,0,0.000,2485,l10_expected_value_out_of_range,,0,0.000,1152,l10_expected_value_out_of_range,,0,0.000,2722,l10_expected_value_out_of_range,,1,1.000,1146,,
L10-025,10,0,,meta-llama/llama-3.3-70b-instruct;meta-llama/llama-4-maverick;meta-llama/llama-4-scout;meta-llama/llama-3.1-8b-instruct,0.000,2814,0,0.000,3988,l10_expected_value_out_of_range,,0,0.000,3328,l10_expected_value_out_of_range,,0,0.000,2300,l10_expected_value_out_of_range,,0,0.000,1641,l10_expected_value_out_of_range,
L10-026,10,2,meta-llama/llama-4-scout;meta-llama/llama-3.1-8b-instruct,meta-llama/llama-3.3-70b-instruct;meta-llama/llama-4-maverick,0.500,4258,0,0.000,9239,l10_expected_value_out_of_range,,0,0.000,2241,mismatch_fieldname,,1,1.000,3583,,,1,1.000,1967,,
L10-027,10,2,meta-llama/llama-3.3-70b-instruct;meta-llama/llama-3.1-8b-instruct,meta-llama/llama-4-maverick;meta-llama/llama-4-scout,0.500,3041,1,1.000,1685,,,0,0.000,3097,mismatch_fieldname,,0,0.000,4800,mismatch_fieldname,,1,1.000,2582,,
L10-028,10,0,,meta-llama/llama-3.3-70b-instruct;meta-llama/llama-4-maverick;meta-llama/llama-4-scout;meta-llama/llama-3.1-8b-instruct,0.100,1841,0,0.400,2391,,,0,0.000,1800,l10_expected_value_out_of_range,,0,0.000,1900,l10_expected_value_out_of_range,,0,0.000,1272,l10_expected_value_out_of_range,
L10-029,10,1,meta-llama/llama-3.1-8b-instruct,meta-llama/llama-3.3-70b-instruct;meta-llama/llama-4-maverick;meta-llama/llama-4-scout,0.450,4469,0,0.400,12904,,,0,0.000,1541,l10_expected_value_out_of_range,,0,0.400,1199,,,1,1.000,2233,,
L10-030,10,1,meta-llama/llama-4-scout,meta-llama/llama-3.3-70b-instruct;meta-llama/llama-4-maverick;meta-llama/llama-3.1-8b-instruct,0.250,1846,0,0.000,2271,l10_expected_value_out_of_range,,0,0.000,1459,l10_expected_value_out_of_range,,1,1.000,1625,,,0,0.000,2030,l10_expected_value_out_of_range,
L10-031,10,1,meta-llama/llama-3.3-70b-instruct,meta-llama/llama-4-maverick;meta-llama/llama-4-scout;meta-llama/llama-3.1-8b-instruct,0.275,4000,1,0.700,4977,,,0,0.000,5170,mismatch_fieldname,,0,0.000,4739,l10_expected_value_out_of_range,,0,0.400,1113,,
L10-032,10,1,meta-llama/llama-3.3-70b-instruct,meta-llama/llama-4-maverick;meta-llama/llama-4-scout;meta-llama/llama-3.1-8b-instruct,0.175,1924,1,0.700,3918,,,0,0.000,1832,mismatch_fieldname,,0,0.000,419,l10_expected_value_out_of_range,,0,0.000,1526,l10_expected_value_out_of_range,
L10-033,10,0,,meta-llama/llama-3.3-70b-instruct;meta-llama/llama-4-maverick;meta-llama/llama-4-scout;meta-llama/llama-3.1-8b-instruct,0.100,1598,0,0.000,1411,l10_expected_value_out_of_range,,0,0.400,2056,,,0,0.000,535,l10_expected_value_out_of_range,,0,0.000,2389,l10_expected_value_out_of_range,
L10-034,10,1,meta-llama/llama-3.3-70b-instruct,meta-llama/llama-4-maverick;meta-llama/llama-4-scout;meta-llama/llama-3.1-8b-instruct,0.275,2280,1,0.700,1455,,,0,0.400,2832,,,0,0.000,1043,l10_expected_value_out_of_range,,0,0.000,3788,l10_expected_value_out_of_range,
L10-035,10,1,meta-llama/llama-4-scout,meta-llama/llama-3.3-70b-instruct;meta-llama/llama-4-maverick;meta-llama/llama-3.1-8b-instruct,0.175,2432,0,0.000,3308,l10_expected_value_out_of_range,,0,0.000,942,l10_expected_value_out_of_range,,1,0.700,4165,,,0,0.000,1311,l10_expected_value_out_of_range,
L10-036,10,1,meta-llama/llama-4-scout,meta-llama/llama-3.3-70b-instruct;meta-llama/llama-4-maverick;meta-llama/llama-3.1-8b-instruct,0.250,2026,0,0.000,3286,l10_expected_value_out_of_range,,0,0.000,1345,l10_expected_value_out_of_range,,1,1.000,2335,,,0,0.000,1136,l10_expected_value_out_of_range,
L10-037,10,1,meta-llama/llama-4-maverick,meta-llama/llama-3.3-70b-instruct;meta-llama/llama-4-scout;meta-llama/llama-3.1-8b-instruct,0.250,3015,0,0.000,2884,l10_expected_value_out_of_range,,1,1.000,2238,,,0,0.000,4629,l10_expected_value_out_of_range,,0,0.000,2310,l10_expected_value_out_of_range,
L10-038,10,0,,meta-llama/llama-3.3-70b-instruct;meta-llama/llama-4-maverick;meta-llama/llama-4-scout;meta-llama/llama-3.1-8b-instruct,0.000,1797,0,0.000,2675,l10_expected_value_out_of_range,,0,0.000,1595,l10_expected_value_out_of_range,,0,0.000,1456,l10_expected_value_out_of_range,,0,0.000,1461,l10_expected_value_out_of_range,
L10-039,10,1,meta-llama/llama-4-maverick,meta-llama/llama-3.3-70b-instruct;meta-llama/llama-4-scout;meta-llama/llama-3.1-8b-instruct,0.350,2096,0,0.000,2195,l10_expected_value_out_of_range,,1,1.000,1802,,,0,0.400,798,,,0,0.000,3589,l10_expected_value_out_of_range,
L10-040,10,3,meta-llama/llama-3.3-70b-instruct;meta-llama/llama-4-maverick;meta-llama/llama-4-scout,meta-llama/llama-3.1-8b-instruct,0.750,2317,1,1.000,1004,,,1,1.000,1825,,,1,1.000,4685,,,0,0.000,1752,l10_expected_value_out_of_range,
L10-041,10,0,,meta-llama/llama-3.3-70b-instruct;meta-llama/llama-4-maverick;meta-llama/llama-4-scout;meta-llama/llama-3.1-8b-instruct,0.000,2295,0,0.000,1985,l10_expected_value_out_of_range,,0,0.000,2003,l10_expected_value_out_of_range,,0,0.000,3717,l10_expected_value_out_of_range,,0,0.000,1473,l10_expected_value_out_of_range,
L10-042,10,0,,meta-llama/llama-3.3-70b-instruct;meta-llama/llama-4-maverick;meta-llama/llama-4-scout;meta-llama/llama-3.1-8b-instruct,0.000,2241,0,0.000,2913,l10_expected_value_out_of_range,,0,0.000,1824,l10_expected_value_out_of_range,,0,0.000,543,l10_expected_value_out_of_range,,0,0.000,3683,l10_expected_value_out_of_range,
L10-043,10,0,,meta-llama/llama-3.3-70b-instruct;meta-llama/llama-4-maverick;meta-llama/llama-4-scout;meta-llama/llama-3.1-8b-instruct,0.000,2639,0,0.000,2058,l10_expected_value_out_of_range,,0,0.000,1270,l10_expected_value_out_of_range,,0,0.000,5367,l10_expected_value_out_of_range,,0,0.000,1862,l10_expected_value_out_of_range,
L10-044,10,0,,meta-llama/llama-3.3-70b-instruct;meta-llama/llama-4-maverick;meta-llama/llama-4-scout;meta-llama/llama-3.1-8b-instruct,0.000,3594,0,0.000,1584,l10_expected_value_out_of_range,,0,0.000,1279,mismatch_fieldname,,0,0.000,8293,l10_expected_value_out_of_range,,0,0.000,3220,l10_expected_value_out_of_range,
L10-045,10,3,meta-llama/llama-3.3-70b-instruct;meta-llama/llama-4-scout;meta-llama/llama-3.1-8b-instruct,meta-llama/llama-4-maverick,0.750,3160,1,1.000,3526,,,0,0.000,2882,mismatch_fieldname,,1,1.000,4251,,,1,1.000,1982,,
L10-046,10,4,meta-llama/llama-3.3-70b-instruct;meta-llama/llama-4-maverick;meta-llama/llama-4-scout;meta-llama/llama-3.1-8b-instruct,,1.000,2455,1,1.000,1849,,,1,1.000,2423,,,1,1.000,4637,,,1,1.000,912,,
L10-047,10,2,meta-llama/llama-4-maverick;meta-llama/llama-3.1-8b-instruct,meta-llama/llama-3.3-70b-instruct;meta-llama/llama-4-scout,0.500,3340,0,0.000,5755,l10_expected_value_out_of_range,,1,1.000,2792,,,0,0.000,2773,l10_expected_value_out_of_range,,1,1.000,2041,,
L10-048,10,2,meta-llama/llama-4-maverick;meta-llama/llama-3.1-8b-instruct,meta-llama/llama-3.3-70b-instruct;meta-llama/llama-4-scout,0.500,4977,0,0.000,5812,l10_expected_value_out_of_range,,1,1.000,9097,,,0,0.000,2858,l10_expected_value_out_of_range,,1,1.000,2141,,
L10-049,10,3,meta-llama/llama-3.3-70b-instruct;meta-llama/llama-4-scout;meta-llama/llama-3.1-8b-instruct,meta-llama/llama-4-maverick,0.675,2036,1,0.700,3011,,,0,0.000,2046,l10_expected_value_out_of_range,,1,1.000,792,,,1,1.000,2293,,
L10-050,10,0,,meta-llama/llama-3.3-70b-instruct;meta-llama/llama-4-maverick;meta-llama/llama-4-scout;meta-llama/llama-3.1-8b-instruct,0.000,2333,0,0.000,1728,l10_expected_value_out_of_range,,0,0.000,1718,mismatch_fieldname,,0,0.000,2728,l10_expected_value_out_of_range,,0,0.000,3157,l10_expected_value_out_of_range,
L10-051,10,0,,meta-llama/llama-3.3-70b-instruct;meta-llama/llama-4-maverick;meta-llama/llama-4-scout;meta-llama/llama-3.1-8b-instruct,0.000,2115,0,0.000,3513,l10_expected_value_out_of_range,,0,0.000,1272,l10_expected_value_out_of_range,,0,0.000,2330,l10_expected_value_out_of_range,,0,0.000,1343,l10_expected_value_out_of_range,
L10-052,10,0,,meta-llama/llama-3.3-70b-instruct;meta-llama/llama-4-maverick;meta-llama/llama-4-scout;meta-llama/llama-3.1-8b-instruct,0.000,2683,0,0.000,7541,l10_expected_value_out_of_range,,0,0.000,1005,mismatch_fieldname,,0,0.000,1140,l10_expected_value_out_of_range,,0,0.000,1047,l10_expected_value_out_of_range,
L10-053,10,0,,meta-llama/llama-3.3-70b-instruct;meta-llama/llama-4-maverick;meta-llama/llama-4-scout;meta-llama/llama-3.1-8b-instruct,0.000,2750,0,0.000,1455,l10_expected_value_out_of_range,,0,0.000,1417,l10_expected_value_out_of_range,,0,0.000,2063,l10_expected_value_out_of_range,,0,0.000,6065,l10_expected_value_out_of_range,
L10-054,10,0,,meta-llama/llama-3.3-70b-instruct;meta-llama/llama-4-maverick;meta-llama/llama-4-scout;meta-llama/llama-3.1-8b-instruct,0.000,3050,0,0.000,9036,l10_expected_value_out_of_range,,0,0.000,542,l10_expected_value_out_of_range,,0,0.000,534,l10_expected_value_out_of_range,,0,0.000,2086,l10_expected_value_out_of_range,
L10-055,10,0,,meta-llama/llama-3.3-70b-instruct;meta-llama/llama-4-maverick;meta-llama/llama-4-scout;meta-llama/llama-3.1-8b-instruct,0.000,17624,0,0.000,6056,l10_expected_value_out_of_range,,0,0.000,4907,l10_expected_value_out_of_range,,0,0.000,741,l10_expected_value_out_of_range,,0,0.000,58791,l10_expected_value_out_of_range,
L10-056,10,1,meta-llama/llama-3.1-8b-instruct,meta-llama/llama-3.3-70b-instruct;meta-llama/llama-4-maverick;meta-llama/llama-4-scout,0.175,2258,0,0.000,2757,l10_expected_value_out_of_range,,0,0.000,1603,l10_expected_value_out_of_range,,0,0.000,705,l10_expected_value_out_of_range,,1,0.700,3966,,
L10-057,10,0,,meta-llama/llama-3.3-70b-instruct;meta-llama/llama-4-maverick;meta-llama/llama-4-scout;meta-llama/llama-3.1-8b-instruct,0.100,1551,0,0.400,1893,,,0,0.000,1337,l10_expected_value_out_of_range,,0,0.000,1137,l10_expected_value_out_of_range,,0,0.000,1837,l10_expected_value_out_of_range,
L10-058,10,0,,meta-llama/llama-3.3-70b-instruct;meta-llama/llama-4-maverick;meta-llama/llama-4-scout;meta-llama/llama-3.1-8b-instruct,0.100,3830,0,0.000,7041,l10_expected_value_out_of_range,,0,0.400,1516,,,0,0.000,4525,l10_expected_value_out_of_range,,0,0.000,2239,l10_expected_value_out_of_range,
L10-059,10,3,meta-llama/llama-3.3-70b-instruct;meta-llama/llama-4-scout;meta-llama/llama-3.1-8b-instruct,meta-llama/llama-4-maverick,0.750,2227,1,1.000,1112,,,0,0.000,1968,mismatch_fieldname,,1,1.000,3780,,,1,1.000,2047,,
L10-060,10,0,,meta-llama/llama-3.3-70b-instruct;meta-llama/llama-4-maverick;meta-llama/llama-4-scout;meta-llama/llama-3.1-8b-instruct,0.000,1822,0,0.000,2588,l10_expected_value_out_of_range,,0,0.000,1556,l10_expected_value_out_of_range,,0,0.000,1909,l10_expected_value_out_of_range,,0,0.000,1235,l10_expected_value_out_of_range,
L10-061,10,0,,meta-llama/llama-3.3-70b-instruct;meta-llama/llama-4-maverick;meta-llama/llama-4-scout;meta-llama/llama-3.1-8b-instruct,0.000,12357,0,0.000,3885,l10_expected_value_out_of_range,,0,0.000,1561,mismatch_fieldname,,0,0.000,3413,l10_expected_value_out_of_range,,0,0.000,40569,l10_expected_value_out_of_range,
L10-062,10,0,,meta-llama/llama-3.3-70b-instruct;meta-llama/llama-4-maverick;meta-llama/llama-4-scout;meta-llama/llama-3.1-8b-instruct,0.000,1860,0,0.000,2274,l10_expected_value_out_of_range,,0,0.000,1576,l10_expected_value_out_of_range,,0,0.000,1139,l10_expected_value_out_of_range,,0,0.000,2452,l10_expected_value_out_of_range,
L10-063,10,4,meta-llama/llama-3.3-70b-instruct;meta-llama/llama-4-maverick;meta-llama/llama-4-scout;meta-llama/llama-3.1-8b-instruct,,0.850,2016,1,0.700,2395,,,1,0.700,1501,,,1,1.000,1949,,,1,1.000,2218,,
L10-064,10,0,,meta-llama/llama-3.3-70b-instruct;meta-llama/llama-4-maverick;meta-llama/llama-4-scout;meta-llama/llama-3.1-8b-instruct,0.000,2577,0,0.000,1255,l10_expected_value_out_of_range,,0,0.000,2234,l10_expected_value_out_of_range,,0,0.000,3514,l10_expected_value_out_of_range,,0,0.000,3306,l10_expected_value_out_of_range,
L10-065,10,0,,meta-llama/llama-3.3-70b-instruct;meta-llama/llama-4-maverick;meta-llama/llama-4-scout;meta-llama/llama-3.1-8b-instruct,0.000,1516,0,0.000,1009,l10_expected_value_out_of_range,,0,0.000,1129,l10_expected_value_out_of_range,,0,0.000,2267,l10_expected_value_out_of_range,,0,0.000,1658,l10_expected_value_out_of_range,
L10-066,10,0,,meta-llama/llama-3.3-70b-instruct;meta-llama/llama-4-maverick;meta-llama/llama-4-scout;meta-llama/llama-3.1-8b-instruct,0.000,1250,0,0.000,1767,l10_expected_value_out_of_range,,0,0.000,1461,l10_expected_value_out_of_range,,0,0.000,844,l10_expected_value_out_of_range,,0,0.000,929,l10_expected_value_out_of_range,
L10-067,10,0,,meta-llama/llama-3.3-70b-instruct;meta-llama/llama-4-maverick;meta-llama/llama-4-scout;meta-llama/llama-3.1-8b-instruct,0.000,2086,0,0.000,3091,l10_expected_value_out_of_range,,0,0.000,2069,l10_expected_value_out_of_range,,0,0.000,1866,l10_expected_value_out_of_range,,0,0.000,1319,l10_expected_value_out_of_range,
L10-068,10,0,,meta-llama/llama-3.3-70b-instruct;meta-llama/llama-4-maverick;meta-llama/llama-4-scout;meta-llama/llama-3.1-8b-instruct,0.000,4484,0,0.000,4848,l10_expected_value_out_of_range,,0,0.000,1244,l10_expected_value_out_of_range,,0,0.000,8624,l10_expected_value_out_of_range,,0,0.000,3221,l10_expected_value_out_of_range,
L10-069,10,1,meta-llama/llama-4-scout,meta-llama/llama-3.3-70b-instruct;meta-llama/llama-4-maverick;meta-llama/llama-3.1-8b-instruct,0.175,1257,0,0.000,1025,l10_expected_value_out_of_range,,0,0.000,1483,l10_expected_value_out_of_range,,1,0.700,1457,,,0,0.000,1061,l10_expected_value_out_of_range,
