question_id,level,pass_count,pass_models,fail_models,avg_score,avg_duration_ms,llama33_70b_pass,llama33_70b_score,llama33_70b_duration_ms,llama33_70b_failures,llama4_maverick_pass,llama4_maverick_score,llama4_maverick_duration_ms,llama4_maverick_failures,llama4_scout_pass,llama4_scout_score,llama4_scout_duration_ms,llama4_scout_failures,llama31_8b_pass,llama31_8b_score,llama31_8b_duration_ms,llama31_8b_failures
L2-004,2,0,,meta-llama/llama-3.3-70b-instruct;meta-llama/llama-4-maverick;meta-llama/llama-4-scout;meta-llama/llama-3.1-8b-instruct,0.621,3000,0,0.672,3140,,0,0.605,2604,,0,0.605,4357,,0,0.605,1900,
L3-002,3,0,,meta-llama/llama-3.3-70b-instruct;meta-llama/llama-4-maverick;meta-llama/llama-4-scout;meta-llama/llama-3.1-8b-instruct,0.568,3858,0,0.550,5087,,0,0.529,3809,,0,0.649,4704,,0,0.545,1832,
L4-003,4,0,,meta-llama/llama-3.3-70b-instruct;meta-llama/llama-4-maverick;meta-llama/llama-4-scout;meta-llama/llama-3.1-8b-instruct,0.411,8238,0,0.418,23226,,0,0.399,3584,,0,0.279,2171,,0,0.546,3969,
L4-005,4,0,,meta-llama/llama-3.3-70b-instruct;meta-llama/llama-4-maverick;meta-llama/llama-4-scout;meta-llama/llama-3.1-8b-instruct,0.492,3660,0,0.623,7462,,0,0.492,2865,,0,0.377,2565,,0,0.478,1748,
L5-001,5,0,,meta-llama/llama-3.3-70b-instruct;meta-llama/llama-4-maverick;meta-llama/llama-4-scout;meta-llama/llama-3.1-8b-instruct,0.508,3602,0,0.566,2931,,0,0.473,4255,,0,0.497,3675,,0,0.497,3546,
L5-002,5,0,,meta-llama/llama-3.3-70b-instruct;meta-llama/llama-4-maverick;meta-llama/llama-4-scout;meta-llama/llama-3.1-8b-instruct,0.000,2983,0,0.000,1704,leverage_invalid_intent,0,0.000,6090,leverage_invalid_intent,0,0.000,1217,leverage_invalid_order_type,0,0.000,2920,leverage_invalid_order_type
L5-003,5,0,,meta-llama/llama-3.3-70b-instruct;meta-llama/llama-4-maverick;meta-llama/llama-4-scout;meta-llama/llama-3.1-8b-instruct,0.618,10786,0,0.617,31572,,0,0.598,4236,,0,0.581,2629,,0,0.673,4706,
L6-001,6,0,,meta-llama/llama-3.3-70b-instruct;meta-llama/llama-4-maverick;meta-llama/llama-4-scout;meta-llama/llama-3.1-8b-instruct,0.000,2571,0,0.000,2853,options_missing_call_type,0,0.000,4898,options_missing_call_type,0,0.000,1001,options_asset_encoded,0,0.000,1533,options_missing_call_type
L7-001,7,0,,meta-llama/llama-3.3-70b-instruct;meta-llama/llama-4-maverick;meta-llama/llama-4-scout;meta-llama/llama-3.1-8b-instruct,0.000,4785,0,0.000,3384,l7_001_asset_must_be_multi_or_generic,0,0.000,5429,l7_001_asset_must_be_multi_or_generic,0,0.000,3989,l7_001_asset_must_be_multi_or_generic,0,0.000,6339,l7_001_asset_must_be_multi_or_generic
L7-003,7,0,,meta-llama/llama-3.3-70b-instruct;meta-llama/llama-4-maverick;meta-llama/llama-4-scout;meta-llama/llama-3.1-8b-instruct,0.000,3406,0,0.000,2587,lp_net_return_inconsistent_net_gain|lp_net_return_inconsistent_return_pct|lp_net_return_inconsistent_il_loss|lp_net_return_il_pct_mismatch,0,0.000,4526,lp_net_return_inconsistent_net_gain|lp_net_return_inconsistent_il_loss,0,0.000,3853,lp_net_return_inconsistent_il_loss|lp_net_return_il_pct_mismatch,0,0.000,2658,lp_net_return_inconsistent_il_loss|lp_net_return_il_pct_mismatch
L7-004,7,0,,meta-llama/llama-3.3-70b-instruct;meta-llama/llama-4-maverick;meta-llama/llama-4-scout;meta-llama/llama-3.1-8b-instruct,0.000,8644,0,0.000,15314,portfolio_efficiency_inconsistent_blended_apy|portfolio_efficiency_inconsistent_weighted_risk|portfolio_efficiency_inconsistent_excess_return|portfolio_efficiency_inconsistent_risk_ratio|portfolio_efficiency_inconsistent_total_yield,0,0.000,10419,portfolio_efficiency_inconsistent_weighted_risk|portfolio_efficiency_inconsistent_risk_ratio,0,0.000,4827,portfolio_efficiency_inconsistent_weighted_risk|portfolio_efficiency_inconsistent_risk_ratio,0,0.000,4014,portfolio_efficiency_inconsistent_blended_apy|portfolio_efficiency_inconsistent_weighted_risk|portfolio_efficiency_inconsistent_excess_return|portfolio_efficiency_inconsistent_risk_ratio|portfolio_efficiency_inconsistent_total_yield
L8-001,8,0,,meta-llama/llama-3.3-70b-instruct;meta-llama/llama-4-maverick;meta-llama/llama-4-scout;meta-llama/llama-3.1-8b-instruct,0.000,5339,0,0.000,3205,multi_protocol_expected_value_out_of_bounds|multi_protocol_expected_value_out_of_range,0,0.000,12958,multi_protocol_expected_value_out_of_bounds|multi_protocol_expected_value_out_of_range,0,0.000,3697,multi_protocol_expected_value_out_of_bounds|multi_protocol_expected_value_out_of_range|multi_protocol_liquidity_constraint,0,0.000,1496,multi_protocol_expected_value_out_of_bounds|multi_protocol_expected_value_out_of_range|multi_protocol_liquidity_constraint|multi_protocol_convex_auto_fail|multi_protocol_total_allocation_mismatch
L8-002,8,0,,meta-llama/llama-3.3-70b-instruct;meta-llama/llama-4-maverick;meta-llama/llama-4-scout;meta-llama/llama-3.1-8b-instruct,0.633,4894,0,0.667,4986,,0,0.600,5287,,0,0.667,4045,,0,0.600,5256,
L8-007,8,0,,meta-llama/llama-3.3-70b-instruct;meta-llama/llama-4-maverick;meta-llama/llama-4-scout;meta-llama/llama-3.1-8b-instruct,0.308,5394,0,0.232,2782,,0,0.360,5028,,0,0.320,2721,,0,0.320,11044,
L9-001,9,0,,meta-llama/llama-3.3-70b-instruct;meta-llama/llama-4-maverick;meta-llama/llama-4-scout;meta-llama/llama-3.1-8b-instruct,0.000,3793,0,0.000,4940,l9_expected_value_mismatch,0,0.000,5929,mismatch_fieldname,0,0.000,2231,l9_expected_value_mismatch,0,0.000,2070,l9_expected_value_mismatch
L9-002,9,0,,meta-llama/llama-3.3-70b-instruct;meta-llama/llama-4-maverick;meta-llama/llama-4-scout;meta-llama/llama-3.1-8b-instruct,0.000,13278,0,0.000,4009,l9_expected_value_mismatch,0,0.000,6167,l9_expected_value_mismatch,0,0.000,2267,l9_expected_value_mismatch,0,0.000,40669,l9_expected_value_mismatch
L9-003,9,0,,meta-llama/llama-3.3-70b-instruct;meta-llama/llama-4-maverick;meta-llama/llama-4-scout;meta-llama/llama-3.1-8b-instruct,0.000,4645,0,0.000,8816,l9_expected_value_mismatch,0,0.000,5557,l9_expected_value_mismatch,0,0.000,1739,l9_expected_value_mismatch,0,0.000,2466,l9_expected_value_mismatch
L9-004,9,0,,meta-llama/llama-3.3-70b-instruct;meta-llama/llama-4-maverick;meta-llama/llama-4-scout;meta-llama/llama-3.1-8b-instruct,0.000,3867,0,0.000,2729,l9_expected_value_mismatch,0,0.000,5702,mismatch_fieldname,0,0.000,2824,l9_expected_value_mismatch,0,0.000,4213,l9_expected_value_mismatch
L9-005,9,0,,meta-llama/llama-3.3-70b-instruct;meta-llama/llama-4-maverick;meta-llama/llama-4-scout;meta-llama/llama-3.1-8b-instruct,0.000,4298,0,0.000,1397,l9_expected_value_mismatch,0,0.000,4168,mismatch_fieldname,0,0.000,9068,l9_expected_value_mismatch,0,0.000,2558,l9_expected_value_mismatch
L9-006,9,0,,meta-llama/llama-3.3-70b-instruct;meta-llama/llama-4-maverick;meta-llama/llama-4-scout;meta-llama/llama-3.1-8b-instruct,0.000,3799,0,0.000,6087,l9_expected_value_mismatch,0,0.000,6010,mismatch_fieldname,0,0.000,2355,l9_expected_value_mismatch,0,0.000,743,l9_expected_value_mismatch
L9-007,9,0,,meta-llama/llama-3.3-70b-instruct;meta-llama/llama-4-maverick;meta-llama/llama-4-scout;meta-llama/llama-3.1-8b-instruct,0.000,3580,0,0.000,5472,l9_expected_value_mismatch,0,0.000,4483,l9_expected_value_mismatch,0,0.000,1425,mismatch_fieldname,0,0.000,2940,l9_expected_value_mismatch
L9-008,9,0,,meta-llama/llama-3.3-70b-instruct;meta-llama/llama-4-maverick;meta-llama/llama-4-scout;meta-llama/llama-3.1-8b-instruct,0.000,5163,0,0.000,7744,l9_expected_value_mismatch,0,0.000,4807,mismatch_fieldname,0,0.000,2445,l9_expected_value_mismatch,0,0.000,5655,l9_expected_value_mismatch
L9-010,9,0,,meta-llama/llama-3.3-70b-instruct;meta-llama/llama-4-maverick;meta-llama/llama-4-scout;meta-llama/llama-3.1-8b-instruct,0.000,2681,0,0.000,1267,l9_expected_value_mismatch,0,0.000,4214,l9_expected_value_mismatch,0,0.000,2356,l9_expected_value_mismatch,0,0.000,2885,l9_expected_value_mismatch
L9-013,9,0,,meta-llama/llama-3.3-70b-instruct;meta-llama/llama-4-maverick;meta-llama/llama-4-scout;meta-llama/llama-3.1-8b-instruct,0.000,4511,0,0.000,7423,l9_expected_value_mismatch,0,0.000,2891,l9_expected_value_mismatch,0,0.000,6268,l9_expected_value_mismatch,0,0.000,1463,l9_expected_value_mismatch
L9-014,9,0,,meta-llama/llama-3.3-70b-instruct;meta-llama/llama-4-maverick;meta-llama/llama-4-scout;meta-llama/llama-3.1-8b-instruct,0.000,5191,0,0.000,7769,l9_expected_value_mismatch,0,0.000,3480,mismatch_fieldname,0,0.000,5567,l9_expected_value_mismatch,0,0.000,3947,l9_expected_value_mismatch
L9-015,9,0,,meta-llama/llama-3.3-70b-instruct;meta-llama/llama-4-maverick;meta-llama/llama-4-scout;meta-llama/llama-3.1-8b-instruct,0.000,3649,0,0.000,1467,l9_expected_value_mismatch,0,0.000,4843,l9_expected_value_mismatch,0,0.000,6892,l9_expected_value_mismatch,0,0.000,1394,l9_expected_value_mismatch
L9-017,9,0,,meta-llama/llama-3.3-70b-instruct;meta-llama/llama-4-maverick;meta-llama/llama-4-scout;meta-llama/llama-3.1-8b-instruct,0.000,2531,0,0.000,1770,l9_expected_value_mismatch,0,0.000,4129,l9_expected_value_mismatch,0,0.000,1415,l9_expected_value_mismatch,0,0.000,2808,l9_expected_value_mismatch
L9-018,9,0,,meta-llama/llama-3.3-70b-instruct;meta-llama/llama-4-maverick;meta-llama/llama-4-scout;meta-llama/llama-3.1-8b-instruct,0.000,17654,0,0.000,2220,l9_expected_value_mismatch,0,0.000,2249,l9_expected_value_mismatch,0,0.000,1731,l9_expected_value_mismatch,0,0.000,64415,l9_expected_value_mismatch
L9-019,9,0,,meta-llama/llama-3.3-70b-instruct;meta-llama/llama-4-maverick;meta-llama/llama-4-scout;meta-llama/llama-3.1-8b-instruct,0.000,1745,0,0.000,1403,l9_expected_value_mismatch,0,0.000,1964,l9_expected_value_mismatch,0,0.000,1715,l9_expected_value_mismatch,0,0.000,1899,l9_expected_value_mismatch
L9-021,9,0,,meta-llama/llama-3.3-70b-instruct;meta-llama/llama-4-maverick;meta-llama/llama-4-scout;meta-llama/llama-3.1-8b-instruct,0.000,2927,0,0.000,3498,l9_expected_value_mismatch,0,0.000,4679,l9_expected_value_mismatch,0,0.000,2277,l9_expected_value_mismatch,0,0.000,1252,l9_expected_value_mismatch
L9-022,9,0,,meta-llama/llama-3.3-70b-instruct;meta-llama/llama-4-maverick;meta-llama/llama-4-scout;meta-llama/llama-3.1-8b-instruct,0.000,4564,0,0.000,1931,l9_expected_value_mismatch,0,0.000,4406,mismatch_fieldname,0,0.000,5552,l9_expected_value_mismatch,0,0.000,6366,l9_expected_value_mismatch
L9-023,9,0,,meta-llama/llama-3.3-70b-instruct;meta-llama/llama-4-maverick;meta-llama/llama-4-scout;meta-llama/llama-3.1-8b-instruct,0.000,2088,0,0.000,3312,l9_expected_value_mismatch,0,0.000,1989,l9_expected_value_mismatch,0,0.000,2286,l9_expected_value_mismatch,0,0.000,763,l9_expected_value_mismatch
L9-026,9,0,,meta-llama/llama-3.3-70b-instruct;meta-llama/llama-4-maverick;meta-llama/llama-4-scout;meta-llama/llama-3.1-8b-instruct,0.000,3040,0,0.000,3531,l9_expected_value_mismatch,0,0.000,2731,l9_expected_value_mismatch,0,0.000,2128,l9_expected_value_mismatch,0,0.000,3768,l9_expected_value_mismatch
L9-027,9,0,,meta-llama/llama-3.3-70b-instruct;meta-llama/llama-4-maverick;meta-llama/llama-4-scout;meta-llama/llama-3.1-8b-instruct,0.000,5072,0,0.000,7386,l9_expected_value_mismatch,0,0.000,4898,l9_expected_value_mismatch,0,0.000,5046,l9_expected_value_mismatch,0,0.000,2959,l9_expected_value_mismatch
L9-029,9,0,,meta-llama/llama-3.3-70b-instruct;meta-llama/llama-4-maverick;meta-llama/llama-4-scout;meta-llama/llama-3.1-8b-instruct,0.000,3401,0,0.000,3043,l9_expected_value_mismatch,0,0.000,5386,l9_expected_value_mismatch,0,0.000,3715,l9_expected_value_mismatch,0,0.000,1458,l9_expected_value_mismatch
L9-030,9,0,,meta-llama/llama-3.3-70b-instruct;meta-llama/llama-4-maverick;meta-llama/llama-4-scout;meta-llama/llama-3.1-8b-instruct,0.000,21253,0,0.000,17444,l9_expected_value_mismatch,0,0.000,1576,l9_expected_value_mismatch,0,0.000,5315,l9_expected_value_mismatch,0,0.000,60677,l9_expected_value_mismatch
L9-031,9,0,,meta-llama/llama-3.3-70b-instruct;meta-llama/llama-4-maverick;meta-llama/llama-4-scout;meta-llama/llama-3.1-8b-instruct,0.000,2231,0,0.000,2251,l9_expected_value_mismatch,0,0.000,2555,l9_expected_value_mismatch,0,0.000,2107,l9_expected_value_mismatch,0,0.000,2009,l9_expected_value_mismatch
L9-033,9,0,,meta-llama/llama-3.3-70b-instruct;meta-llama/llama-4-maverick;meta-llama/llama-4-scout;meta-llama/llama-3.1-8b-instruct,0.000,2915,0,0.000,2523,l9_expected_value_mismatch,0,0.000,4332,l9_expected_value_mismatch,0,0.000,3919,l9_expected_value_mismatch,0,0.000,885,l9_expected_value_mismatch
L9-034,9,0,,meta-llama/llama-3.3-70b-instruct;meta-llama/llama-4-maverick;meta-llama/llama-4-scout;meta-llama/llama-3.1-8b-instruct,0.000,2529,0,0.000,4550,l9_expected_value_mismatch,0,0.000,1893,l9_expected_value_mismatch,0,0.000,1125,l9_expected_value_mismatch,0,0.000,2548,l9_expected_value_mismatch
L9-035,9,0,,meta-llama/llama-3.3-70b-instruct;meta-llama/llama-4-maverick;meta-llama/llama-4-scout;meta-llama/llama-3.1-8b-instruct,0.000,2373,0,0.000,4325,l9_expected_value_mismatch,0,0.000,2480,l9_expected_value_mismatch,0,0.000,1584,l9_expected_value_mismatch,0,0.000,1101,l9_expected_value_mismatch
L9-037,9,0,,meta-llama/llama-3.3-70b-instruct;meta-llama/llama-4-maverick;meta-llama/llama-4-scout;meta-llama/llama-3.1-8b-instruct,0.000,1708,0,0.000,1331,l9_expected_value_mismatch,0,0.000,1707,l9_expected_value_mismatch,0,0.000,1775,l9_expected_value_mismatch,0,0.000,2017,l9_expected_value_mismatch
L9-038,9,0,,meta-llama/llama-3.3-70b-instruct;meta-llama/llama-4-maverick;meta-llama/llama-4-scout;meta-llama/llama-3.1-8b-instruct,0.000,6412,0,0.000,1334,l9_expected_value_mismatch,0,0.000,3605,mismatch_fieldname,0,0.000,14180,l9_expected_value_mismatch,0,0.000,6530,l9_expected_value_mismatch
L9-039,9,0,,meta-llama/llama-3.3-70b-instruct;meta-llama/llama-4-maverick;meta-llama/llama-4-scout;meta-llama/llama-3.1-8b-instruct,0.000,2872,0,0.000,5019,l9_expected_value_mismatch,0,0.000,3355,l9_expected_value_mismatch,0,0.000,1468,mismatch_fieldname,0,0.000,1646,l9_expected_value_mismatch
L9-041,9,0,,meta-llama/llama-3.3-70b-instruct;meta-llama/llama-4-maverick;meta-llama/llama-4-scout;meta-llama/llama-3.1-8b-instruct,0.000,2866,0,0.000,1456,l9_expected_value_mismatch,0,0.000,4963,l9_expected_value_mismatch,0,0.000,2949,l9_expected_value_mismatch,0,0.000,2096,l9_expected_value_mismatch
L9-042,9,0,,meta-llama/llama-3.3-70b-instruct;meta-llama/llama-4-maverick;meta-llama/llama-4-scout;meta-llama/llama-3.1-8b-instruct,0.000,1809,0,0.000,653,l9_expected_value_mismatch,0,0.000,3275,l9_expected_value_mismatch,0,0.000,1673,l9_expected_value_mismatch,0,0.000,1635,l9_expected_value_mismatch
L9-043,9,0,,meta-llama/llama-3.3-70b-instruct;meta-llama/llama-4-maverick;meta-llama/llama-4-scout;meta-llama/llama-3.1-8b-instruct,0.000,15683,0,0.000,4522,l9_expected_value_mismatch,0,0.000,1811,l9_expected_value_mismatch,0,0.000,1880,l9_expected_value_mismatch,0,0.000,54519,l9_expected_value_mismatch
L9-045,9,0,,meta-llama/llama-3.3-70b-instruct;meta-llama/llama-4-maverick;meta-llama/llama-4-scout;meta-llama/llama-3.1-8b-instruct,0.000,2451,0,0.000,933,l9_expected_value_mismatch,0,0.000,6018,l9_expected_value_mismatch,0,0.000,1394,l9_expected_value_mismatch,0,0.000,1458,l9_expected_value_mismatch
L9-046,9,0,,meta-llama/llama-3.3-70b-instruct;meta-llama/llama-4-maverick;meta-llama/llama-4-scout;meta-llama/llama-3.1-8b-instruct,0.000,3706,0,0.000,1474,l9_expected_value_mismatch,0,0.000,3924,mismatch_fieldname,0,0.000,6378,mismatch_fieldname,0,0.000,3046,l9_expected_value_mismatch
L9-050,9,0,,meta-llama/llama-3.3-70b-instruct;meta-llama/llama-4-maverick;meta-llama/llama-4-scout;meta-llama/llama-3.1-8b-instruct,0.000,3399,0,0.000,2605,l9_expected_value_mismatch,0,0.000,2832,l9_expected_value_mismatch,0,0.000,6432,l9_expected_value_mismatch,0,0.000,1728,l9_expected_value_mismatch
L9-053,9,0,,meta-llama/llama-3.3-70b-instruct;meta-llama/llama-4-maverick;meta-llama/llama-4-scout;meta-llama/llama-3.1-8b-instruct,0.000,2602,0,0.000,2930,l9_expected_value_mismatch,0,0.000,2664,l9_expected_value_mismatch,0,0.000,2498,l9_expected_value_mismatch,0,0.000,2314,l9_expected_value_mismatch
L9-054,9,0,,meta-llama/llama-3.3-70b-instruct;meta-llama/llama-4-maverick;meta-llama/llama-4-scout;meta-llama/llama-3.1-8b-instruct,0.000,6293,0,0.000,7701,l9_expected_value_mismatch,0,0.000,4190,mismatch_fieldname,0,0.000,8728,l9_expected_value_mismatch,0,0.000,4553,l9_expected_value_mismatch
L9-055,9,0,,meta-llama/llama-3.3-70b-instruct;meta-llama/llama-4-maverick;meta-llama/llama-4-scout;meta-llama/llama-3.1-8b-instruct,0.000,3917,0,0.000,2234,l9_expected_value_mismatch,0,0.000,4352,l9_expected_value_mismatch,0,0.000,2069,l9_expected_value_mismatch,0,0.000,7013,l9_expected_value_mismatch
L9-056,9,0,,meta-llama/llama-3.3-70b-instruct;meta-llama/llama-4-maverick;meta-llama/llama-4-scout;meta-llama/llama-3.1-8b-instruct,0.000,3249,0,0.000,4137,l9_expected_value_mismatch,0,0.000,2875,l9_expected_value_mismatch,0,0.000,4416,mismatch_fieldname,0,0.000,1567,l9_expected_value_mismatch
L9-057,9,0,,meta-llama/llama-3.3-70b-instruct;meta-llama/llama-4-maverick;meta-llama/llama-4-scout;meta-llama/llama-3.1-8b-instruct,0.000,2959,0,0.000,2995,l9_expected_value_mismatch,0,0.000,2557,l9_expected_value_mismatch,0,0.000,5294,l9_expected_value_mismatch,0,0.000,990,l9_expected_value_mismatch
L9-058,9,0,,meta-llama/llama-3.3-70b-instruct;meta-llama/llama-4-maverick;meta-llama/llama-4-scout;meta-llama/llama-3.1-8b-instruct,0.000,2500,0,0.000,1466,l9_expected_value_mismatch,0,0.000,4226,l9_expected_value_mismatch,0,0.000,2333,l9_expected_value_mismatch,0,0.000,1975,l9_expected_value_mismatch
L9-059,9,0,,meta-llama/llama-3.3-70b-instruct;meta-llama/llama-4-maverick;meta-llama/llama-4-scout;meta-llama/llama-3.1-8b-instruct,0.000,15887,0,0.000,1860,l9_expected_value_mismatch,0,0.000,3191,l9_expected_value_mismatch,0,0.000,1538,l9_expected_value_mismatch,0,0.000,56959,l9_expected_value_mismatch
L9-061,9,0,,meta-llama/llama-3.3-70b-instruct;meta-llama/llama-4-maverick;meta-llama/llama-4-scout;meta-llama/llama-3.1-8b-instruct,0.000,3771,0,0.000,7803,l9_expected_value_mismatch,0,0.000,2820,l9_expected_value_mismatch,0,0.000,2069,l9_expected_value_mismatch,0,0.000,2391,l9_expected_value_mismatch
L9-062,9,0,,meta-llama/llama-3.3-70b-instruct;meta-llama/llama-4-maverick;meta-llama/llama-4-scout;meta-llama/llama-3.1-8b-instruct,0.000,10616,0,0.000,33267,l9_expected_value_mismatch,0,0.000,2925,l9_expected_value_mismatch,0,0.000,2919,l9_expected_value_mismatch,0,0.000,3353,l9_expected_value_mismatch
L9-063,9,0,,meta-llama/llama-3.3-70b-instruct;meta-llama/llama-4-maverick;meta-llama/llama-4-scout;meta-llama/llama-3.1-8b-instruct,0.000,2547,0,0.000,6385,l9_expected_value_mismatch,0,0.000,1882,l9_expected_value_mismatch,0,0.000,1034,l9_expected_value_mismatch,0,0.000,887,l9_expected_value_mismatch
L9-064,9,0,,meta-llama/llama-3.3-70b-instruct;meta-llama/llama-4-maverick;meta-llama/llama-4-scout;meta-llama/llama-3.1-8b-instruct,0.000,3570,0,0.000,6207,l9_expected_value_mismatch,0,0.000,1542,l9_expected_value_mismatch,0,0.000,5159,mismatch_fieldname,0,0.000,1372,l9_expected_value_mismatch
L9-065,9,0,,meta-llama/llama-3.3-70b-instruct;meta-llama/llama-4-maverick;meta-llama/llama-4-scout;meta-llama/llama-3.1-8b-instruct,0.000,2612,0,0.000,1823,l9_expected_value_mismatch,0,0.000,4350,l9_expected_value_mismatch,0,0.000,3320,l9_expected_value_mismatch,0,0.000,955,l9_expected_value_mismatch
L9-066,9,0,,meta-llama/llama-3.3-70b-instruct;meta-llama/llama-4-maverick;meta-llama/llama-4-scout;meta-llama/llama-3.1-8b-instruct,0.000,2920,0,0.000,3244,l9_expected_value_mismatch,0,0.000,4242,l9_expected_value_mismatch,0,0.000,2129,l9_expected_value_mismatch,0,0.000,2065,l9_expected_value_mismatch
L9-067,9,0,,meta-llama/llama-3.3-70b-instruct;meta-llama/llama-4-maverick;meta-llama/llama-4-scout;meta-llama/llama-3.1-8b-instruct,0.000,3445,0,0.000,5395,l9_expected_value_mismatch,0,0.000,3364,l9_expected_value_mismatch,0,0.000,2835,l9_expected_value_mismatch,0,0.000,2187,l9_expected_value_mismatch
L9-069,9,0,,meta-llama/llama-3.3-70b-instruct;meta-llama/llama-4-maverick;meta-llama/llama-4-scout;meta-llama/llama-3.1-8b-instruct,0.000,3509,0,0.000,2268,l9_expected_value_mismatch,0,0.000,3914,l9_expected_value_mismatch,0,0.000,5788,l9_expected_value_mismatch,0,0.000,2066,l9_expected_value_mismatch
L9-070,9,0,,meta-llama/llama-3.3-70b-instruct;meta-llama/llama-4-maverick;meta-llama/llama-4-scout;meta-llama/llama-3.1-8b-instruct,0.000,15611,0,0.000,2452,l9_expected_value_mismatch,0,0.000,49086,l9_expected_value_mismatch,0,0.000,5550,l9_expected_value_mismatch,0,0.000,5354,l9_expected_value_mismatch
L9-071,9,0,,meta-llama/llama-3.3-70b-instruct;meta-llama/llama-4-maverick;meta-llama/llama-4-scout;meta-llama/llama-3.1-8b-instruct,0.000,2980,0,0.000,2971,l9_expected_value_mismatch,0,0.000,4413,mismatch_fieldname,0,0.000,3196,l9_expected_value_mismatch,0,0.000,1339,l9_expected_value_mismatch
L9-072,9,0,,meta-llama/llama-3.3-70b-instruct;meta-llama/llama-4-maverick;meta-llama/llama-4-scout;meta-llama/llama-3.1-8b-instruct,0.000,1799,0,0.000,1669,l9_expected_value_mismatch,0,0.000,2071,l9_expected_value_mismatch,0,0.000,1802,mismatch_fieldname,0,0.000,1655,l9_expected_value_mismatch
L9-073,9,0,,meta-llama/llama-3.3-70b-instruct;meta-llama/llama-4-maverick;meta-llama/llama-4-scout;meta-llama/llama-3.1-8b-instruct,0.000,4816,0,0.000,3371,l9_expected_value_mismatch,0,0.000,2488,l9_expected_value_mismatch,0,0.000,11411,l9_expected_value_mismatch,0,0.000,1993,l9_expected_value_mismatch
L9-074,9,0,,meta-llama/llama-3.3-70b-instruct;meta-llama/llama-4-maverick;meta-llama/llama-4-scout;meta-llama/llama-3.1-8b-instruct,0.000,2016,0,0.000,1389,l9_expected_value_mismatch,0,0.000,1426,l9_expected_value_mismatch,0,0.000,3597,l9_expected_value_mismatch,0,0.000,1653,l9_expected_value_mismatch
L9-075,9,0,,meta-llama/llama-3.3-70b-instruct;meta-llama/llama-4-maverick;meta-llama/llama-4-scout;meta-llama/llama-3.1-8b-instruct,0.000,15291,0,0.000,1752,l9_expected_value_mismatch,0,0.000,2623,l9_expected_value_mismatch,0,0.000,6588,l9_expected_value_mismatch,0,0.000,50200,l9_expected_value_mismatch
L9-077,9,0,,meta-llama/llama-3.3-70b-instruct;meta-llama/llama-4-maverick;meta-llama/llama-4-scout;meta-llama/llama-3.1-8b-instruct,0.000,2487,0,0.000,1321,l9_expected_value_mismatch,0,0.000,3509,l9_expected_value_mismatch,0,0.000,2426,l9_expected_value_mismatch,0,0.000,2693,l9_expected_value_mismatch
L9-078,9,0,,meta-llama/llama-3.3-70b-instruct;meta-llama/llama-4-maverick;meta-llama/llama-4-scout;meta-llama/llama-3.1-8b-instruct,0.000,3458,0,0.000,1592,l9_expected_value_mismatch,0,0.000,1824,mismatch_fieldname,0,0.000,5681,l9_expected_value_mismatch,0,0.000,4735,l9_expected_value_mismatch
L9-079,9,0,,meta-llama/llama-3.3-70b-instruct;meta-llama/llama-4-maverick;meta-llama/llama-4-scout;meta-llama/llama-3.1-8b-instruct,0.000,2041,0,0.000,3484,l9_expected_value_mismatch,0,0.000,2379,l9_expected_value_mismatch,0,0.000,1018,l9_expected_value_mismatch,0,0.000,1282,l9_expected_value_mismatch
L9-080,9,0,,meta-llama/llama-3.3-70b-instruct;meta-llama/llama-4-maverick;meta-llama/llama-4-scout;meta-llama/llama-3.1-8b-instruct,0.000,1906,0,0.000,857,l9_expected_value_mismatch,0,0.000,2772,l9_expected_value_mismatch,0,0.000,2625,mismatch_fieldname,0,0.000,1370,l9_expected_value_mismatch
L9-081,9,0,,meta-llama/llama-3.3-70b-instruct;meta-llama/llama-4-maverick;meta-llama/llama-4-scout;meta-llama/llama-3.1-8b-instruct,0.000,2350,0,0.000,2478,l9_expected_value_mismatch,0,0.000,2245,l9_expected_value_mismatch,0,0.000,2160,l9_expected_value_mismatch,0,0.000,2518,l9_expected_value_mismatch
L10-001,10,0,,meta-llama/llama-3.3-70b-instruct;meta-llama/llama-4-maverick;meta-llama/llama-4-scout;meta-llama/llama-3.1-8b-instruct,0.000,5140,0,0.000,12908,l10_expected_value_out_of_range,0,0.000,1583,l10_expected_value_out_of_range,0,0.000,3075,l10_expected_value_out_of_range,0,0.000,2994,l10_expected_value_out_of_range
L10-004,10,0,,meta-llama/llama-3.3-70b-instruct;meta-llama/llama-4-maverick;meta-llama/llama-4-scout;meta-llama/llama-3.1-8b-instruct,0.000,1866,0,0.000,3708,l10_expected_value_out_of_range,0,0.000,1707,l10_expected_value_out_of_range,0,0.000,902,l10_expected_value_out_of_range,0,0.000,1147,l10_expected_value_out_of_range
L10-006,10,0,,meta-llama/llama-3.3-70b-instruct;meta-llama/llama-4-maverick;meta-llama/llama-4-scout;meta-llama/llama-3.1-8b-instruct,0.000,2677,0,0.000,2891,l10_expected_value_out_of_range,0,0.000,4341,mismatch_fieldname,0,0.000,1664,l10_expected_value_out_of_range,0,0.000,1812,l10_expected_value_out_of_range
L10-007,10,0,,meta-llama/llama-3.3-70b-instruct;meta-llama/llama-4-maverick;meta-llama/llama-4-scout;meta-llama/llama-3.1-8b-instruct,0.000,2925,0,0.000,2210,l10_expected_value_out_of_range,0,0.000,3407,l10_expected_value_out_of_range,0,0.000,1642,l10_expected_value_out_of_range,0,0.000,4441,l10_expected_value_out_of_range
L10-009,10,0,,meta-llama/llama-3.3-70b-instruct;meta-llama/llama-4-maverick;meta-llama/llama-4-scout;meta-llama/llama-3.1-8b-instruct,0.000,3192,0,0.000,4022,l10_expected_value_out_of_range,0,0.000,2578,l10_expected_value_out_of_range,0,0.000,4542,l10_expected_value_out_of_range,0,0.000,1625,l10_expected_value_out_of_range
L10-010,10,0,,meta-llama/llama-3.3-70b-instruct;meta-llama/llama-4-maverick;meta-llama/llama-4-scout;meta-llama/llama-3.1-8b-instruct,0.000,2196,0,0.000,3289,l10_expected_value_out_of_range,0,0.000,2639,l10_expected_value_out_of_range,0,0.000,1788,mismatch_fieldname,0,0.000,1069,l10_expected_value_out_of_range
L10-011,10,0,,meta-llama/llama-3.3-70b-instruct;meta-llama/llama-4-maverick;meta-llama/llama-4-scout;meta-llama/llama-3.1-8b-instruct,0.000,2660,0,0.000,2575,l10_expected_value_out_of_range,0,0.000,1575,mismatch_fieldname,0,0.000,2010,l10_expected_value_out_of_range,0,0.000,4481,l10_expected_value_out_of_range
L10-014,10,0,,meta-llama/llama-3.3-70b-instruct;meta-llama/llama-4-maverick;meta-llama/llama-4-scout;meta-llama/llama-3.1-8b-instruct,0.100,3149,0,0.000,4529,l10_expected_value_out_of_range,0,0.000,2688,mismatch_fieldname,0,0.000,3655,l10_expected_value_out_of_range,0,0.400,1722,
L10-015,10,0,,meta-llama/llama-3.3-70b-instruct;meta-llama/llama-4-maverick;meta-llama/llama-4-scout;meta-llama/llama-3.1-8b-instruct,0.000,2844,0,0.000,2374,l10_expected_value_out_of_range,0,0.000,4130,mismatch_fieldname,0,0.000,2716,l10_expected_value_out_of_range,0,0.000,2155,l10_expected_value_out_of_range
L10-017,10,0,,meta-llama/llama-3.3-70b-instruct;meta-llama/llama-4-maverick;meta-llama/llama-4-scout;meta-llama/llama-3.1-8b-instruct,0.000,4512,0,0.000,8054,mismatch_fieldname,0,0.000,6766,mismatch_fieldname,0,0.000,1563,l10_expected_value_out_of_range,0,0.000,1663,l10_expected_value_out_of_range
L10-018,10,0,,meta-llama/llama-3.3-70b-instruct;meta-llama/llama-4-maverick;meta-llama/llama-4-scout;meta-llama/llama-3.1-8b-instruct,0.200,2103,0,0.400,2237,,0,0.000,2685,l10_expected_value_out_of_range,0,0.000,1447,l10_expected_value_out_of_range,0,0.400,2041,
L10-023,10,0,,meta-llama/llama-3.3-70b-instruct;meta-llama/llama-4-maverick;meta-llama/llama-4-scout;meta-llama/llama-3.1-8b-instruct,0.000,2506,0,0.000,1503,l10_expected_value_out_of_range,0,0.000,2050,l10_expected_value_out_of_range,0,0.000,3870,l10_expected_value_out_of_range,0,0.000,2600,l10_expected_value_out_of_range
L10-030,10,0,,meta-llama/llama-3.3-70b-instruct;meta-llama/llama-4-maverick;meta-llama/llama-4-scout;meta-llama/llama-3.1-8b-instruct,0.000,2445,0,0.000,4799,l10_expected_value_out_of_range,0,0.000,1220,l10_expected_value_out_of_range,0,0.000,1329,l10_expected_value_out_of_range,0,0.000,2431,l10_expected_value_out_of_range
L10-031,10,0,,meta-llama/llama-3.3-70b-instruct;meta-llama/llama-4-maverick;meta-llama/llama-4-scout;meta-llama/llama-3.1-8b-instruct,0.100,3308,0,0.400,7568,,0,0.000,3896,mismatch_fieldname,0,0.000,846,l10_expected_value_out_of_range,0,0.000,921,l10_expected_value_out_of_range
L10-033,10,0,,meta-llama/llama-3.3-70b-instruct;meta-llama/llama-4-maverick;meta-llama/llama-4-scout;meta-llama/llama-3.1-8b-instruct,0.000,3763,0,0.000,2351,l10_expected_value_out_of_range,0,0.000,4380,l10_expected_value_out_of_range,0,0.000,5211,l10_expected_value_out_of_range,0,0.000,3110,l10_expected_value_out_of_range
L10-034,10,0,,meta-llama/llama-3.3-70b-instruct;meta-llama/llama-4-maverick;meta-llama/llama-4-scout;meta-llama/llama-3.1-8b-instruct,0.000,6257,0,0.000,5644,l10_expected_value_out_of_range,0,0.000,7079,l10_expected_value_out_of_range,0,0.000,8956,l10_expected_value_out_of_range,0,0.000,3347,l10_expected_value_out_of_range
L10-035,10,0,,meta-llama/llama-3.3-70b-instruct;meta-llama/llama-4-maverick;meta-llama/llama-4-scout;meta-llama/llama-3.1-8b-instruct,0.000,2263,0,0.000,2388,l10_expected_value_out_of_range,0,0.000,2331,l10_expected_value_out_of_range,0,0.000,2659,l10_expected_value_out_of_range,0,0.000,1673,l10_expected_value_out_of_range
L10-038,10,0,,meta-llama/llama-3.3-70b-instruct;meta-llama/llama-4-maverick;meta-llama/llama-4-scout;meta-llama/llama-3.1-8b-instruct,0.000,2640,0,0.000,3056,l10_expected_value_out_of_range,0,0.000,2998,l10_expected_value_out_of_range,0,0.000,1688,l10_expected_value_out_of_range,0,0.000,2817,l10_expected_value_out_of_range
L10-039,10,0,,meta-llama/llama-3.3-70b-instruct;meta-llama/llama-4-maverick;meta-llama/llama-4-scout;meta-llama/llama-3.1-8b-instruct,0.100,2852,0,0.000,2610,l10_expected_value_out_of_range,0,0.000,3825,mismatch_fieldname,0,0.400,3511,,0,0.000,1463,l10_expected_value_out_of_range
L10-041,10,0,,meta-llama/llama-3.3-70b-instruct;meta-llama/llama-4-maverick;meta-llama/llama-4-scout;meta-llama/llama-3.1-8b-instruct,0.000,2696,0,0.000,3523,l10_expected_value_out_of_range,0,0.000,2481,l10_expected_value_out_of_range,0,0.000,3510,l10_expected_value_out_of_range,0,0.000,1269,l10_expected_value_out_of_range
L10-042,10,0,,meta-llama/llama-3.3-70b-instruct;meta-llama/llama-4-maverick;meta-llama/llama-4-scout;meta-llama/llama-3.1-8b-instruct,0.000,2604,0,0.000,1566,l10_expected_value_out_of_range,0,0.000,4959,l10_expected_value_out_of_range,0,0.000,2196,l10_expected_value_out_of_range,0,0.000,1696,l10_expected_value_out_of_range
L10-043,10,0,,meta-llama/llama-3.3-70b-instruct;meta-llama/llama-4-maverick;meta-llama/llama-4-scout;meta-llama/llama-3.1-8b-instruct,0.000,4871,0,0.000,6819,mismatch_fieldname,0,0.000,3543,mismatch_fieldname,0,0.000,7927,l10_expected_value_out_of_range,0,0.000,1196,l10_expected_value_out_of_range
L10-044,10,0,,meta-llama/llama-3.3-70b-instruct;meta-llama/llama-4-maverick;meta-llama/llama-4-scout;meta-llama/llama-3.1-8b-instruct,0.000,3780,0,0.000,6532,mismatch_fieldname,0,0.000,2440,mismatch_fieldname,0,0.000,3559,mismatch_fieldname,0,0.000,2590,l10_expected_value_out_of_range
L10-050,10,0,,meta-llama/llama-3.3-70b-instruct;meta-llama/llama-4-maverick;meta-llama/llama-4-scout;meta-llama/llama-3.1-8b-instruct,0.000,3192,0,0.000,1657,l10_expected_value_out_of_range,0,0.000,2145,mismatch_fieldname,0,0.000,7902,l10_expected_value_out_of_range,0,0.000,1064,l10_expected_value_out_of_range
L10-051,10,0,,meta-llama/llama-3.3-70b-instruct;meta-llama/llama-4-maverick;meta-llama/llama-4-scout;meta-llama/llama-3.1-8b-instruct,0.000,2052,0,0.000,1517,l10_expected_value_out_of_range,0,0.000,2390,l10_expected_value_out_of_range,0,0.000,3042,l10_expected_value_out_of_range,0,0.000,1260,l10_expected_value_out_of_range
L10-052,10,0,,meta-llama/llama-3.3-70b-instruct;meta-llama/llama-4-maverick;meta-llama/llama-4-scout;meta-llama/llama-3.1-8b-instruct,0.000,1819,0,0.000,2720,l10_expected_value_out_of_range,0,0.000,2333,mismatch_fieldname,0,0.000,1200,l10_expected_value_out_of_range,0,0.000,1021,l10_expected_value_out_of_range
L10-053,10,0,,meta-llama/llama-3.3-70b-instruct;meta-llama/llama-4-maverick;meta-llama/llama-4-scout;meta-llama/llama-3.1-8b-instruct,0.000,2533,0,0.000,2414,l10_expected_value_out_of_range,0,0.000,3351,l10_expected_value_out_of_range,0,0.000,1938,l10_expected_value_out_of_range,0,0.000,2428,l10_expected_value_out_of_range
L10-054,10,0,,meta-llama/llama-3.3-70b-instruct;meta-llama/llama-4-maverick;meta-llama/llama-4-scout;meta-llama/llama-3.1-8b-instruct,0.100,1708,0,0.000,1771,l10_expected_value_out_of_range,0,0.400,2742,,0,0.000,1510,l10_expected_value_out_of_range,0,0.000,807,l10_expected_value_out_of_range
L10-055,10,0,,meta-llama/llama-3.3-70b-instruct;meta-llama/llama-4-maverick;meta-llama/llama-4-scout;meta-llama/llama-3.1-8b-instruct,0.000,14016,0,0.000,3902,l10_expected_value_out_of_range,0,0.000,5139,l10_expected_value_out_of_range,0,0.000,6004,l10_expected_value_out_of_range,0,0.000,41019,l10_expected_value_out_of_range
L10-056,10,0,,meta-llama/llama-3.3-70b-instruct;meta-llama/llama-4-maverick;meta-llama/llama-4-scout;meta-llama/llama-3.1-8b-instruct,0.000,2307,0,0.000,5074,l10_expected_value_out_of_range,0,0.000,1459,l10_expected_value_out_of_range,0,0.000,954,l10_expected_value_out_of_range,0,0.000,1740,l10_expected_value_out_of_range
L10-057,10,0,,meta-llama/llama-3.3-70b-instruct;meta-llama/llama-4-maverick;meta-llama/llama-4-scout;meta-llama/llama-3.1-8b-instruct,0.100,2729,0,0.400,4525,,0,0.000,4360,l10_expected_value_out_of_range,0,0.000,746,l10_expected_value_out_of_range,0,0.000,1285,l10_expected_value_out_of_range
L10-058,10,0,,meta-llama/llama-3.3-70b-instruct;meta-llama/llama-4-maverick;meta-llama/llama-4-scout;meta-llama/llama-3.1-8b-instruct,0.100,2158,0,0.000,3283,l10_expected_value_out_of_range,0,0.400,1390,,0,0.000,2529,l10_expected_value_out_of_range,0,0.000,1429,l10_expected_value_out_of_range
L10-060,10,0,,meta-llama/llama-3.3-70b-instruct;meta-llama/llama-4-maverick;meta-llama/llama-4-scout;meta-llama/llama-3.1-8b-instruct,0.000,1833,0,0.000,1663,l10_expected_value_out_of_range,0,0.000,2672,mismatch_fieldname,0,0.000,1592,l10_expected_value_out_of_range,0,0.000,1406,l10_expected_value_out_of_range
L10-061,10,0,,meta-llama/llama-3.3-70b-instruct;meta-llama/llama-4-maverick;meta-llama/llama-4-scout;meta-llama/llama-3.1-8b-instruct,0.000,8899,0,0.000,2234,l10_expected_value_out_of_range,0,0.000,1658,mismatch_fieldname,0,0.000,1761,l10_expected_value_out_of_range,0,0.000,29942,l10_expected_value_out_of_range
L10-062,10,0,,meta-llama/llama-3.3-70b-instruct;meta-llama/llama-4-maverick;meta-llama/llama-4-scout;meta-llama/llama-3.1-8b-instruct,0.000,2425,0,0.000,3971,l10_expected_value_out_of_range,0,0.000,1927,mismatch_fieldname,0,0.000,1080,l10_expected_value_out_of_range,0,0.000,2720,l10_expected_value_out_of_range
L10-064,10,0,,meta-llama/llama-3.3-70b-instruct;meta-llama/llama-4-maverick;meta-llama/llama-4-scout;meta-llama/llama-3.1-8b-instruct,0.000,4675,0,0.000,2897,l10_expected_value_out_of_range,0,0.000,7410,l10_expected_value_out_of_range,0,0.000,6395,l10_expected_value_out_of_range,0,0.000,1998,mismatch_fieldname
L10-065,10,0,,meta-llama/llama-3.3-70b-instruct;meta-llama/llama-4-maverick;meta-llama/llama-4-scout;meta-llama/llama-3.1-8b-instruct,0.000,1915,0,0.000,2973,l10_expected_value_out_of_range,0,0.000,2392,l10_expected_value_out_of_range,0,0.000,1043,l10_expected_value_out_of_range,0,0.000,1252,l10_expected_value_out_of_range
L10-066,10,0,,meta-llama/llama-3.3-70b-instruct;meta-llama/llama-4-maverick;meta-llama/llama-4-scout;meta-llama/llama-3.1-8b-instruct,0.000,1751,0,0.000,2203,l10_expected_value_out_of_range,0,0.000,2532,l10_expected_value_out_of_range,0,0.000,1424,l10_expected_value_out_of_range,0,0.000,844,l10_expected_value_out_of_range
L10-067,10,0,,meta-llama/llama-3.3-70b-instruct;meta-llama/llama-4-maverick;meta-llama/llama-4-scout;meta-llama/llama-3.1-8b-instruct,0.000,1747,0,0.000,2251,l10_expected_value_out_of_range,0,0.000,1898,l10_expected_value_out_of_range,0,0.000,917,l10_expected_value_out_of_range,0,0.000,1921,l10_expected_value_out_of_range
AGI-001,11,0,,meta-llama/llama-3.3-70b-instruct;meta-llama/llama-4-maverick;meta-llama/llama-4-scout;meta-llama/llama-3.1-8b-instruct,0.045,5248,0,0.052,3477,agi_validation_failed:intent|agi_validation_failed:chosen_strategy|agi_validation_failed:execution_sequence|agi_validation_failed:shorts.MATIC.units|agi_validation_failed:shorts.SOL.units|agi_validation_failed:expected_risk_reduction_pct|agi_validation_failed:worst_case_residual_pnl_usd,0,0.000,2052,agi_validation_failed:intent|missing_field|missing_field|missing_field|missing_field|missing_field|missing_field|missing_field|missing_field,0,0.052,4542,agi_validation_failed:intent|agi_validation_failed:chosen_strategy|agi_validation_failed:execution_sequence|agi_validation_failed:shorts.MATIC.units|agi_validation_failed:shorts.SOL.units|agi_validation_failed:expected_risk_reduction_pct|agi_validation_failed:worst_case_residual_pnl_usd,0,0.078,10922,agi_validation_failed:intent|agi_validation_failed:chosen_strategy|agi_validation_failed:execution_sequence|agi_validation_failed:shorts.MATIC.units|agi_validation_failed:shorts.SOL.units|agi_validation_failed:worst_case_residual_pnl_usd
AGI-002,11,0,,meta-llama/llama-3.3-70b-instruct;meta-llama/llama-4-maverick;meta-llama/llama-4-scout;meta-llama/llama-3.1-8b-instruct,0.059,5043,0,0.088,6018,agi_validation_failed:intent|agi_validation_failed:chosen_strategy|agi_validation_failed:execution_sequence|agi_validation_failed:expected_avg_price|agi_validation_failed:expected_slippage_pct,0,0.147,5265,agi_validation_failed:intent|agi_validation_failed:chosen_strategy|agi_validation_failed:execution_sequence,0,0.000,4361,agi_validation_failed:intent|agi_validation_failed:chosen_strategy|agi_validation_failed:execution_sequence|agi_validation_failed:venue_fills.Dark_RFQ_B|agi_validation_failed:venue_fills.CEX_Y|agi_validation_failed:venue_fills.RFQ_A|agi_validation_failed:expected_avg_price|agi_validation_failed:expected_slippage_pct,0,0.000,4527,agi_validation_failed:intent|agi_validation_failed:chosen_strategy|agi_validation_failed:execution_sequence|missing_field|missing_field|missing_field|agi_validation_failed:expected_avg_price|agi_validation_failed:expected_slippage_pct
AGI-003,11,0,,meta-llama/llama-3.3-70b-instruct;meta-llama/llama-4-maverick;meta-llama/llama-4-scout;meta-llama/llama-3.1-8b-instruct,0.214,2775,0,0.286,3089,agi_validation_failed:intent|agi_validation_failed:chosen_strategy|agi_validation_failed:worst_case_margin_drawdown_pct|agi_validation_failed:funding_window_pnl_usd|agi_validation_failed:self_check,0,0.286,3645,agi_validation_failed:intent|agi_validation_failed:chosen_strategy|agi_validation_failed:worst_case_margin_drawdown_pct|agi_validation_failed:funding_window_pnl_usd|agi_validation_failed:self_check,0,0.000,2915,agi_validation_failed:intent|agi_validation_failed:chosen_strategy|agi_validation_failed:hedge_eth|agi_validation_failed:net_exposure_eth|agi_validation_failed:worst_case_margin_drawdown_pct|agi_validation_failed:funding_window_pnl_usd|agi_validation_failed:self_check,0,0.286,1450,agi_validation_failed:intent|agi_validation_failed:chosen_strategy|agi_validation_failed:worst_case_margin_drawdown_pct|agi_validation_failed:funding_window_pnl_usd|agi_validation_failed:self_check
AGI-004,11,0,,meta-llama/llama-3.3-70b-instruct;meta-llama/llama-4-maverick;meta-llama/llama-4-scout;meta-llama/llama-3.1-8b-instruct,0.731,4523,0,0.731,3300,agi_validation_failed:intent|agi_validation_failed:allocation_usd.Aave_USDC|agi_validation_failed:allocation_usd.Ethena_USDe|agi_validation_failed:allocation_usd.GMX_GLP|agi_validation_failed:expected_net_apy_pct|agi_validation_failed:expected_90d_profit_usd|agi_validation_failed:liquidity_48h_usd,0,0.731,5932,agi_validation_failed:intent|agi_validation_failed:allocation_usd.Aave_USDC|agi_validation_failed:allocation_usd.Ethena_USDe|agi_validation_failed:allocation_usd.GMX_GLP|agi_validation_failed:expected_net_apy_pct|agi_validation_failed:expected_90d_profit_usd|agi_validation_failed:liquidity_48h_usd,0,0.731,3378,agi_validation_failed:intent|agi_validation_failed:allocation_usd.Aave_USDC|agi_validation_failed:allocation_usd.Ethena_USDe|agi_validation_failed:allocation_usd.GMX_GLP|agi_validation_failed:expected_net_apy_pct|agi_validation_failed:expected_90d_profit_usd|agi_validation_failed:liquidity_48h_usd,0,0.731,5480,agi_validation_failed:intent|agi_validation_failed:allocation_usd.Curve_3pool|agi_validation_failed:allocation_usd.Aave_USDC|agi_validation_failed:allocation_usd.Ethena_USDe|agi_validation_failed:allocation_usd.GMX_GLP|agi_validation_failed:expected_net_apy_pct|agi_validation_failed:expected_90d_profit_usd
AGI-005,11,0,,meta-llama/llama-3.3-70b-instruct;meta-llama/llama-4-maverick;meta-llama/llama-4-scout;meta-llama/llama-3.1-8b-instruct,0.344,4302,0,0.500,5704,agi_validation_failed:intent|agi_validation_failed:chosen_strategy|agi_validation_failed:expected_loss_usd|agi_validation_failed:self_check,0,0.375,5581,agi_validation_failed:intent|agi_validation_failed:chosen_strategy|agi_validation_failed:expected_loss_usd|agi_validation_failed:expected_arrival_minutes|agi_validation_failed:self_check,0,0.375,3261,agi_validation_failed:intent|agi_validation_failed:chosen_strategy|agi_validation_failed:observable_largest_clip_usd|agi_validation_failed:expected_loss_usd|agi_validation_failed:self_check,0,0.125,2663,agi_validation_failed:intent|agi_validation_failed:chosen_strategy|agi_validation_failed:route_allocation_usd.Delta|agi_validation_failed:observable_largest_clip_usd|agi_validation_failed:expected_loss_usd|agi_validation_failed:expected_arrival_minutes|agi_validation_failed:self_check
AGI-006,11,0,,meta-llama/llama-3.3-70b-instruct;meta-llama/llama-4-maverick;meta-llama/llama-4-scout;meta-llama/llama-3.1-8b-instruct,0.618,3844,0,0.824,5189,agi_validation_failed:intent|agi_validation_failed:price_band|agi_validation_failed:expected_avg_price,0,0.765,3323,agi_validation_failed:intent|agi_validation_failed:price_band|agi_validation_failed:child_order_btc|agi_validation_failed:expected_avg_price,0,0.824,3464,agi_validation_failed:intent|agi_validation_failed:price_band|agi_validation_failed:expected_avg_price,0,0.059,3399,agi_validation_failed:intent|agi_validation_failed:chosen_strategy|agi_validation_failed:price_band|agi_validation_failed:child_order_btc|agi_validation_failed:expected_avg_price
AGI-007,11,0,,meta-llama/llama-3.3-70b-instruct;meta-llama/llama-4-maverick;meta-llama/llama-4-scout;meta-llama/llama-3.1-8b-instruct,0.391,4328,0,0.313,8526,agi_validation_failed:intent|agi_validation_failed:position|agi_validation_failed:chosen_strategy|agi_validation_failed:expected_12d_price_change_pct,0,0.313,3077,agi_validation_failed:intent|agi_validation_failed:position|agi_validation_failed:chosen_strategy|agi_validation_failed:expected_12d_price_change_pct,0,0.625,3198,agi_validation_failed:intent|agi_validation_failed:chosen_strategy|agi_validation_failed:expected_12d_price_change_pct,0,0.313,2510,agi_validation_failed:intent|agi_validation_failed:position|agi_validation_failed:chosen_strategy|agi_validation_failed:expected_12d_price_change_pct
AGI-008,11,0,,meta-llama/llama-3.3-70b-instruct;meta-llama/llama-4-maverick;meta-llama/llama-4-scout;meta-llama/llama-3.1-8b-instruct,0.167,6626,0,0.222,4725,agi_validation_failed:intent|agi_validation_failed:actions|agi_validation_failed:priority_order|agi_validation_failed:latest_direct_neutralization_min|agi_validation_failed:margin_notional_reduced_usd|agi_validation_failed:expected_execution_cost_usd|agi_validation_failed:self_check,0,0.222,6750,agi_validation_failed:intent|agi_validation_failed:actions|agi_validation_failed:priority_order|agi_validation_failed:latest_direct_neutralization_min|agi_validation_failed:margin_notional_reduced_usd|agi_validation_failed:expected_execution_cost_usd|agi_validation_failed:self_check,0,0.222,4431,agi_validation_failed:intent|agi_validation_failed:actions|agi_validation_failed:priority_order|agi_validation_failed:latest_direct_neutralization_min|agi_validation_failed:margin_notional_reduced_usd|agi_validation_failed:expected_execution_cost_usd|agi_validation_failed:self_check,0,0.000,10598,agi_validation_failed:intent|agi_validation_failed:chosen_strategy|agi_validation_failed:actions|agi_validation_failed:priority_order|agi_validation_failed:direct_usdt_neutralized_usd|agi_validation_failed:latest_direct_neutralization_min|agi_validation_failed:margin_notional_reduced_usd|agi_validation_failed:expected_execution_cost_usd|agi_validation_failed:self_check
AGI-009,11,0,,meta-llama/llama-3.3-70b-instruct;meta-llama/llama-4-maverick;meta-llama/llama-4-scout;meta-llama/llama-3.1-8b-instruct,0.000,2293,0,0.000,3211,agi_validation_failed:intent|agi_validation_failed:chosen_strategy|agi_validation_failed:chosen_path|agi_validation_failed:expected_wld|agi_validation_failed:completion_minutes,0,0.000,2368,agi_validation_failed:intent|agi_validation_failed:chosen_strategy|agi_validation_failed:chosen_path|agi_validation_failed:expected_wld|agi_validation_failed:completion_minutes,0,0.000,2354,agi_validation_failed:intent|agi_validation_failed:chosen_strategy|agi_validation_failed:chosen_path|agi_validation_failed:expected_wld|agi_validation_failed:completion_minutes,0,0.000,1237,agi_validation_failed:intent|agi_validation_failed:chosen_strategy|agi_validation_failed:chosen_path|agi_validation_failed:expected_wld|agi_validation_failed:completion_minutes
AGI-010,11,0,,meta-llama/llama-3.3-70b-instruct;meta-llama/llama-4-maverick;meta-llama/llama-4-scout;meta-llama/llama-3.1-8b-instruct,0.341,4396,0,0.455,5908,agi_validation_failed:intent|agi_validation_failed:spread_bps|agi_validation_failed:update_ms|agi_validation_failed:toxic_defense|agi_validation_failed:expected_daily_pnl_usd,0,0.455,3010,agi_validation_failed:intent|agi_validation_failed:spread_bps|agi_validation_failed:update_ms|agi_validation_failed:toxic_defense|agi_validation_failed:expected_daily_pnl_usd,0,0.030,2422,agi_validation_failed:intent|agi_validation_failed:chosen_strategy|agi_validation_failed:spread_bps|agi_validation_failed:update_ms|agi_validation_failed:toxic_defense|agi_validation_failed:expected_daily_pnl_usd,0,0.424,6245,agi_validation_failed:intent|agi_validation_failed:spread_bps|agi_validation_failed:update_ms|agi_validation_failed:max_inventory_usd|agi_validation_failed:toxic_defense|agi_validation_failed:expected_daily_pnl_usd
AGI-011,11,0,,meta-llama/llama-3.3-70b-instruct;meta-llama/llama-4-maverick;meta-llama/llama-4-scout;meta-llama/llama-3.1-8b-instruct,0.242,3005,0,0.313,3235,agi_validation_failed:chosen_strategy|agi_validation_failed:withdrawal_sequence|agi_validation_failed:ev_withdraw|agi_validation_failed:ev_stay,0,0.344,2151,agi_validation_failed:chosen_strategy|agi_validation_failed:withdrawal_sequence|agi_validation_failed:ev_stay,0,0.313,3909,agi_validation_failed:chosen_strategy|agi_validation_failed:withdrawal_sequence|agi_validation_failed:ev_withdraw|agi_validation_failed:ev_stay,0,0.000,2724,agi_validation_failed:decision|agi_validation_failed:chosen_strategy|agi_validation_failed:withdrawal_sequence|agi_validation_failed:ev_withdraw|agi_validation_failed:ev_stay
AGI-012,11,0,,meta-llama/llama-3.3-70b-instruct;meta-llama/llama-4-maverick;meta-llama/llama-4-scout;meta-llama/llama-3.1-8b-instruct,0.000,5226,0,0.000,7621,agi_validation_failed:intent|agi_validation_failed:chosen_strategy|agi_validation_failed:hedge_legs.SOL_short.notional_usd|agi_validation_failed:hedge_legs.BTC_put_spread.notional_usd|agi_validation_failed:expected_vol_reduction_pct|agi_validation_failed:residual_1d_var_usd,0,0.000,4726,agi_validation_failed:intent|agi_validation_failed:chosen_strategy|agi_validation_failed:hedge_legs.SOL_short.notional_usd|agi_validation_failed:hedge_legs.BTC_put_spread.notional_usd|agi_validation_failed:expected_vol_reduction_pct|agi_validation_failed:residual_1d_var_usd,0,0.000,4960,agi_validation_failed:intent|agi_validation_failed:chosen_strategy|agi_validation_failed:hedge_legs.SOL_short.notional_usd|agi_validation_failed:hedge_legs.BTC_put_spread.notional_usd|agi_validation_failed:expected_vol_reduction_pct|agi_validation_failed:residual_1d_var_usd,0,0.000,3596,agi_validation_failed:intent|agi_validation_failed:chosen_strategy|agi_validation_failed:hedge_legs.SOL_short.notional_usd|agi_validation_failed:hedge_legs.BTC_put_spread.notional_usd|agi_validation_failed:expected_vol_reduction_pct|agi_validation_failed:residual_1d_var_usd
AGI-013,11,0,,meta-llama/llama-3.3-70b-instruct;meta-llama/llama-4-maverick;meta-llama/llama-4-scout;meta-llama/llama-3.1-8b-instruct,0.331,5325,0,0.604,8083,agi_validation_failed:intent|agi_validation_failed:chosen_strategy|agi_validation_failed:replacement_assets.SOL|agi_validation_failed:net_tax_benefit|agi_validation_failed:remaining_unoffset_gains,0,0.360,5064,agi_validation_failed:intent|agi_validation_failed:chosen_strategy|agi_validation_failed:sale_sequence|agi_validation_failed:replacement_assets.SOL|agi_validation_failed:net_tax_benefit|agi_validation_failed:remaining_unoffset_gains,0,0.360,3465,agi_validation_failed:intent|agi_validation_failed:chosen_strategy|agi_validation_failed:sale_sequence|agi_validation_failed:replacement_assets.SOL|agi_validation_failed:net_tax_benefit|agi_validation_failed:remaining_unoffset_gains,0,0.000,4687,agi_validation_failed:intent|agi_validation_failed:chosen_strategy|agi_validation_failed:assets_to_sell|agi_validation_failed:sale_sequence|agi_validation_failed:replacement_assets.SOL|agi_validation_failed:replacement_assets.LINK|agi_validation_failed:replacement_assets.MATIC|agi_validation_failed:net_tax_benefit|agi_validation_failed:remaining_unoffset_gains
AGI-014,11,0,,meta-llama/llama-3.3-70b-instruct;meta-llama/llama-4-maverick;meta-llama/llama-4-scout;meta-llama/llama-3.1-8b-instruct,0.509,4141,0,0.509,3472,agi_validation_failed:intent|agi_validation_failed:chosen_strategy|agi_validation_failed:leverage|agi_validation_failed:apr_pct|agi_validation_failed:pnl_30d_usd,0,0.509,5394,agi_validation_failed:intent|agi_validation_failed:chosen_strategy|agi_validation_failed:leverage|agi_validation_failed:apr_pct|agi_validation_failed:pnl_30d_usd,0,0.509,4496,agi_validation_failed:intent|agi_validation_failed:chosen_strategy|agi_validation_failed:leverage|agi_validation_failed:apr_pct|agi_validation_failed:pnl_30d_usd,0,0.509,3202,agi_validation_failed:intent|agi_validation_failed:chosen_strategy|agi_validation_failed:leverage|agi_validation_failed:apr_pct|agi_validation_failed:pnl_30d_usd
AGI-015,11,0,,meta-llama/llama-3.3-70b-instruct;meta-llama/llama-4-maverick;meta-llama/llama-4-scout;meta-llama/llama-3.1-8b-instruct,0.673,4177,0,0.192,4352,agi_validation_failed:intent|agi_validation_failed:chosen_strategy|agi_validation_failed:venue_allocation_usd.Binance|agi_validation_failed:expected_eth_received,0,0.923,4959,agi_validation_failed:intent|agi_validation_failed:effective_price,0,0.885,3130,agi_validation_failed:intent|agi_validation_failed:venue_allocation_usd.Binance|agi_validation_failed:effective_price,0,0.692,4266,agi_validation_failed:intent|agi_validation_failed:venue_allocation_usd.Velodrome_Optimism|agi_validation_failed:venue_allocation_usd.Uniswap_Arbitrum|agi_validation_failed:venue_allocation_usd.Kraken|agi_validation_failed:venue_allocation_usd.Curve_ETH|agi_validation_failed:venue_allocation_usd.Binance|agi_validation_failed:expected_eth_received|agi_validation_failed:effective_price
AGI-021,11,0,,meta-llama/llama-3.3-70b-instruct;meta-llama/llama-4-maverick;meta-llama/llama-4-scout;meta-llama/llama-3.1-8b-instruct,0.225,2702,0,0.200,2950,agi_validation_failed:intent|agi_validation_failed:chosen_strategy|agi_validation_failed:execution_sequence|agi_validation_failed:risk_reduction_pct|agi_validation_failed:worst_case_residual_pnl_usd,0,0.300,3764,agi_validation_failed:intent|agi_validation_failed:chosen_strategy|agi_validation_failed:execution_sequence|agi_validation_failed:worst_case_residual_pnl_usd,0,0.200,3094,agi_validation_failed:intent|agi_validation_failed:chosen_strategy|agi_validation_failed:execution_sequence|agi_validation_failed:risk_reduction_pct|agi_validation_failed:worst_case_residual_pnl_usd,0,0.200,1001,agi_validation_failed:intent|agi_validation_failed:chosen_strategy|agi_validation_failed:execution_sequence|agi_validation_failed:risk_reduction_pct|agi_validation_failed:worst_case_residual_pnl_usd
AGI-022,11,0,,meta-llama/llama-3.3-70b-instruct;meta-llama/llama-4-maverick;meta-llama/llama-4-scout;meta-llama/llama-3.1-8b-instruct,0.250,5231,0,0.200,7756,agi_validation_failed:intent|agi_validation_failed:chosen_strategy|agi_validation_failed:execution_sequence|agi_validation_failed:risk_reduction_pct|agi_validation_failed:worst_case_residual_pnl_usd,0,0.300,3810,agi_validation_failed:intent|agi_validation_failed:chosen_strategy|agi_validation_failed:execution_sequence|agi_validation_failed:worst_case_residual_pnl_usd,0,0.200,4629,agi_validation_failed:intent|agi_validation_failed:chosen_strategy|agi_validation_failed:execution_sequence|agi_validation_failed:risk_reduction_pct|agi_validation_failed:worst_case_residual_pnl_usd,0,0.300,4730,agi_validation_failed:intent|agi_validation_failed:chosen_strategy|agi_validation_failed:execution_sequence|agi_validation_failed:worst_case_residual_pnl_usd
AGI-023,11,0,,meta-llama/llama-3.3-70b-instruct;meta-llama/llama-4-maverick;meta-llama/llama-4-scout;meta-llama/llama-3.1-8b-instruct,0.200,3776,0,0.200,904,agi_validation_failed:intent|agi_validation_failed:chosen_strategy|agi_validation_failed:execution_sequence|agi_validation_failed:risk_reduction_pct|agi_validation_failed:worst_case_residual_pnl_usd,0,0.200,4639,agi_validation_failed:intent|agi_validation_failed:chosen_strategy|agi_validation_failed:execution_sequence|agi_validation_failed:risk_reduction_pct|agi_validation_failed:worst_case_residual_pnl_usd,0,0.200,3981,agi_validation_failed:intent|agi_validation_failed:chosen_strategy|agi_validation_failed:execution_sequence|agi_validation_failed:risk_reduction_pct|agi_validation_failed:worst_case_residual_pnl_usd,0,0.200,5578,agi_validation_failed:intent|agi_validation_failed:chosen_strategy|agi_validation_failed:execution_sequence|agi_validation_failed:risk_reduction_pct|agi_validation_failed:worst_case_residual_pnl_usd
AGI-024,11,0,,meta-llama/llama-3.3-70b-instruct;meta-llama/llama-4-maverick;meta-llama/llama-4-scout;meta-llama/llama-3.1-8b-instruct,0.409,5615,0,0.636,7885,agi_validation_failed:intent|agi_validation_failed:chosen_strategy|agi_validation_failed:execution_sequence|agi_validation_failed:self_check,0,0.636,1800,agi_validation_failed:intent|agi_validation_failed:chosen_strategy|agi_validation_failed:execution_sequence|agi_validation_failed:self_check,0,0.091,2176,agi_validation_failed:intent|agi_validation_failed:chosen_strategy|missing_field|missing_field|missing_field|missing_field|missing_field|agi_validation_failed:expected_avg_price|missing_field|agi_validation_failed:self_check,0,0.273,10598,agi_validation_failed:intent|agi_validation_failed:chosen_strategy|agi_validation_failed:execution_sequence|agi_validation_failed:venue_fills.Dark_RFQ|agi_validation_failed:venue_fills.Internalizer|agi_validation_failed:venue_fills.RFQ_A|agi_validation_failed:venue_fills.hidden_public|agi_validation_failed:self_check
AGI-025,11,0,,meta-llama/llama-3.3-70b-instruct;meta-llama/llama-4-maverick;meta-llama/llama-4-scout;meta-llama/llama-3.1-8b-instruct,0.432,5679,0,0.636,8465,agi_validation_failed:intent|agi_validation_failed:chosen_strategy|agi_validation_failed:venue_fills.RFQ_A|agi_validation_failed:self_check,0,0.636,7895,agi_validation_failed:intent|agi_validation_failed:chosen_strategy|agi_validation_failed:execution_sequence|agi_validation_failed:self_check,0,0.273,5395,agi_validation_failed:intent|agi_validation_failed:chosen_strategy|agi_validation_failed:venue_fills.CEX_Y|agi_validation_failed:venue_fills.Dark_RFQ|agi_validation_failed:venue_fills.RFQ_A|agi_validation_failed:venue_fills.hidden_public|agi_validation_failed:expected_slippage_pct|agi_validation_failed:self_check,0,0.182,961,agi_validation_failed:intent|agi_validation_failed:chosen_strategy|agi_validation_failed:execution_sequence|agi_validation_failed:venue_fills.CEX_Y|agi_validation_failed:venue_fills.Dark_RFQ|agi_validation_failed:venue_fills.RFQ_A|agi_validation_failed:venue_fills.hidden_public|agi_validation_failed:expected_slippage_pct|agi_validation_failed:self_check
AGI-026,11,0,,meta-llama/llama-3.3-70b-instruct;meta-llama/llama-4-maverick;meta-llama/llama-4-scout;meta-llama/llama-3.1-8b-instruct,0.364,5473,0,0.545,5601,agi_validation_failed:intent|agi_validation_failed:chosen_strategy|agi_validation_failed:execution_sequence|agi_validation_failed:expected_slippage_pct|agi_validation_failed:self_check,0,0.636,2566,agi_validation_failed:intent|agi_validation_failed:chosen_strategy|agi_validation_failed:execution_sequence|agi_validation_failed:self_check,0,0.182,2565,agi_validation_failed:intent|agi_validation_failed:chosen_strategy|missing_field|missing_field|missing_field|missing_field|missing_field|agi_validation_failed:expected_slippage_pct|agi_validation_failed:self_check,0,0.091,11158,agi_validation_failed:intent|agi_validation_failed:chosen_strategy|agi_validation_failed:execution_sequence|agi_validation_failed:venue_fills.Internalizer|agi_validation_failed:venue_fills.Dark_RFQ|agi_validation_failed:venue_fills.CEX_Y|agi_validation_failed:venue_fills.hidden_public|agi_validation_failed:expected_avg_price|agi_validation_failed:expected_slippage_pct|agi_validation_failed:self_check
AGI-027,11,0,,meta-llama/llama-3.3-70b-instruct;meta-llama/llama-4-maverick;meta-llama/llama-4-scout;meta-llama/llama-3.1-8b-instruct,0.143,3458,0,0.000,2951,agi_validation_failed:intent|agi_validation_failed:chosen_strategy|agi_validation_failed:hedge_units|agi_validation_failed:net_exposure_units|agi_validation_failed:worst_case_margin_drawdown_pct|agi_validation_failed:funding_window_pnl_usd|agi_validation_failed:self_check,0,0.286,3706,agi_validation_failed:intent|agi_validation_failed:chosen_strategy|agi_validation_failed:worst_case_margin_drawdown_pct|agi_validation_failed:funding_window_pnl_usd|agi_validation_failed:self_check,0,0.000,3744,agi_validation_failed:intent|agi_validation_failed:chosen_strategy|agi_validation_failed:hedge_units|agi_validation_failed:net_exposure_units|agi_validation_failed:worst_case_margin_drawdown_pct|agi_validation_failed:funding_window_pnl_usd|agi_validation_failed:self_check,0,0.286,3431,agi_validation_failed:intent|agi_validation_failed:chosen_strategy|agi_validation_failed:worst_case_margin_drawdown_pct|agi_validation_failed:funding_window_pnl_usd|agi_validation_failed:self_check
AGI-028,11,0,,meta-llama/llama-3.3-70b-instruct;meta-llama/llama-4-maverick;meta-llama/llama-4-scout;meta-llama/llama-3.1-8b-instruct,0.286,4888,0,0.286,8077,agi_validation_failed:intent|agi_validation_failed:chosen_strategy|agi_validation_failed:worst_case_margin_drawdown_pct|agi_validation_failed:funding_window_pnl_usd|agi_validation_failed:self_check,0,0.286,6611,agi_validation_failed:intent|agi_validation_failed:chosen_strategy|agi_validation_failed:worst_case_margin_drawdown_pct|agi_validation_failed:funding_window_pnl_usd|agi_validation_failed:self_check,0,0.286,2807,agi_validation_failed:intent|agi_validation_failed:chosen_strategy|agi_validation_failed:worst_case_margin_drawdown_pct|agi_validation_failed:funding_window_pnl_usd|agi_validation_failed:self_check,0,0.286,2056,agi_validation_failed:intent|agi_validation_failed:chosen_strategy|agi_validation_failed:worst_case_margin_drawdown_pct|agi_validation_failed:funding_window_pnl_usd|agi_validation_failed:self_check
AGI-029,11,0,,meta-llama/llama-3.3-70b-instruct;meta-llama/llama-4-maverick;meta-llama/llama-4-scout;meta-llama/llama-3.1-8b-instruct,0.286,4412,0,0.286,6157,agi_validation_failed:intent|agi_validation_failed:chosen_strategy|agi_validation_failed:worst_case_margin_drawdown_pct|agi_validation_failed:funding_window_pnl_usd|agi_validation_failed:self_check,0,0.286,4294,agi_validation_failed:intent|agi_validation_failed:chosen_strategy|agi_validation_failed:worst_case_margin_drawdown_pct|agi_validation_failed:funding_window_pnl_usd|agi_validation_failed:self_check,0,0.286,3504,agi_validation_failed:intent|agi_validation_failed:chosen_strategy|missing_field|agi_validation_failed:funding_window_pnl_usd|agi_validation_failed:self_check,0,0.286,3694,agi_validation_failed:intent|agi_validation_failed:chosen_strategy|agi_validation_failed:worst_case_margin_drawdown_pct|agi_validation_failed:funding_window_pnl_usd|agi_validation_failed:self_check
AGI-030,11,0,,meta-llama/llama-3.3-70b-instruct;meta-llama/llama-4-maverick;meta-llama/llama-4-scout;meta-llama/llama-3.1-8b-instruct,0.364,4593,0,0.000,5158,agi_validation_failed:intent|agi_validation_failed:chosen_strategy|missing_field|missing_field|missing_field|missing_field|missing_field|missing_field|missing_field,0,0.636,3550,agi_validation_failed:intent|agi_validation_failed:chosen_strategy,0,0.455,3799,agi_validation_failed:intent|agi_validation_failed:chosen_strategy|agi_validation_failed:expected_net_apy_pct|agi_validation_failed:expected_90d_profit_usd,0,0.364,5864,agi_validation_failed:intent|agi_validation_failed:chosen_strategy|agi_validation_failed:expected_90d_profit_usd|agi_validation_failed:allocation_usd.Curve_3pool|agi_validation_failed:allocation_usd.GMX_GLP
AGI-031,11,0,,meta-llama/llama-3.3-70b-instruct;meta-llama/llama-4-maverick;meta-llama/llama-4-scout;meta-llama/llama-3.1-8b-instruct,0.341,6515,0,0.273,5761,agi_validation_failed:intent|agi_validation_failed:chosen_strategy|agi_validation_failed:expected_net_apy_pct|agi_validation_failed:expected_90d_profit_usd|agi_validation_failed:liquidity_48h_usd|agi_validation_failed:allocation_usd.EigenLayer_AVS,0,0.545,3770,agi_validation_failed:intent|agi_validation_failed:chosen_strategy|agi_validation_failed:liquidity_48h_usd,0,0.455,5823,agi_validation_failed:intent|agi_validation_failed:chosen_strategy|agi_validation_failed:expected_90d_profit_usd|agi_validation_failed:liquidity_48h_usd,0,0.091,10704,agi_validation_failed:intent|agi_validation_failed:chosen_strategy|agi_validation_failed:expected_net_apy_pct|agi_validation_failed:expected_90d_profit_usd|agi_validation_failed:allocation_usd.Aave_USDC|agi_validation_failed:allocation_usd.Symbiotic_AVS|agi_validation_failed:allocation_usd.EigenLayer_AVS|agi_validation_failed:allocation_usd.Pendle_PT
AGI-032,11,0,,meta-llama/llama-3.3-70b-instruct;meta-llama/llama-4-maverick;meta-llama/llama-4-scout;meta-llama/llama-3.1-8b-instruct,0.250,5715,0,0.400,13332,agi_validation_failed:intent|agi_validation_failed:chosen_strategy|agi_validation_failed:allocation_usd.Ethena_USDe|agi_validation_failed:expected_net_apy_pct|agi_validation_failed:expected_90d_profit_usd|agi_validation_failed:self_check,0,0.100,2991,agi_validation_failed:intent|agi_validation_failed:chosen_strategy|agi_validation_failed:allocation_usd.Aave_USDC|agi_validation_failed:allocation_usd.GMX_GLP|agi_validation_failed:allocation_usd.Ethena_USDe|agi_validation_failed:expected_net_apy_pct|agi_validation_failed:expected_90d_profit_usd|agi_validation_failed:liquidity_48h_usd|agi_validation_failed:self_check,0,0.400,4488,agi_validation_failed:intent|agi_validation_failed:chosen_strategy|agi_validation_failed:allocation_usd.Ethena_USDe|agi_validation_failed:expected_net_apy_pct|agi_validation_failed:expected_90d_profit_usd|agi_validation_failed:self_check,0,0.100,2050,agi_validation_failed:intent|agi_validation_failed:chosen_strategy|agi_validation_failed:allocation_usd.Aave_USDC|agi_validation_failed:allocation_usd.GMX_GLP|missing_field|agi_validation_failed:expected_net_apy_pct|agi_validation_failed:expected_90d_profit_usd|agi_validation_failed:liquidity_48h_usd|agi_validation_failed:self_check
AGI-033,11,0,,meta-llama/llama-3.3-70b-instruct;meta-llama/llama-4-maverick;meta-llama/llama-4-scout;meta-llama/llama-3.1-8b-instruct,0.250,4449,0,0.125,4084,agi_validation_failed:intent|agi_validation_failed:chosen_strategy|missing_field|missing_field|agi_validation_failed:observable_largest_clip_usd|agi_validation_failed:expected_loss_usd|agi_validation_failed:self_check,0,0.375,3444,agi_validation_failed:intent|agi_validation_failed:chosen_strategy|agi_validation_failed:expected_loss_usd|agi_validation_failed:expected_arrival_minutes|agi_validation_failed:self_check,0,0.375,3495,agi_validation_failed:intent|agi_validation_failed:chosen_strategy|agi_validation_failed:observable_largest_clip_usd|agi_validation_failed:expected_loss_usd|agi_validation_failed:self_check,0,0.125,6773,agi_validation_failed:intent|agi_validation_failed:chosen_strategy|agi_validation_failed:route_allocation_usd.Alpha|agi_validation_failed:route_allocation_usd.Delta|agi_validation_failed:observable_largest_clip_usd|agi_validation_failed:expected_loss_usd|agi_validation_failed:self_check
AGI-034,11,0,,meta-llama/llama-3.3-70b-instruct;meta-llama/llama-4-maverick;meta-llama/llama-4-scout;meta-llama/llama-3.1-8b-instruct,0.281,2733,0,0.375,3991,agi_validation_failed:intent|agi_validation_failed:chosen_strategy|agi_validation_failed:expected_loss_usd|agi_validation_failed:expected_arrival_minutes|agi_validation_failed:self_check,0,0.375,2567,agi_validation_failed:intent|agi_validation_failed:chosen_strategy|agi_validation_failed:observable_largest_clip_usd|agi_validation_failed:expected_loss_usd|agi_validation_failed:self_check,0,0.250,3654,agi_validation_failed:intent|agi_validation_failed:chosen_strategy|agi_validation_failed:observable_largest_clip_usd|agi_validation_failed:expected_loss_usd|agi_validation_failed:expected_arrival_minutes|agi_validation_failed:self_check,0,0.125,720,agi_validation_failed:intent|agi_validation_failed:chosen_strategy|agi_validation_failed:route_allocation_usd.Gamma|agi_validation_failed:route_allocation_usd.Sigma|agi_validation_failed:observable_largest_clip_usd|agi_validation_failed:expected_loss_usd|agi_validation_failed:self_check
AGI-035,11,0,,meta-llama/llama-3.3-70b-instruct;meta-llama/llama-4-maverick;meta-llama/llama-4-scout;meta-llama/llama-3.1-8b-instruct,0.219,4240,0,0.125,4578,agi_validation_failed:intent|agi_validation_failed:chosen_strategy|missing_field|missing_field|agi_validation_failed:expected_loss_usd|agi_validation_failed:expected_arrival_minutes|agi_validation_failed:self_check,0,0.375,6951,agi_validation_failed:intent|agi_validation_failed:chosen_strategy|agi_validation_failed:expected_loss_usd|agi_validation_failed:expected_arrival_minutes|agi_validation_failed:self_check,0,0.250,4533,agi_validation_failed:intent|agi_validation_failed:chosen_strategy|agi_validation_failed:observable_largest_clip_usd|agi_validation_failed:expected_loss_usd|agi_validation_failed:expected_arrival_minutes|agi_validation_failed:self_check,0,0.125,897,agi_validation_failed:intent|agi_validation_failed:chosen_strategy|agi_validation_failed:route_allocation_usd.Alpha|agi_validation_failed:route_allocation_usd.Sigma|agi_validation_failed:observable_largest_clip_usd|agi_validation_failed:expected_loss_usd|agi_validation_failed:self_check
AGI-036,11,0,,meta-llama/llama-3.3-70b-instruct;meta-llama/llama-4-maverick;meta-llama/llama-4-scout;meta-llama/llama-3.1-8b-instruct,0.250,3821,0,0.375,2373,agi_validation_failed:intent|agi_validation_failed:chosen_strategy|agi_validation_failed:price_band,0,0.000,2236,agi_validation_failed:intent|missing_field|missing_field|missing_field|missing_field|missing_field,0,0.375,1659,agi_validation_failed:intent|agi_validation_failed:chosen_strategy|agi_validation_failed:price_band,0,0.250,9015,agi_validation_failed:intent|agi_validation_failed:chosen_strategy|agi_validation_failed:price_band|agi_validation_failed:expected_avg_price
AGI-037,11,0,,meta-llama/llama-3.3-70b-instruct;meta-llama/llama-4-maverick;meta-llama/llama-4-scout;meta-llama/llama-3.1-8b-instruct,0.344,2555,0,0.375,2022,agi_validation_failed:intent|agi_validation_failed:chosen_strategy|agi_validation_failed:price_band,0,0.375,4380,agi_validation_failed:intent|agi_validation_failed:chosen_strategy|agi_validation_failed:price_band,0,0.250,2232,agi_validation_failed:intent|agi_validation_failed:chosen_strategy|agi_validation_failed:price_band|agi_validation_failed:expected_avg_price,0,0.375,1587,agi_validation_failed:intent|agi_validation_failed:chosen_strategy|agi_validation_failed:price_band
AGI-038,11,0,,meta-llama/llama-3.3-70b-instruct;meta-llama/llama-4-maverick;meta-llama/llama-4-scout;meta-llama/llama-3.1-8b-instruct,0.286,3303,0,0.286,2802,agi_validation_failed:intent|agi_validation_failed:chosen_strategy|agi_validation_failed:price_band|agi_validation_failed:expected_avg_price|agi_validation_failed:self_check,0,0.286,6274,agi_validation_failed:intent|agi_validation_failed:chosen_strategy|agi_validation_failed:price_band|agi_validation_failed:expected_avg_price|agi_validation_failed:self_check,0,0.286,2253,agi_validation_failed:intent|agi_validation_failed:chosen_strategy|agi_validation_failed:price_band|agi_validation_failed:expected_avg_price|agi_validation_failed:self_check,0,0.286,1882,agi_validation_failed:intent|agi_validation_failed:chosen_strategy|agi_validation_failed:price_band|agi_validation_failed:expected_avg_price|agi_validation_failed:self_check
AGI-039,11,0,,meta-llama/llama-3.3-70b-instruct;meta-llama/llama-4-maverick;meta-llama/llama-4-scout;meta-llama/llama-3.1-8b-instruct,0.188,13728,0,0.000,2292,agi_validation_failed:intent|missing_field|missing_field|missing_field|missing_field|missing_field|missing_field|missing_field,0,0.250,1426,agi_validation_failed:intent|agi_validation_failed:position|agi_validation_failed:chosen_strategy|agi_validation_failed:net_sell_pressure_delta_per_day|agi_validation_failed:expected_12d_price_change_pct|agi_validation_failed:self_check,0,0.250,2651,agi_validation_failed:intent|agi_validation_failed:position|agi_validation_failed:chosen_strategy|agi_validation_failed:net_sell_pressure_delta_per_day|agi_validation_failed:expected_12d_price_change_pct|agi_validation_failed:self_check,0,0.250,48544,agi_validation_failed:intent|agi_validation_failed:position|agi_validation_failed:chosen_strategy|agi_validation_failed:net_sell_pressure_delta_per_day|agi_validation_failed:expected_12d_price_change_pct|agi_validation_failed:self_check
AGI-040,11,0,,meta-llama/llama-3.3-70b-instruct;meta-llama/llama-4-maverick;meta-llama/llama-4-scout;meta-llama/llama-3.1-8b-instruct,0.188,2934,0,0.000,2097,agi_validation_failed:intent|missing_field|missing_field|missing_field|missing_field|missing_field|missing_field|missing_field,0,0.250,5285,agi_validation_failed:intent|agi_validation_failed:position|agi_validation_failed:chosen_strategy|agi_validation_failed:net_sell_pressure_delta_per_day|agi_validation_failed:expected_12d_price_change_pct|agi_validation_failed:self_check,0,0.250,3055,agi_validation_failed:intent|agi_validation_failed:vote|agi_validation_failed:chosen_strategy|agi_validation_failed:net_sell_pressure_delta_per_day|agi_validation_failed:expected_12d_price_change_pct|agi_validation_failed:self_check,0,0.250,1297,agi_validation_failed:intent|agi_validation_failed:position|agi_validation_failed:chosen_strategy|agi_validation_failed:net_sell_pressure_delta_per_day|agi_validation_failed:expected_12d_price_change_pct|agi_validation_failed:self_check
AGI-041,11,0,,meta-llama/llama-3.3-70b-instruct;meta-llama/llama-4-maverick;meta-llama/llama-4-scout;meta-llama/llama-3.1-8b-instruct,0.188,3348,0,0.000,3963,agi_validation_failed:intent|missing_field|missing_field|missing_field|missing_field|missing_field|missing_field|missing_field,0,0.250,1828,agi_validation_failed:intent|agi_validation_failed:position|agi_validation_failed:chosen_strategy|agi_validation_failed:net_sell_pressure_delta_per_day|agi_validation_failed:expected_12d_price_change_pct|agi_validation_failed:self_check,0,0.250,2416,agi_validation_failed:intent|agi_validation_failed:vote|agi_validation_failed:chosen_strategy|agi_validation_failed:net_sell_pressure_delta_per_day|agi_validation_failed:expected_12d_price_change_pct|agi_validation_failed:self_check,0,0.250,5183,agi_validation_failed:intent|agi_validation_failed:position|agi_validation_failed:chosen_strategy|agi_validation_failed:net_sell_pressure_delta_per_day|agi_validation_failed:expected_12d_price_change_pct|agi_validation_failed:self_check
AGI-042,11,0,,meta-llama/llama-3.3-70b-instruct;meta-llama/llama-4-maverick;meta-llama/llama-4-scout;meta-llama/llama-3.1-8b-instruct,0.306,7503,0,0.333,14584,agi_validation_failed:intent|agi_validation_failed:actions|agi_validation_failed:priority_order|agi_validation_failed:latest_direct_neutralization_min|agi_validation_failed:expected_execution_cost_usd|agi_validation_failed:self_check,0,0.222,2442,agi_validation_failed:intent|agi_validation_failed:chosen_strategy|agi_validation_failed:actions|agi_validation_failed:priority_order|agi_validation_failed:latest_direct_neutralization_min|agi_validation_failed:expected_execution_cost_usd|agi_validation_failed:self_check,0,0.333,6580,agi_validation_failed:intent|agi_validation_failed:actions|agi_validation_failed:priority_order|agi_validation_failed:latest_direct_neutralization_min|agi_validation_failed:expected_execution_cost_usd|agi_validation_failed:self_check,0,0.333,6404,agi_validation_failed:intent|agi_validation_failed:actions|agi_validation_failed:priority_order|agi_validation_failed:latest_direct_neutralization_min|agi_validation_failed:expected_execution_cost_usd|agi_validation_failed:self_check
AGI-043,11,0,,meta-llama/llama-3.3-70b-instruct;meta-llama/llama-4-maverick;meta-llama/llama-4-scout;meta-llama/llama-3.1-8b-instruct,0.139,8144,0,0.222,5402,agi_validation_failed:intent|agi_validation_failed:chosen_strategy|agi_validation_failed:actions|agi_validation_failed:priority_order|agi_validation_failed:latest_direct_neutralization_min|agi_validation_failed:expected_execution_cost_usd|agi_validation_failed:self_check,0,0.111,4494,agi_validation_failed:intent|agi_validation_failed:chosen_strategy|agi_validation_failed:actions|agi_validation_failed:priority_order|agi_validation_failed:latest_direct_neutralization_min|agi_validation_failed:margin_notional_reduced_usd|agi_validation_failed:expected_execution_cost_usd|agi_validation_failed:self_check,0,0.222,8520,agi_validation_failed:intent|agi_validation_failed:chosen_strategy|agi_validation_failed:actions|agi_validation_failed:priority_order|agi_validation_failed:latest_direct_neutralization_min|agi_validation_failed:expected_execution_cost_usd|agi_validation_failed:self_check,0,0.000,14159,agi_validation_failed:intent|agi_validation_failed:chosen_strategy|agi_validation_failed:actions|agi_validation_failed:priority_order|agi_validation_failed:direct_stablecoin_neutralized_usd|agi_validation_failed:latest_direct_neutralization_min|agi_validation_failed:margin_notional_reduced_usd|agi_validation_failed:expected_execution_cost_usd|agi_validation_failed:self_check
AGI-044,11,0,,meta-llama/llama-3.3-70b-instruct;meta-llama/llama-4-maverick;meta-llama/llama-4-scout;meta-llama/llama-3.1-8b-instruct,0.222,7757,0,0.222,3641,agi_validation_failed:intent|agi_validation_failed:chosen_strategy|agi_validation_failed:actions|agi_validation_failed:priority_order|agi_validation_failed:latest_direct_neutralization_min|agi_validation_failed:expected_execution_cost_usd|agi_validation_failed:self_check,0,0.333,9855,agi_validation_failed:intent|agi_validation_failed:chosen_strategy|agi_validation_failed:actions|agi_validation_failed:priority_order|agi_validation_failed:latest_direct_neutralization_min|agi_validation_failed:self_check,0,0.222,10675,agi_validation_failed:intent|agi_validation_failed:chosen_strategy|agi_validation_failed:actions|agi_validation_failed:priority_order|agi_validation_failed:latest_direct_neutralization_min|agi_validation_failed:expected_execution_cost_usd|agi_validation_failed:self_check,0,0.111,6858,agi_validation_failed:intent|agi_validation_failed:chosen_strategy|agi_validation_failed:actions|agi_validation_failed:priority_order|agi_validation_failed:latest_direct_neutralization_min|agi_validation_failed:margin_notional_reduced_usd|agi_validation_failed:expected_execution_cost_usd|agi_validation_failed:self_check
AGI-045,11,0,,meta-llama/llama-3.3-70b-instruct;meta-llama/llama-4-maverick;meta-llama/llama-4-scout;meta-llama/llama-3.1-8b-instruct,0.071,7895,0,0.143,22560,agi_validation_failed:intent|agi_validation_failed:chosen_strategy|agi_validation_failed:route_steps|agi_validation_failed:expected_tokens|agi_validation_failed:completion_minutes|agi_validation_failed:self_check,0,0.000,1879,agi_validation_failed:intent|missing_field|missing_field|missing_field|missing_field|missing_field|missing_field,0,0.143,6505,agi_validation_failed:intent|agi_validation_failed:chosen_strategy|agi_validation_failed:route_steps|agi_validation_failed:expected_tokens|agi_validation_failed:completion_minutes|agi_validation_failed:self_check,0,0.000,634,agi_validation_failed:intent|agi_validation_failed:chosen_strategy|agi_validation_failed:route_steps|agi_validation_failed:expected_tokens|agi_validation_failed:completion_minutes|agi_validation_failed:total_fee_usd|agi_validation_failed:self_check
AGI-046,11,0,,meta-llama/llama-3.3-70b-instruct;meta-llama/llama-4-maverick;meta-llama/llama-4-scout;meta-llama/llama-3.1-8b-instruct,0.071,2931,0,0.143,4932,agi_validation_failed:intent|agi_validation_failed:chosen_strategy|agi_validation_failed:route_steps|agi_validation_failed:expected_tokens|agi_validation_failed:completion_minutes|agi_validation_failed:self_check,0,0.000,1376,agi_validation_failed:intent|missing_field|missing_field|missing_field|missing_field|missing_field|missing_field,0,0.143,3339,agi_validation_failed:intent|agi_validation_failed:chosen_strategy|agi_validation_failed:route_steps|agi_validation_failed:expected_tokens|agi_validation_failed:completion_minutes|agi_validation_failed:self_check,0,0.000,2076,agi_validation_failed:intent|agi_validation_failed:chosen_strategy|agi_validation_failed:route_steps|agi_validation_failed:expected_tokens|agi_validation_failed:completion_minutes|agi_validation_failed:total_fee_usd|agi_validation_failed:self_check
AGI-047,11,0,,meta-llama/llama-3.3-70b-instruct;meta-llama/llama-4-maverick;meta-llama/llama-4-scout;meta-llama/llama-3.1-8b-instruct,0.071,3011,0,0.143,3502,agi_validation_failed:intent|agi_validation_failed:chosen_strategy|agi_validation_failed:route_steps|agi_validation_failed:expected_tokens|agi_validation_failed:completion_minutes|agi_validation_failed:self_check,0,0.000,1435,agi_validation_failed:intent|missing_field|missing_field|missing_field|missing_field|missing_field|missing_field,0,0.143,4044,agi_validation_failed:intent|agi_validation_failed:chosen_strategy|agi_validation_failed:route_steps|agi_validation_failed:expected_tokens|agi_validation_failed:completion_minutes|agi_validation_failed:self_check,0,0.000,3061,agi_validation_failed:intent|agi_validation_failed:chosen_strategy|agi_validation_failed:route_steps|agi_validation_failed:expected_tokens|agi_validation_failed:completion_minutes|agi_validation_failed:total_fee_usd|agi_validation_failed:self_check
AGI-048,11,0,,meta-llama/llama-3.3-70b-instruct;meta-llama/llama-4-maverick;meta-llama/llama-4-scout;meta-llama/llama-3.1-8b-instruct,0.281,3586,0,0.125,1717,agi_validation_failed:intent|agi_validation_failed:chosen_strategy|agi_validation_failed:half_spread_bps|agi_validation_failed:update_ms|agi_validation_failed:expected_1h_pnl_usd|agi_validation_failed:toxic_defense|agi_validation_failed:self_check,0,0.375,3628,agi_validation_failed:intent|agi_validation_failed:half_spread_bps|agi_validation_failed:expected_1h_pnl_usd|agi_validation_failed:toxic_defense|agi_validation_failed:self_check,0,0.375,3677,agi_validation_failed:intent|agi_validation_failed:half_spread_bps|agi_validation_failed:expected_1h_pnl_usd|agi_validation_failed:toxic_defense|agi_validation_failed:self_check,0,0.250,5321,agi_validation_failed:intent|agi_validation_failed:half_spread_bps|agi_validation_failed:update_ms|agi_validation_failed:expected_1h_pnl_usd|agi_validation_failed:toxic_defense|agi_validation_failed:self_check
AGI-049,11,0,,meta-llama/llama-3.3-70b-instruct;meta-llama/llama-4-maverick;meta-llama/llama-4-scout;meta-llama/llama-3.1-8b-instruct,0.313,3746,0,0.375,3112,agi_validation_failed:intent|agi_validation_failed:half_spread_bps|agi_validation_failed:expected_1h_pnl_usd|agi_validation_failed:toxic_defense|agi_validation_failed:self_check,0,0.250,3381,agi_validation_failed:intent|agi_validation_failed:half_spread_bps|agi_validation_failed:update_ms|agi_validation_failed:expected_1h_pnl_usd|agi_validation_failed:toxic_defense|agi_validation_failed:self_check,0,0.375,2785,agi_validation_failed:intent|agi_validation_failed:half_spread_bps|agi_validation_failed:expected_1h_pnl_usd|agi_validation_failed:toxic_defense|agi_validation_failed:self_check,0,0.250,5706,agi_validation_failed:intent|agi_validation_failed:half_spread_bps|agi_validation_failed:update_ms|agi_validation_failed:expected_1h_pnl_usd|agi_validation_failed:toxic_defense|agi_validation_failed:self_check
AGI-050,11,0,,meta-llama/llama-3.3-70b-instruct;meta-llama/llama-4-maverick;meta-llama/llama-4-scout;meta-llama/llama-3.1-8b-instruct,0.219,2768,0,0.250,3864,agi_validation_failed:intent|agi_validation_failed:half_spread_bps|agi_validation_failed:update_ms|agi_validation_failed:expected_1h_pnl_usd|agi_validation_failed:toxic_defense|agi_validation_failed:self_check,0,0.250,2128,agi_validation_failed:intent|agi_validation_failed:half_spread_bps|agi_validation_failed:update_ms|agi_validation_failed:expected_1h_pnl_usd|agi_validation_failed:toxic_defense|agi_validation_failed:self_check,0,0.125,3240,agi_validation_failed:intent|agi_validation_failed:half_spread_bps|missing_field|missing_field|agi_validation_failed:expected_1h_pnl_usd|agi_validation_failed:toxic_defense|agi_validation_failed:self_check,0,0.250,1840,agi_validation_failed:intent|agi_validation_failed:half_spread_bps|agi_validation_failed:update_ms|agi_validation_failed:expected_1h_pnl_usd|agi_validation_failed:toxic_defense|agi_validation_failed:self_check
AGI-051,11,0,,meta-llama/llama-3.3-70b-instruct;meta-llama/llama-4-maverick;meta-llama/llama-4-scout;meta-llama/llama-3.1-8b-instruct,0.313,5661,0,0.250,9819,agi_validation_failed:intent|agi_validation_failed:decision|agi_validation_failed:chosen_strategy|agi_validation_failed:exit_sequence|agi_validation_failed:expected_exit_value_usd|agi_validation_failed:self_check,0,0.500,5731,agi_validation_failed:intent|agi_validation_failed:chosen_strategy|agi_validation_failed:exit_sequence|agi_validation_failed:self_check,0,0.250,3740,agi_validation_failed:intent|agi_validation_failed:chosen_strategy|agi_validation_failed:exit_sequence|agi_validation_failed:private_sale_usd|agi_validation_failed:expected_exit_value_usd|agi_validation_failed:self_check,0,0.250,3355,agi_validation_failed:intent|agi_validation_failed:chosen_strategy|agi_validation_failed:exit_sequence|agi_validation_failed:expected_exit_value_usd|agi_validation_failed:expected_stay_value_usd|agi_validation_failed:self_check
AGI-052,11,0,,meta-llama/llama-3.3-70b-instruct;meta-llama/llama-4-maverick;meta-llama/llama-4-scout;meta-llama/llama-3.1-8b-instruct,0.344,2723,0,0.375,2473,agi_validation_failed:intent|agi_validation_failed:decision|agi_validation_failed:chosen_strategy|agi_validation_failed:expected_exit_value_usd|agi_validation_failed:self_check,0,0.375,2437,agi_validation_failed:intent|agi_validation_failed:chosen_strategy|agi_validation_failed:exit_sequence|agi_validation_failed:expected_exit_value_usd|agi_validation_failed:self_check,0,0.375,5486,agi_validation_failed:intent|agi_validation_failed:chosen_strategy|agi_validation_failed:exit_sequence|agi_validation_failed:expected_exit_value_usd|agi_validation_failed:self_check,0,0.250,497,agi_validation_failed:intent|agi_validation_failed:chosen_strategy|agi_validation_failed:exit_sequence|agi_validation_failed:expected_exit_value_usd|agi_validation_failed:expected_stay_value_usd|agi_validation_failed:self_check
AGI-053,11,0,,meta-llama/llama-3.3-70b-instruct;meta-llama/llama-4-maverick;meta-llama/llama-4-scout;meta-llama/llama-3.1-8b-instruct,0.344,3523,0,0.250,2888,agi_validation_failed:intent|agi_validation_failed:decision|agi_validation_failed:chosen_strategy|agi_validation_failed:exit_sequence|agi_validation_failed:expected_exit_value_usd|agi_validation_failed:self_check,0,0.375,2733,agi_validation_failed:intent|agi_validation_failed:chosen_strategy|missing_field|agi_validation_failed:expected_exit_value_usd|agi_validation_failed:self_check,0,0.500,4544,agi_validation_failed:intent|agi_validation_failed:chosen_strategy|agi_validation_failed:expected_exit_value_usd|agi_validation_failed:self_check,0,0.250,3927,agi_validation_failed:intent|agi_validation_failed:chosen_strategy|agi_validation_failed:exit_sequence|agi_validation_failed:expected_exit_value_usd|agi_validation_failed:expected_stay_value_usd|agi_validation_failed:self_check
AGI-054,11,0,,meta-llama/llama-3.3-70b-instruct;meta-llama/llama-4-maverick;meta-llama/llama-4-scout;meta-llama/llama-3.1-8b-instruct,0.107,3127,0,0.143,4795,agi_validation_failed:intent|agi_validation_failed:chosen_strategy|agi_validation_failed:hedge_legs.BTC_put_spread.notional_usd|agi_validation_failed:expected_vol_reduction_pct|agi_validation_failed:residual_1d_var_usd|agi_validation_failed:self_check,0,0.143,2274,agi_validation_failed:intent|agi_validation_failed:chosen_strategy|agi_validation_failed:hedge_legs.BTC_put_spread.notional_usd|agi_validation_failed:expected_vol_reduction_pct|agi_validation_failed:residual_1d_var_usd|agi_validation_failed:self_check,0,0.143,3177,agi_validation_failed:intent|agi_validation_failed:chosen_strategy|agi_validation_failed:hedge_legs.BTC_put_spread.notional_usd|agi_validation_failed:expected_vol_reduction_pct|agi_validation_failed:residual_1d_var_usd|agi_validation_failed:self_check,0,0.000,2263,agi_validation_failed:intent|agi_validation_failed:chosen_strategy|agi_validation_failed:hedge_legs.SOL_short.notional_usd|agi_validation_failed:hedge_legs.BTC_put_spread.notional_usd|agi_validation_failed:expected_vol_reduction_pct|agi_validation_failed:residual_1d_var_usd|agi_validation_failed:self_check
AGI-055,11,0,,meta-llama/llama-3.3-70b-instruct;meta-llama/llama-4-maverick;meta-llama/llama-4-scout;meta-llama/llama-3.1-8b-instruct,0.094,4518,0,0.000,8340,agi_validation_failed:intent|agi_validation_failed:chosen_strategy|agi_validation_failed:hedge_legs.ETH_short.notional_usd|agi_validation_failed:hedge_legs.BTC_put_spread.notional_usd|agi_validation_failed:expected_vol_reduction_pct|agi_validation_failed:residual_1d_var_usd,0,0.000,1585,agi_validation_failed:intent|agi_validation_failed:chosen_strategy|agi_validation_failed:hedge_legs.ETH_short.notional_usd|agi_validation_failed:hedge_legs.BTC_put_spread.notional_usd|agi_validation_failed:expected_vol_reduction_pct|agi_validation_failed:residual_1d_var_usd,0,0.125,3537,agi_validation_failed:intent|agi_validation_failed:chosen_strategy|agi_validation_failed:hedge_legs.ETH_short.notional_usd|agi_validation_failed:hedge_legs.BTC_put_spread.notional_usd|agi_validation_failed:residual_1d_var_usd,0,0.250,4609,agi_validation_failed:intent|agi_validation_failed:chosen_strategy|agi_validation_failed:expected_vol_reduction_pct|agi_validation_failed:residual_1d_var_usd
AGI-056,11,0,,meta-llama/llama-3.3-70b-instruct;meta-llama/llama-4-maverick;meta-llama/llama-4-scout;meta-llama/llama-3.1-8b-instruct,0.125,32673,0,0.000,1791,agi_validation_failed:intent|agi_validation_failed:chosen_strategy|agi_validation_failed:hedge_legs.BTC_short.notional_usd|agi_validation_failed:hedge_legs.ETH_put_spread.notional_usd|agi_validation_failed:expected_vol_reduction_pct|agi_validation_failed:residual_1d_var_usd,0,0.000,2402,agi_validation_failed:intent|agi_validation_failed:chosen_strategy|agi_validation_failed:hedge_legs.BTC_short.notional_usd|agi_validation_failed:hedge_legs.ETH_put_spread.notional_usd|agi_validation_failed:expected_vol_reduction_pct|agi_validation_failed:residual_1d_var_usd,0,0.250,5216,agi_validation_failed:intent|agi_validation_failed:chosen_strategy|agi_validation_failed:hedge_legs.ETH_put_spread.notional_usd|agi_validation_failed:residual_1d_var_usd,0,0.250,121284,agi_validation_failed:intent|agi_validation_failed:chosen_strategy|agi_validation_failed:expected_vol_reduction_pct|agi_validation_failed:residual_1d_var_usd
AGI-057,11,0,,meta-llama/llama-3.3-70b-instruct;meta-llama/llama-4-maverick;meta-llama/llama-4-scout;meta-llama/llama-3.1-8b-instruct,0.475,5687,0,0.500,7563,agi_validation_failed:intent|agi_validation_failed:chosen_strategy|agi_validation_failed:net_tax_benefit|agi_validation_failed:remaining_unoffset_gains|agi_validation_failed:self_check,0,0.600,1867,agi_validation_failed:intent|agi_validation_failed:chosen_strategy|agi_validation_failed:net_tax_benefit|agi_validation_failed:self_check,0,0.400,4070,agi_validation_failed:intent|agi_validation_failed:chosen_strategy|agi_validation_failed:sale_sequence|agi_validation_failed:net_tax_benefit|agi_validation_failed:remaining_unoffset_gains|agi_validation_failed:self_check,0,0.400,9246,agi_validation_failed:intent|agi_validation_failed:chosen_strategy|agi_validation_failed:sale_sequence|agi_validation_failed:net_tax_benefit|agi_validation_failed:remaining_unoffset_gains|agi_validation_failed:self_check
AGI-058,11,0,,meta-llama/llama-3.3-70b-instruct;meta-llama/llama-4-maverick;meta-llama/llama-4-scout;meta-llama/llama-3.1-8b-instruct,0.475,4137,0,0.400,5558,agi_validation_failed:intent|agi_validation_failed:chosen_strategy|agi_validation_failed:sale_sequence|agi_validation_failed:net_tax_benefit|agi_validation_failed:remaining_unoffset_gains|agi_validation_failed:self_check,0,0.500,1806,agi_validation_failed:intent|agi_validation_failed:chosen_strategy|agi_validation_failed:sale_sequence|agi_validation_failed:net_tax_benefit|agi_validation_failed:self_check,0,0.500,3764,agi_validation_failed:intent|agi_validation_failed:chosen_strategy|agi_validation_failed:net_tax_benefit|agi_validation_failed:remaining_unoffset_gains|agi_validation_failed:self_check,0,0.500,5420,agi_validation_failed:intent|agi_validation_failed:chosen_strategy|agi_validation_failed:net_tax_benefit|agi_validation_failed:remaining_unoffset_gains|agi_validation_failed:self_check
AGI-059,11,0,,meta-llama/llama-3.3-70b-instruct;meta-llama/llama-4-maverick;meta-llama/llama-4-scout;meta-llama/llama-3.1-8b-instruct,0.450,3966,0,0.400,3727,agi_validation_failed:intent|agi_validation_failed:chosen_strategy|agi_validation_failed:sale_sequence|agi_validation_failed:net_tax_benefit|agi_validation_failed:remaining_unoffset_gains|agi_validation_failed:self_check,0,0.400,3272,agi_validation_failed:intent|agi_validation_failed:chosen_strategy|agi_validation_failed:sale_sequence|agi_validation_failed:net_tax_benefit|agi_validation_failed:remaining_unoffset_gains|agi_validation_failed:self_check,0,0.500,4696,agi_validation_failed:intent|agi_validation_failed:chosen_strategy|agi_validation_failed:net_tax_benefit|agi_validation_failed:remaining_unoffset_gains|agi_validation_failed:self_check,0,0.500,4169,agi_validation_failed:intent|agi_validation_failed:chosen_strategy|agi_validation_failed:net_tax_benefit|agi_validation_failed:remaining_unoffset_gains|agi_validation_failed:self_check
AGI-060,11,0,,meta-llama/llama-3.3-70b-instruct;meta-llama/llama-4-maverick;meta-llama/llama-4-scout;meta-llama/llama-3.1-8b-instruct,0.538,4820,0,0.385,6554,agi_validation_failed:intent|agi_validation_failed:chosen_strategy|agi_validation_failed:perp_short_allocation_usd.OKX|agi_validation_failed:perp_short_allocation_usd.dYdX|agi_validation_failed:apr_pct|agi_validation_failed:pnl_30d_usd|agi_validation_failed:cascade_buffer_pct|agi_validation_failed:self_check,0,0.538,2479,agi_validation_failed:intent|agi_validation_failed:chosen_strategy|agi_validation_failed:apr_pct|agi_validation_failed:pnl_30d_usd|agi_validation_failed:cascade_buffer_pct|agi_validation_failed:self_check,0,0.615,6379,agi_validation_failed:intent|agi_validation_failed:chosen_strategy|agi_validation_failed:pnl_30d_usd|agi_validation_failed:cascade_buffer_pct|agi_validation_failed:self_check,0,0.615,3869,agi_validation_failed:intent|agi_validation_failed:chosen_strategy|agi_validation_failed:pnl_30d_usd|agi_validation_failed:cascade_buffer_pct|agi_validation_failed:self_check
AGI-061,11,0,,meta-llama/llama-3.3-70b-instruct;meta-llama/llama-4-maverick;meta-llama/llama-4-scout;meta-llama/llama-3.1-8b-instruct,0.442,3772,0,0.538,3270,agi_validation_failed:intent|agi_validation_failed:chosen_strategy|agi_validation_failed:apr_pct|agi_validation_failed:pnl_30d_usd|agi_validation_failed:cascade_buffer_pct|agi_validation_failed:self_check,0,0.615,7397,agi_validation_failed:intent|agi_validation_failed:chosen_strategy|agi_validation_failed:pnl_30d_usd|agi_validation_failed:cascade_buffer_pct|agi_validation_failed:self_check,0,0.538,3593,agi_validation_failed:intent|agi_validation_failed:chosen_strategy|agi_validation_failed:apr_pct|agi_validation_failed:pnl_30d_usd|agi_validation_failed:cascade_buffer_pct|agi_validation_failed:self_check,0,0.077,826,agi_validation_failed:intent|agi_validation_failed:chosen_strategy|agi_validation_failed:perp_short_allocation_usd.Binance|agi_validation_failed:perp_short_allocation_usd.Bybit|agi_validation_failed:perp_short_allocation_usd.OKX|agi_validation_failed:perp_short_allocation_usd.Hyperliquid|agi_validation_failed:perp_short_allocation_usd.dYdX|agi_validation_failed:leverage|agi_validation_failed:apr_pct|agi_validation_failed:pnl_30d_usd|agi_validation_failed:cascade_buffer_pct|agi_validation_failed:self_check
AGI-062,11,0,,meta-llama/llama-3.3-70b-instruct;meta-llama/llama-4-maverick;meta-llama/llama-4-scout;meta-llama/llama-3.1-8b-instruct,0.519,4108,0,0.692,3936,agi_validation_failed:intent|agi_validation_failed:chosen_strategy|agi_validation_failed:pnl_30d_usd|agi_validation_failed:self_check,0,0.615,4661,agi_validation_failed:intent|agi_validation_failed:chosen_strategy|agi_validation_failed:pnl_30d_usd|agi_validation_failed:cascade_buffer_pct|agi_validation_failed:self_check,0,0.615,5940,agi_validation_failed:intent|agi_validation_failed:chosen_strategy|agi_validation_failed:pnl_30d_usd|agi_validation_failed:cascade_buffer_pct|agi_validation_failed:self_check,0,0.154,1894,agi_validation_failed:intent|agi_validation_failed:chosen_strategy|agi_validation_failed:perp_short_allocation_usd.Binance|agi_validation_failed:perp_short_allocation_usd.OKX|agi_validation_failed:perp_short_allocation_usd.Bybit|agi_validation_failed:perp_short_allocation_usd.Hyperliquid|agi_validation_failed:perp_short_allocation_usd.dYdX|agi_validation_failed:apr_pct|agi_validation_failed:pnl_30d_usd|agi_validation_failed:cascade_buffer_pct|agi_validation_failed:self_check
AGI-063,11,0,,meta-llama/llama-3.3-70b-instruct;meta-llama/llama-4-maverick;meta-llama/llama-4-scout;meta-llama/llama-3.1-8b-instruct,0.591,3499,0,0.727,4108,agi_validation_failed:intent|agi_validation_failed:chosen_strategy|agi_validation_failed:self_check,0,0.545,2699,agi_validation_failed:intent|agi_validation_failed:chosen_strategy|agi_validation_failed:expected_asset_received|agi_validation_failed:effective_price|agi_validation_failed:self_check,0,0.545,4740,agi_validation_failed:intent|agi_validation_failed:chosen_strategy|agi_validation_failed:expected_asset_received|agi_validation_failed:effective_price|agi_validation_failed:self_check,0,0.545,2450,agi_validation_failed:intent|agi_validation_failed:chosen_strategy|agi_validation_failed:expected_asset_received|agi_validation_failed:effective_price|agi_validation_failed:self_check
AGI-064,11,0,,meta-llama/llama-3.3-70b-instruct;meta-llama/llama-4-maverick;meta-llama/llama-4-scout;meta-llama/llama-3.1-8b-instruct,0.409,5436,0,0.545,5802,agi_validation_failed:intent|agi_validation_failed:chosen_strategy|agi_validation_failed:expected_asset_received|agi_validation_failed:effective_price|agi_validation_failed:self_check,0,0.455,3158,agi_validation_failed:intent|agi_validation_failed:chosen_strategy|agi_validation_failed:venue_allocation_usd.Coinbase|agi_validation_failed:venue_allocation_usd.Curve_BTC|agi_validation_failed:venue_allocation_usd.OTC_Circle|agi_validation_failed:self_check,0,0.273,4856,agi_validation_failed:intent|agi_validation_failed:chosen_strategy|missing_field|missing_field|agi_validation_failed:venue_allocation_usd.OTC_Circle|agi_validation_failed:expected_asset_received|agi_validation_failed:effective_price|agi_validation_failed:self_check,0,0.364,7926,agi_validation_failed:intent|agi_validation_failed:chosen_strategy|agi_validation_failed:venue_allocation_usd.Curve_BTC|agi_validation_failed:venue_allocation_usd.OTC_Circle|agi_validation_failed:expected_asset_received|agi_validation_failed:effective_price|agi_validation_failed:self_check
AGI-065,11,0,,meta-llama/llama-3.3-70b-instruct;meta-llama/llama-4-maverick;meta-llama/llama-4-scout;meta-llama/llama-3.1-8b-instruct,0.614,6632,0,0.727,11781,agi_validation_failed:intent|agi_validation_failed:chosen_strategy|agi_validation_failed:self_check,0,0.545,4526,agi_validation_failed:intent|agi_validation_failed:chosen_strategy|agi_validation_failed:venue_allocation_usd.OTC_Circle|agi_validation_failed:venue_allocation_usd.Coinbase|agi_validation_failed:self_check,0,0.636,5425,agi_validation_failed:intent|agi_validation_failed:chosen_strategy|agi_validation_failed:venue_allocation_usd.Uniswap_Arbitrum|agi_validation_failed:self_check,0,0.545,4796,agi_validation_failed:intent|agi_validation_failed:chosen_strategy|agi_validation_failed:expected_asset_received|agi_validation_failed:effective_price|agi_validation_failed:self_check
AGI-066,11,0,,meta-llama/llama-3.3-70b-instruct;meta-llama/llama-4-maverick;meta-llama/llama-4-scout;meta-llama/llama-3.1-8b-instruct,0.278,3625,0,0.222,5081,agi_validation_failed:intent|agi_validation_failed:chosen_strategy|agi_validation_failed:execution_sequence|agi_validation_failed:hedge_notional_usd.ARB|agi_validation_failed:crisis_beta_reduction_pct|agi_validation_failed:worst_case_residual_pnl_usd|agi_validation_failed:self_check,0,0.333,3712,agi_validation_failed:intent|agi_validation_failed:chosen_strategy|agi_validation_failed:execution_sequence|agi_validation_failed:hedge_notional_usd.ARB|agi_validation_failed:worst_case_residual_pnl_usd|agi_validation_failed:self_check,0,0.333,4793,agi_validation_failed:intent|agi_validation_failed:chosen_strategy|agi_validation_failed:execution_sequence|agi_validation_failed:hedge_notional_usd.ARB|agi_validation_failed:worst_case_residual_pnl_usd|agi_validation_failed:self_check,0,0.222,915,agi_validation_failed:intent|agi_validation_failed:chosen_strategy|agi_validation_failed:execution_sequence|agi_validation_failed:hedge_notional_usd.ARB|agi_validation_failed:crisis_beta_reduction_pct|agi_validation_failed:worst_case_residual_pnl_usd|agi_validation_failed:self_check
AGI-067,11,0,,meta-llama/llama-3.3-70b-instruct;meta-llama/llama-4-maverick;meta-llama/llama-4-scout;meta-llama/llama-3.1-8b-instruct,0.333,7187,0,0.444,4522,agi_validation_failed:intent|agi_validation_failed:chosen_strategy|agi_validation_failed:crisis_beta_reduction_pct|agi_validation_failed:worst_case_residual_pnl_usd|agi_validation_failed:self_check,0,0.444,2647,agi_validation_failed:intent|agi_validation_failed:chosen_strategy|agi_validation_failed:crisis_beta_reduction_pct|agi_validation_failed:worst_case_residual_pnl_usd|agi_validation_failed:self_check,0,0.444,8319,agi_validation_failed:intent|agi_validation_failed:chosen_strategy|agi_validation_failed:crisis_beta_reduction_pct|agi_validation_failed:worst_case_residual_pnl_usd|agi_validation_failed:self_check,0,0.000,13258,agi_validation_failed:intent|agi_validation_failed:chosen_strategy|agi_validation_failed:execution_sequence|agi_validation_failed:hedge_notional_usd.SUI|agi_validation_failed:hedge_notional_usd.SEI|agi_validation_failed:hedge_notional_usd.OP|agi_validation_failed:crisis_beta_reduction_pct|agi_validation_failed:worst_case_residual_pnl_usd|agi_validation_failed:self_check
AGI-068,11,0,,meta-llama/llama-3.3-70b-instruct;meta-llama/llama-4-maverick;meta-llama/llama-4-scout;meta-llama/llama-3.1-8b-instruct,0.417,3052,0,0.444,7440,agi_validation_failed:intent|agi_validation_failed:chosen_strategy|agi_validation_failed:crisis_beta_reduction_pct|agi_validation_failed:worst_case_residual_pnl_usd|agi_validation_failed:self_check,0,0.444,1376,agi_validation_failed:intent|agi_validation_failed:chosen_strategy|agi_validation_failed:crisis_beta_reduction_pct|agi_validation_failed:worst_case_residual_pnl_usd|agi_validation_failed:self_check,0,0.444,2686,agi_validation_failed:intent|agi_validation_failed:chosen_strategy|agi_validation_failed:crisis_beta_reduction_pct|agi_validation_failed:worst_case_residual_pnl_usd|agi_validation_failed:self_check,0,0.333,704,agi_validation_failed:intent|agi_validation_failed:chosen_strategy|agi_validation_failed:execution_sequence|agi_validation_failed:crisis_beta_reduction_pct|agi_validation_failed:worst_case_residual_pnl_usd|agi_validation_failed:self_check
AGI-069,11,0,,meta-llama/llama-3.3-70b-instruct;meta-llama/llama-4-maverick;meta-llama/llama-4-scout;meta-llama/llama-3.1-8b-instruct,0.333,7104,0,0.333,8407,agi_validation_failed:intent|agi_validation_failed:chosen_strategy|agi_validation_failed:execution_sequence|agi_validation_failed:crisis_beta_reduction_pct|agi_validation_failed:worst_case_residual_pnl_usd|agi_validation_failed:self_check,0,0.333,2187,agi_validation_failed:intent|agi_validation_failed:chosen_strategy|agi_validation_failed:execution_sequence|agi_validation_failed:crisis_beta_reduction_pct|agi_validation_failed:worst_case_residual_pnl_usd|agi_validation_failed:self_check,0,0.333,3809,agi_validation_failed:intent|agi_validation_failed:chosen_strategy|agi_validation_failed:execution_sequence|agi_validation_failed:crisis_beta_reduction_pct|agi_validation_failed:worst_case_residual_pnl_usd|agi_validation_failed:self_check,0,0.333,14011,agi_validation_failed:intent|agi_validation_failed:chosen_strategy|agi_validation_failed:execution_sequence|agi_validation_failed:crisis_beta_reduction_pct|agi_validation_failed:worst_case_residual_pnl_usd|agi_validation_failed:self_check
AGI-070,11,0,,meta-llama/llama-3.3-70b-instruct;meta-llama/llama-4-maverick;meta-llama/llama-4-scout;meta-llama/llama-3.1-8b-instruct,0.205,3141,0,0.091,2897,agi_validation_failed:intent|agi_validation_failed:chosen_strategy|agi_validation_failed:exit_allocation_units.CEX_USDC|agi_validation_failed:exit_allocation_units.Curve_3pool|agi_validation_failed:exit_allocation_units.OTC_Tether|agi_validation_failed:exit_allocation_units.DEX_thin|agi_validation_failed:expected_recovered_usd|agi_validation_failed:fast_cash_usd|agi_validation_failed:largest_visible_exit_units|agi_validation_failed:self_check,0,0.273,4183,agi_validation_failed:intent|agi_validation_failed:chosen_strategy|agi_validation_failed:exit_allocation_units.CEX_USDC|agi_validation_failed:exit_allocation_units.Curve_3pool|agi_validation_failed:exit_allocation_units.OTC_Tether|agi_validation_failed:fast_cash_usd|agi_validation_failed:largest_visible_exit_units|agi_validation_failed:self_check,0,0.364,996,agi_validation_failed:intent|agi_validation_failed:chosen_strategy|agi_validation_failed:exit_allocation_units.OTC_Tether|agi_validation_failed:exit_allocation_units.DEX_thin|agi_validation_failed:expected_recovered_usd|agi_validation_failed:fast_cash_usd|agi_validation_failed:self_check,0,0.091,4487,agi_validation_failed:intent|agi_validation_failed:chosen_strategy|agi_validation_failed:exit_allocation_units.CEX_USDC|agi_validation_failed:exit_allocation_units.Curve_3pool|agi_validation_failed:exit_allocation_units.OTC_Tether|agi_validation_failed:exit_allocation_units.Aave_repay|agi_validation_failed:expected_recovered_usd|agi_validation_failed:fast_cash_usd|agi_validation_failed:largest_visible_exit_units|agi_validation_failed:self_check
AGI-071,11,0,,meta-llama/llama-3.3-70b-instruct;meta-llama/llama-4-maverick;meta-llama/llama-4-scout;meta-llama/llama-3.1-8b-instruct,0.159,6024,0,0.182,5779,agi_validation_failed:intent|agi_validation_failed:chosen_strategy|agi_validation_failed:exit_allocation_units.Binance_convert|agi_validation_failed:exit_allocation_units.Curve_stables|agi_validation_failed:exit_allocation_units.DEX_BSC|agi_validation_failed:expected_recovered_usd|agi_validation_failed:fast_cash_usd|agi_validation_failed:largest_visible_exit_units|agi_validation_failed:self_check,0,0.273,2071,agi_validation_failed:intent|agi_validation_failed:chosen_strategy|agi_validation_failed:exit_allocation_units.Binance_convert|agi_validation_failed:exit_allocation_units.Curve_stables|agi_validation_failed:expected_recovered_usd|agi_validation_failed:fast_cash_usd|agi_validation_failed:largest_visible_exit_units|agi_validation_failed:self_check,0,0.091,2537,agi_validation_failed:intent|agi_validation_failed:chosen_strategy|missing_field|missing_field|missing_field|missing_field|missing_field|agi_validation_failed:expected_recovered_usd|agi_validation_failed:fast_cash_usd|agi_validation_failed:self_check,0,0.091,13707,agi_validation_failed:intent|agi_validation_failed:chosen_strategy|agi_validation_failed:exit_allocation_units.Binance_convert|agi_validation_failed:exit_allocation_units.OTC_Asia|agi_validation_failed:exit_allocation_units.Curve_stables|agi_validation_failed:exit_allocation_units.Aave_loop_close|agi_validation_failed:expected_recovered_usd|agi_validation_failed:fast_cash_usd|agi_validation_failed:largest_visible_exit_units|agi_validation_failed:self_check
AGI-072,11,0,,meta-llama/llama-3.3-70b-instruct;meta-llama/llama-4-maverick;meta-llama/llama-4-scout;meta-llama/llama-3.1-8b-instruct,0.250,4685,0,0.273,7457,agi_validation_failed:intent|agi_validation_failed:chosen_strategy|agi_validation_failed:exit_allocation_units.CEX_USDC|agi_validation_failed:exit_allocation_units.Curve_USDe|agi_validation_failed:expected_recovered_usd|agi_validation_failed:fast_cash_usd|agi_validation_failed:largest_visible_exit_units|agi_validation_failed:self_check,0,0.182,2440,agi_validation_failed:intent|agi_validation_failed:chosen_strategy|agi_validation_failed:exit_allocation_units.CEX_USDC|agi_validation_failed:exit_allocation_units.Curve_USDe|agi_validation_failed:exit_allocation_units.OTC_block|agi_validation_failed:expected_recovered_usd|agi_validation_failed:fast_cash_usd|agi_validation_failed:largest_visible_exit_units|agi_validation_failed:self_check,0,0.273,3704,agi_validation_failed:intent|agi_validation_failed:chosen_strategy|agi_validation_failed:exit_allocation_units.CEX_USDC|agi_validation_failed:exit_allocation_units.Curve_USDe|agi_validation_failed:expected_recovered_usd|agi_validation_failed:fast_cash_usd|agi_validation_failed:largest_visible_exit_units|agi_validation_failed:self_check,0,0.273,5137,agi_validation_failed:intent|agi_validation_failed:chosen_strategy|agi_validation_failed:exit_allocation_units.CEX_USDC|agi_validation_failed:exit_allocation_units.Curve_USDe|agi_validation_failed:expected_recovered_usd|agi_validation_failed:fast_cash_usd|agi_validation_failed:largest_visible_exit_units|agi_validation_failed:self_check
AGI-073,11,0,,meta-llama/llama-3.3-70b-instruct;meta-llama/llama-4-maverick;meta-llama/llama-4-scout;meta-llama/llama-3.1-8b-instruct,0.227,7059,0,0.182,15342,agi_validation_failed:intent|agi_validation_failed:chosen_strategy|agi_validation_failed:exit_allocation_units.CEX_convert|agi_validation_failed:exit_allocation_units.Curve_legacy|agi_validation_failed:exit_allocation_units.DEX_thin|agi_validation_failed:expected_recovered_usd|agi_validation_failed:fast_cash_usd|agi_validation_failed:largest_visible_exit_units|agi_validation_failed:self_check,0,0.182,4427,agi_validation_failed:intent|agi_validation_failed:chosen_strategy|agi_validation_failed:exit_allocation_units.CEX_convert|agi_validation_failed:exit_allocation_units.Curve_legacy|agi_validation_failed:exit_allocation_units.DEX_thin|agi_validation_failed:expected_recovered_usd|agi_validation_failed:fast_cash_usd|agi_validation_failed:largest_visible_exit_units|agi_validation_failed:self_check,0,0.273,4356,agi_validation_failed:intent|agi_validation_failed:chosen_strategy|agi_validation_failed:exit_allocation_units.CEX_convert|agi_validation_failed:exit_allocation_units.Curve_legacy|agi_validation_failed:expected_recovered_usd|agi_validation_failed:fast_cash_usd|agi_validation_failed:largest_visible_exit_units|agi_validation_failed:self_check,0,0.273,4112,agi_validation_failed:intent|agi_validation_failed:chosen_strategy|agi_validation_failed:exit_allocation_units.CEX_convert|agi_validation_failed:exit_allocation_units.Curve_legacy|agi_validation_failed:expected_recovered_usd|agi_validation_failed:fast_cash_usd|agi_validation_failed:largest_visible_exit_units|agi_validation_failed:self_check
AGI-074,11,0,,meta-llama/llama-3.3-70b-instruct;meta-llama/llama-4-maverick;meta-llama/llama-4-scout;meta-llama/llama-3.1-8b-instruct,0.292,3905,0,0.250,6021,agi_validation_failed:intent|agi_validation_failed:chosen_strategy|agi_validation_failed:route_allocation_usd.Stargate|agi_validation_failed:route_allocation_usd.CEX_internal|agi_validation_failed:expected_arrival_usd|agi_validation_failed:expected_cost_usd|agi_validation_failed:max_route_share_pct|agi_validation_failed:arrival_minutes|agi_validation_failed:self_check,0,0.333,1833,agi_validation_failed:intent|agi_validation_failed:chosen_strategy|agi_validation_failed:route_allocation_usd.Stargate|agi_validation_failed:route_allocation_usd.Hop|agi_validation_failed:route_allocation_usd.CEX_internal|agi_validation_failed:expected_cost_usd|agi_validation_failed:arrival_minutes|agi_validation_failed:self_check,0,0.333,3677,agi_validation_failed:intent|agi_validation_failed:chosen_strategy|agi_validation_failed:route_allocation_usd.Stargate|agi_validation_failed:route_allocation_usd.Hop|agi_validation_failed:expected_cost_usd|agi_validation_failed:max_route_share_pct|agi_validation_failed:arrival_minutes|agi_validation_failed:self_check,0,0.250,4089,agi_validation_failed:intent|agi_validation_failed:chosen_strategy|agi_validation_failed:route_allocation_usd.Circle_CCTP|agi_validation_failed:route_allocation_usd.Across|agi_validation_failed:route_allocation_usd.Stargate|agi_validation_failed:route_allocation_usd.CEX_internal|agi_validation_failed:expected_cost_usd|agi_validation_failed:max_route_share_pct|agi_validation_failed:self_check
AGI-075,11,0,,meta-llama/llama-3.3-70b-instruct;meta-llama/llama-4-maverick;meta-llama/llama-4-scout;meta-llama/llama-3.1-8b-instruct,0.333,3735,0,0.417,5954,agi_validation_failed:intent|agi_validation_failed:chosen_strategy|agi_validation_failed:route_allocation_usd.Stargate|agi_validation_failed:expected_cost_usd|agi_validation_failed:max_route_share_pct|agi_validation_failed:arrival_minutes|agi_validation_failed:self_check,0,0.333,6694,agi_validation_failed:intent|agi_validation_failed:chosen_strategy|agi_validation_failed:route_allocation_usd.Circle_CCTP|agi_validation_failed:route_allocation_usd.Stargate|agi_validation_failed:route_allocation_usd.CEX_internal|agi_validation_failed:expected_cost_usd|agi_validation_failed:max_route_share_pct|agi_validation_failed:self_check,0,0.417,795,agi_validation_failed:intent|agi_validation_failed:chosen_strategy|agi_validation_failed:route_allocation_usd.Stargate|agi_validation_failed:route_allocation_usd.Synapse|agi_validation_failed:expected_cost_usd|agi_validation_failed:max_route_share_pct|agi_validation_failed:self_check,0,0.167,1496,agi_validation_failed:intent|agi_validation_failed:chosen_strategy|agi_validation_failed:route_allocation_usd.Circle_CCTP|agi_validation_failed:route_allocation_usd.Across|agi_validation_failed:route_allocation_usd.Stargate|agi_validation_failed:route_allocation_usd.CEX_internal|agi_validation_failed:expected_cost_usd|agi_validation_failed:max_route_share_pct|agi_validation_failed:arrival_minutes|agi_validation_failed:self_check
AGI-076,11,0,,meta-llama/llama-3.3-70b-instruct;meta-llama/llama-4-maverick;meta-llama/llama-4-scout;meta-llama/llama-3.1-8b-instruct,0.333,5241,0,0.250,6655,agi_validation_failed:intent|agi_validation_failed:chosen_strategy|agi_validation_failed:route_allocation_usd.Stargate|agi_validation_failed:route_allocation_usd.CEX_internal|agi_validation_failed:expected_arrival_usd|agi_validation_failed:expected_cost_usd|agi_validation_failed:max_route_share_pct|agi_validation_failed:arrival_minutes|agi_validation_failed:self_check,0,0.250,8607,agi_validation_failed:intent|agi_validation_failed:chosen_strategy|agi_validation_failed:route_allocation_usd.Stargate|agi_validation_failed:route_allocation_usd.Hop|agi_validation_failed:route_allocation_usd.CEX_internal|agi_validation_failed:expected_cost_usd|agi_validation_failed:max_route_share_pct|agi_validation_failed:arrival_minutes|agi_validation_failed:self_check,0,0.333,999,agi_validation_failed:intent|agi_validation_failed:chosen_strategy|agi_validation_failed:route_allocation_usd.Stargate|agi_validation_failed:route_allocation_usd.Hop|agi_validation_failed:expected_cost_usd|agi_validation_failed:max_route_share_pct|agi_validation_failed:arrival_minutes|agi_validation_failed:self_check,0,0.500,4704,agi_validation_failed:intent|agi_validation_failed:chosen_strategy|agi_validation_failed:route_allocation_usd.Stargate|agi_validation_failed:expected_cost_usd|agi_validation_failed:max_route_share_pct|agi_validation_failed:self_check
AGI-077,11,0,,meta-llama/llama-3.3-70b-instruct;meta-llama/llama-4-maverick;meta-llama/llama-4-scout;meta-llama/llama-3.1-8b-instruct,0.375,5450,0,0.333,8119,agi_validation_failed:intent|agi_validation_failed:chosen_strategy|agi_validation_failed:route_allocation_usd.Stargate|agi_validation_failed:expected_arrival_usd|agi_validation_failed:expected_cost_usd|agi_validation_failed:max_route_share_pct|agi_validation_failed:arrival_minutes|agi_validation_failed:self_check,0,0.417,3927,agi_validation_failed:intent|agi_validation_failed:chosen_strategy|agi_validation_failed:route_allocation_usd.Stargate|agi_validation_failed:route_allocation_usd.CEX_internal|agi_validation_failed:expected_cost_usd|agi_validation_failed:arrival_minutes|agi_validation_failed:self_check,0,0.417,1139,agi_validation_failed:intent|agi_validation_failed:chosen_strategy|agi_validation_failed:route_allocation_usd.Stargate|agi_validation_failed:expected_arrival_usd|agi_validation_failed:expected_cost_usd|agi_validation_failed:max_route_share_pct|agi_validation_failed:self_check,0,0.333,8613,agi_validation_failed:intent|agi_validation_failed:chosen_strategy|agi_validation_failed:route_allocation_usd.Stargate|agi_validation_failed:route_allocation_usd.Legacy_PoS|agi_validation_failed:expected_cost_usd|agi_validation_failed:max_route_share_pct|agi_validation_failed:arrival_minutes|agi_validation_failed:self_check
AGI-078,11,0,,meta-llama/llama-3.3-70b-instruct;meta-llama/llama-4-maverick;meta-llama/llama-4-scout;meta-llama/llama-3.1-8b-instruct,0.036,3022,0,0.000,3525,agi_validation_failed:intent|agi_validation_failed:chosen_strategy|agi_validation_failed:selected_hedges|agi_validation_failed:premium_usd|agi_validation_failed:worst_case_pnl_usd|agi_validation_failed:expected_pnl_usd|agi_validation_failed:self_check,0,0.000,1429,agi_validation_failed:intent|agi_validation_failed:chosen_strategy|agi_validation_failed:selected_hedges|agi_validation_failed:premium_usd|agi_validation_failed:worst_case_pnl_usd|agi_validation_failed:expected_pnl_usd|agi_validation_failed:self_check,0,0.000,4079,agi_validation_failed:intent|agi_validation_failed:chosen_strategy|agi_validation_failed:selected_hedges|agi_validation_failed:premium_usd|agi_validation_failed:worst_case_pnl_usd|agi_validation_failed:expected_pnl_usd|agi_validation_failed:self_check,0,0.143,3053,agi_validation_failed:intent|agi_validation_failed:chosen_strategy|agi_validation_failed:premium_usd|agi_validation_failed:worst_case_pnl_usd|agi_validation_failed:expected_pnl_usd|agi_validation_failed:self_check
AGI-079,11,0,,meta-llama/llama-3.3-70b-instruct;meta-llama/llama-4-maverick;meta-llama/llama-4-scout;meta-llama/llama-3.1-8b-instruct,0.143,3896,0,0.286,4297,agi_validation_failed:intent|agi_validation_failed:chosen_strategy|agi_validation_failed:worst_case_pnl_usd|agi_validation_failed:expected_pnl_usd|agi_validation_failed:self_check,0,0.286,1363,agi_validation_failed:intent|agi_validation_failed:chosen_strategy|agi_validation_failed:worst_case_pnl_usd|agi_validation_failed:expected_pnl_usd|agi_validation_failed:self_check,0,0.000,4452,agi_validation_failed:intent|agi_validation_failed:chosen_strategy|agi_validation_failed:selected_hedges|agi_validation_failed:premium_usd|agi_validation_failed:worst_case_pnl_usd|agi_validation_failed:expected_pnl_usd|agi_validation_failed:self_check,0,0.000,5472,agi_validation_failed:intent|agi_validation_failed:chosen_strategy|agi_validation_failed:selected_hedges|agi_validation_failed:premium_usd|agi_validation_failed:worst_case_pnl_usd|agi_validation_failed:expected_pnl_usd|agi_validation_failed:self_check
AGI-080,11,0,,meta-llama/llama-3.3-70b-instruct;meta-llama/llama-4-maverick;meta-llama/llama-4-scout;meta-llama/llama-3.1-8b-instruct,0.036,3723,0,0.000,4198,agi_validation_failed:intent|agi_validation_failed:chosen_strategy|agi_validation_failed:selected_hedges|agi_validation_failed:premium_usd|agi_validation_failed:worst_case_pnl_usd|agi_validation_failed:expected_pnl_usd|agi_validation_failed:self_check,0,0.000,1649,agi_validation_failed:intent|agi_validation_failed:chosen_strategy|agi_validation_failed:selected_hedges|agi_validation_failed:premium_usd|agi_validation_failed:worst_case_pnl_usd|agi_validation_failed:expected_pnl_usd|agi_validation_failed:self_check,0,0.000,3286,agi_validation_failed:intent|agi_validation_failed:chosen_strategy|agi_validation_failed:selected_hedges|agi_validation_failed:premium_usd|agi_validation_failed:worst_case_pnl_usd|agi_validation_failed:expected_pnl_usd|agi_validation_failed:self_check,0,0.143,5757,agi_validation_failed:intent|agi_validation_failed:chosen_strategy|agi_validation_failed:selected_hedges|agi_validation_failed:worst_case_pnl_usd|agi_validation_failed:expected_pnl_usd|agi_validation_failed:self_check
AGI-081,11,0,,meta-llama/llama-3.3-70b-instruct;meta-llama/llama-4-maverick;meta-llama/llama-4-scout;meta-llama/llama-3.1-8b-instruct,0.000,3122,0,0.000,4855,agi_validation_failed:intent|agi_validation_failed:chosen_strategy|agi_validation_failed:selected_hedges|agi_validation_failed:premium_usd|agi_validation_failed:worst_case_pnl_usd|agi_validation_failed:expected_pnl_usd|agi_validation_failed:self_check,0,0.000,1973,agi_validation_failed:intent|agi_validation_failed:chosen_strategy|agi_validation_failed:selected_hedges|agi_validation_failed:premium_usd|agi_validation_failed:worst_case_pnl_usd|agi_validation_failed:expected_pnl_usd|agi_validation_failed:self_check,0,0.000,2028,agi_validation_failed:intent|missing_field|missing_field|agi_validation_failed:premium_usd|agi_validation_failed:worst_case_pnl_usd|missing_field|missing_field,0,0.000,3632,agi_validation_failed:intent|agi_validation_failed:chosen_strategy|agi_validation_failed:selected_hedges|agi_validation_failed:premium_usd|agi_validation_failed:worst_case_pnl_usd|agi_validation_failed:expected_pnl_usd|agi_validation_failed:self_check
AGI-082,11,0,,meta-llama/llama-3.3-70b-instruct;meta-llama/llama-4-maverick;meta-llama/llama-4-scout;meta-llama/llama-3.1-8b-instruct,0.292,5900,0,0.250,6845,agi_validation_failed:intent|agi_validation_failed:chosen_strategy|agi_validation_failed:venue_allocation_usd.Binance|agi_validation_failed:venue_allocation_usd.Bybit|agi_validation_failed:venue_allocation_usd.Coinbase|agi_validation_failed:largest_visible_clip_usd|agi_validation_failed:expected_asset_received|agi_validation_failed:effective_price|agi_validation_failed:self_check,0,0.333,9229,agi_validation_failed:intent|agi_validation_failed:chosen_strategy|agi_validation_failed:venue_allocation_usd.Binance|agi_validation_failed:venue_allocation_usd.Bybit|agi_validation_failed:venue_allocation_usd.Uniswap_Arbitrum|agi_validation_failed:venue_allocation_usd.Coinbase|agi_validation_failed:largest_visible_clip_usd|agi_validation_failed:self_check,0,0.250,3748,agi_validation_failed:intent|agi_validation_failed:chosen_strategy|agi_validation_failed:venue_allocation_usd.Binance|agi_validation_failed:venue_allocation_usd.Hyperliquid_RFQ|agi_validation_failed:venue_allocation_usd.Bybit|agi_validation_failed:venue_allocation_usd.Coinbase|agi_validation_failed:expected_asset_received|agi_validation_failed:effective_price|agi_validation_failed:self_check,0,0.333,3778,agi_validation_failed:intent|agi_validation_failed:chosen_strategy|agi_validation_failed:venue_allocation_usd.Binance|agi_validation_failed:venue_allocation_usd.Bybit|agi_validation_failed:venue_allocation_usd.Coinbase|agi_validation_failed:expected_asset_received|agi_validation_failed:effective_price|agi_validation_failed:self_check
AGI-083,11,0,,meta-llama/llama-3.3-70b-instruct;meta-llama/llama-4-maverick;meta-llama/llama-4-scout;meta-llama/llama-3.1-8b-instruct,0.250,5715,0,0.333,2165,agi_validation_failed:intent|agi_validation_failed:chosen_strategy|agi_validation_failed:venue_allocation_usd.Binance|agi_validation_failed:venue_allocation_usd.Coinbase|agi_validation_failed:largest_visible_clip_usd|agi_validation_failed:expected_asset_received|agi_validation_failed:effective_price|agi_validation_failed:self_check,0,0.250,10218,agi_validation_failed:intent|agi_validation_failed:chosen_strategy|agi_validation_failed:venue_allocation_usd.Binance|agi_validation_failed:venue_allocation_usd.OKX|agi_validation_failed:venue_allocation_usd.Coinbase|agi_validation_failed:largest_visible_clip_usd|agi_validation_failed:expected_asset_received|agi_validation_failed:effective_price|agi_validation_failed:self_check,0,0.250,3781,agi_validation_failed:intent|agi_validation_failed:chosen_strategy|agi_validation_failed:venue_allocation_usd.Binance|agi_validation_failed:venue_allocation_usd.OKX|agi_validation_failed:venue_allocation_usd.Coinbase|agi_validation_failed:largest_visible_clip_usd|agi_validation_failed:expected_asset_received|agi_validation_failed:effective_price|agi_validation_failed:self_check,0,0.167,6695,agi_validation_failed:intent|agi_validation_failed:chosen_strategy|agi_validation_failed:venue_allocation_usd.Binance|agi_validation_failed:venue_allocation_usd.OKX|agi_validation_failed:venue_allocation_usd.Orca|agi_validation_failed:venue_allocation_usd.Coinbase|agi_validation_failed:largest_visible_clip_usd|agi_validation_failed:expected_asset_received|agi_validation_failed:effective_price|agi_validation_failed:self_check
AGI-084,11,0,,meta-llama/llama-3.3-70b-instruct;meta-llama/llama-4-maverick;meta-llama/llama-4-scout;meta-llama/llama-3.1-8b-instruct,0.250,6194,0,0.417,10465,agi_validation_failed:intent|agi_validation_failed:chosen_strategy|agi_validation_failed:venue_allocation_usd.Binance|agi_validation_failed:venue_allocation_usd.Kraken|agi_validation_failed:venue_allocation_usd.Bybit|agi_validation_failed:largest_visible_clip_usd|agi_validation_failed:self_check,0,0.250,8861,agi_validation_failed:intent|agi_validation_failed:chosen_strategy|agi_validation_failed:venue_allocation_usd.Binance|agi_validation_failed:venue_allocation_usd.Kraken|agi_validation_failed:venue_allocation_usd.Bybit|agi_validation_failed:venue_allocation_usd.CoW_RFQ|agi_validation_failed:venue_allocation_usd.Uniswap_Base|agi_validation_failed:largest_visible_clip_usd|agi_validation_failed:self_check,0,0.333,989,agi_validation_failed:intent|agi_validation_failed:chosen_strategy|agi_validation_failed:venue_allocation_usd.Binance|agi_validation_failed:venue_allocation_usd.Kraken|agi_validation_failed:venue_allocation_usd.Bybit|agi_validation_failed:expected_asset_received|agi_validation_failed:effective_price|agi_validation_failed:self_check,0,0.000,4461,agi_validation_failed:intent|agi_validation_failed:chosen_strategy|agi_validation_failed:venue_allocation_usd.Binance|agi_validation_failed:venue_allocation_usd.OTC_Block|agi_validation_failed:venue_allocation_usd.Kraken|agi_validation_failed:venue_allocation_usd.Bybit|agi_validation_failed:venue_allocation_usd.CoW_RFQ|agi_validation_failed:venue_allocation_usd.Uniswap_Base|agi_validation_failed:largest_visible_clip_usd|agi_validation_failed:expected_asset_received|agi_validation_failed:effective_price|agi_validation_failed:self_check
AGI-085,11,0,,meta-llama/llama-3.3-70b-instruct;meta-llama/llama-4-maverick;meta-llama/llama-4-scout;meta-llama/llama-3.1-8b-instruct,0.104,5850,0,0.000,5435,agi_validation_failed:intent|agi_validation_failed:chosen_strategy|agi_validation_failed:venue_allocation_usd.Binance|agi_validation_failed:venue_allocation_usd.Ethena_RFQ|agi_validation_failed:venue_allocation_usd.OKX|agi_validation_failed:venue_allocation_usd.Bybit|agi_validation_failed:venue_allocation_usd.Curve_USDe|agi_validation_failed:venue_allocation_usd.Coinbase|agi_validation_failed:largest_visible_clip_usd|agi_validation_failed:expected_asset_received|agi_validation_failed:effective_price|agi_validation_failed:self_check,0,0.167,6781,agi_validation_failed:intent|agi_validation_failed:chosen_strategy|agi_validation_failed:venue_allocation_usd.Binance|agi_validation_failed:venue_allocation_usd.Ethena_RFQ|agi_validation_failed:venue_allocation_usd.Bybit|agi_validation_failed:venue_allocation_usd.Coinbase|agi_validation_failed:largest_visible_clip_usd|agi_validation_failed:expected_asset_received|agi_validation_failed:effective_price|agi_validation_failed:self_check,0,0.083,5442,agi_validation_failed:intent|agi_validation_failed:chosen_strategy|agi_validation_failed:venue_allocation_usd.Binance|agi_validation_failed:venue_allocation_usd.Ethena_RFQ|agi_validation_failed:venue_allocation_usd.OKX|agi_validation_failed:venue_allocation_usd.Bybit|agi_validation_failed:venue_allocation_usd.Curve_USDe|agi_validation_failed:venue_allocation_usd.Coinbase|agi_validation_failed:expected_asset_received|agi_validation_failed:effective_price|agi_validation_failed:self_check,0,0.167,5741,agi_validation_failed:intent|agi_validation_failed:chosen_strategy|agi_validation_failed:venue_allocation_usd.Binance|agi_validation_failed:venue_allocation_usd.OKX|agi_validation_failed:venue_allocation_usd.Bybit|agi_validation_failed:venue_allocation_usd.Curve_USDe|agi_validation_failed:venue_allocation_usd.Coinbase|agi_validation_failed:expected_asset_received|agi_validation_failed:effective_price|agi_validation_failed:self_check
AGI-086,11,0,,meta-llama/llama-3.3-70b-instruct;meta-llama/llama-4-maverick;meta-llama/llama-4-scout;meta-llama/llama-3.1-8b-instruct,0.500,5116,0,0.545,3284,agi_validation_failed:intent|agi_validation_failed:chosen_strategy|agi_validation_failed:execution_sequence|agi_validation_failed:venue_fills.RFQ_A|agi_validation_failed:self_check,0,0.545,3215,agi_validation_failed:intent|agi_validation_failed:chosen_strategy|agi_validation_failed:execution_sequence|agi_validation_failed:expected_slippage_pct|agi_validation_failed:self_check,0,0.636,859,agi_validation_failed:intent|agi_validation_failed:chosen_strategy|agi_validation_failed:expected_slippage_pct|agi_validation_failed:self_check,0,0.273,13107,agi_validation_failed:intent|agi_validation_failed:chosen_strategy|agi_validation_failed:execution_sequence|agi_validation_failed:venue_fills.Dark_RFQ|agi_validation_failed:venue_fills.Internalizer|agi_validation_failed:venue_fills.RFQ_A|agi_validation_failed:venue_fills.hidden_public|agi_validation_failed:self_check
AGI-087,11,0,,meta-llama/llama-3.3-70b-instruct;meta-llama/llama-4-maverick;meta-llama/llama-4-scout;meta-llama/llama-3.1-8b-instruct,0.455,5739,0,0.636,9086,agi_validation_failed:intent|agi_validation_failed:chosen_strategy|agi_validation_failed:venue_fills.RFQ_A|agi_validation_failed:self_check,0,0.636,2482,agi_validation_failed:intent|agi_validation_failed:chosen_strategy|agi_validation_failed:execution_sequence|agi_validation_failed:self_check,0,0.364,3999,agi_validation_failed:intent|agi_validation_failed:chosen_strategy|agi_validation_failed:venue_fills.CEX_Y|agi_validation_failed:venue_fills.Dark_RFQ|agi_validation_failed:venue_fills.RFQ_A|agi_validation_failed:venue_fills.hidden_public|agi_validation_failed:self_check,0,0.182,7389,agi_validation_failed:intent|agi_validation_failed:chosen_strategy|agi_validation_failed:execution_sequence|agi_validation_failed:venue_fills.CEX_Y|agi_validation_failed:venue_fills.Dark_RFQ|agi_validation_failed:venue_fills.RFQ_A|missing_field|agi_validation_failed:expected_slippage_pct|agi_validation_failed:self_check
AGI-088,11,0,,meta-llama/llama-3.3-70b-instruct;meta-llama/llama-4-maverick;meta-llama/llama-4-scout;meta-llama/llama-3.1-8b-instruct,0.432,5116,0,0.636,7886,agi_validation_failed:intent|agi_validation_failed:chosen_strategy|agi_validation_failed:expected_slippage_pct|agi_validation_failed:self_check,0,0.727,2200,agi_validation_failed:intent|agi_validation_failed:chosen_strategy|agi_validation_failed:self_check,0,0.182,3259,agi_validation_failed:intent|missing_field|missing_field|missing_field|missing_field|missing_field|missing_field|missing_field|missing_field,0,0.182,7117,agi_validation_failed:intent|agi_validation_failed:chosen_strategy|agi_validation_failed:execution_sequence|agi_validation_failed:venue_fills.Internalizer|agi_validation_failed:venue_fills.Dark_RFQ|agi_validation_failed:venue_fills.CEX_Y|agi_validation_failed:venue_fills.hidden_public|agi_validation_failed:expected_slippage_pct|agi_validation_failed:self_check
AGI-089,11,0,,meta-llama/llama-3.3-70b-instruct;meta-llama/llama-4-maverick;meta-llama/llama-4-scout;meta-llama/llama-3.1-8b-instruct,0.143,4165,0,0.000,6742,agi_validation_failed:intent|agi_validation_failed:chosen_strategy|agi_validation_failed:hedge_units|agi_validation_failed:net_exposure_units|agi_validation_failed:worst_case_margin_drawdown_pct|agi_validation_failed:funding_window_pnl_usd|agi_validation_failed:self_check,0,0.286,4873,agi_validation_failed:intent|agi_validation_failed:chosen_strategy|agi_validation_failed:worst_case_margin_drawdown_pct|agi_validation_failed:funding_window_pnl_usd|agi_validation_failed:self_check,0,0.000,2191,agi_validation_failed:intent|agi_validation_failed:chosen_strategy|agi_validation_failed:hedge_units|agi_validation_failed:net_exposure_units|agi_validation_failed:worst_case_margin_drawdown_pct|agi_validation_failed:funding_window_pnl_usd|agi_validation_failed:self_check,0,0.286,2855,agi_validation_failed:intent|agi_validation_failed:chosen_strategy|agi_validation_failed:worst_case_margin_drawdown_pct|agi_validation_failed:funding_window_pnl_usd|agi_validation_failed:self_check
AGI-090,11,0,,meta-llama/llama-3.3-70b-instruct;meta-llama/llama-4-maverick;meta-llama/llama-4-scout;meta-llama/llama-3.1-8b-instruct,0.286,3937,0,0.286,4942,agi_validation_failed:intent|agi_validation_failed:chosen_strategy|agi_validation_failed:worst_case_margin_drawdown_pct|agi_validation_failed:funding_window_pnl_usd|agi_validation_failed:self_check,0,0.286,1610,agi_validation_failed:intent|agi_validation_failed:chosen_strategy|agi_validation_failed:worst_case_margin_drawdown_pct|agi_validation_failed:funding_window_pnl_usd|agi_validation_failed:self_check,0,0.286,4775,agi_validation_failed:intent|agi_validation_failed:chosen_strategy|agi_validation_failed:worst_case_margin_drawdown_pct|agi_validation_failed:funding_window_pnl_usd|agi_validation_failed:self_check,0,0.286,4421,agi_validation_failed:intent|agi_validation_failed:chosen_strategy|agi_validation_failed:worst_case_margin_drawdown_pct|agi_validation_failed:funding_window_pnl_usd|agi_validation_failed:self_check
AGI-091,11,0,,meta-llama/llama-3.3-70b-instruct;meta-llama/llama-4-maverick;meta-llama/llama-4-scout;meta-llama/llama-3.1-8b-instruct,0.286,2280,0,0.286,4505,agi_validation_failed:intent|agi_validation_failed:chosen_strategy|agi_validation_failed:worst_case_margin_drawdown_pct|agi_validation_failed:funding_window_pnl_usd|agi_validation_failed:self_check,0,0.286,1697,agi_validation_failed:intent|agi_validation_failed:chosen_strategy|agi_validation_failed:worst_case_margin_drawdown_pct|agi_validation_failed:funding_window_pnl_usd|agi_validation_failed:self_check,0,0.286,630,agi_validation_failed:intent|agi_validation_failed:chosen_strategy|agi_validation_failed:worst_case_margin_drawdown_pct|agi_validation_failed:funding_window_pnl_usd|agi_validation_failed:self_check,0,0.286,2287,agi_validation_failed:intent|agi_validation_failed:chosen_strategy|agi_validation_failed:worst_case_margin_drawdown_pct|agi_validation_failed:funding_window_pnl_usd|agi_validation_failed:self_check
AGI-092,11,0,,meta-llama/llama-3.3-70b-instruct;meta-llama/llama-4-maverick;meta-llama/llama-4-scout;meta-llama/llama-3.1-8b-instruct,0.477,4163,0,0.182,3993,agi_validation_failed:intent|agi_validation_failed:chosen_strategy|agi_validation_failed:expected_90d_profit_usd|missing_field|missing_field|missing_field|missing_field,0,0.636,2828,agi_validation_failed:intent|agi_validation_failed:chosen_strategy,0,0.545,4278,agi_validation_failed:intent|agi_validation_failed:chosen_strategy|agi_validation_failed:expected_90d_profit_usd,0,0.545,5551,agi_validation_failed:intent|agi_validation_failed:chosen_strategy|agi_validation_failed:expected_90d_profit_usd
AGI-093,11,0,,meta-llama/llama-3.3-70b-instruct;meta-llama/llama-4-maverick;meta-llama/llama-4-scout;meta-llama/llama-3.1-8b-instruct,0.341,5771,0,0.273,14933,agi_validation_failed:intent|agi_validation_failed:chosen_strategy|agi_validation_failed:expected_net_apy_pct|agi_validation_failed:expected_90d_profit_usd|agi_validation_failed:liquidity_48h_usd|agi_validation_failed:allocation_usd.EigenLayer_AVS,0,0.545,1661,agi_validation_failed:intent|agi_validation_failed:chosen_strategy|agi_validation_failed:liquidity_48h_usd,0,0.455,2594,agi_validation_failed:intent|agi_validation_failed:chosen_strategy|agi_validation_failed:expected_90d_profit_usd|agi_validation_failed:liquidity_48h_usd,0,0.091,3897,agi_validation_failed:intent|agi_validation_failed:chosen_strategy|agi_validation_failed:expected_net_apy_pct|agi_validation_failed:expected_90d_profit_usd|agi_validation_failed:allocation_usd.Aave_USDC|agi_validation_failed:allocation_usd.Symbiotic_AVS|agi_validation_failed:allocation_usd.EigenLayer_AVS|agi_validation_failed:allocation_usd.Pendle_PT
AGI-094,11,0,,meta-llama/llama-3.3-70b-instruct;meta-llama/llama-4-maverick;meta-llama/llama-4-scout;meta-llama/llama-3.1-8b-instruct,0.300,4716,0,0.400,10798,agi_validation_failed:intent|agi_validation_failed:chosen_strategy|agi_validation_failed:allocation_usd.Ethena_USDe|agi_validation_failed:expected_net_apy_pct|agi_validation_failed:expected_90d_profit_usd|agi_validation_failed:self_check,0,0.300,3585,agi_validation_failed:intent|agi_validation_failed:chosen_strategy|agi_validation_failed:allocation_usd.GMX_GLP|agi_validation_failed:allocation_usd.Ethena_USDe|agi_validation_failed:expected_net_apy_pct|agi_validation_failed:expected_90d_profit_usd|agi_validation_failed:self_check,0,0.400,1023,agi_validation_failed:intent|agi_validation_failed:chosen_strategy|agi_validation_failed:allocation_usd.Ethena_USDe|agi_validation_failed:expected_net_apy_pct|agi_validation_failed:expected_90d_profit_usd|agi_validation_failed:self_check,0,0.100,3457,agi_validation_failed:intent|agi_validation_failed:chosen_strategy|agi_validation_failed:allocation_usd.Aave_USDC|agi_validation_failed:allocation_usd.GMX_GLP|missing_field|agi_validation_failed:expected_net_apy_pct|agi_validation_failed:expected_90d_profit_usd|agi_validation_failed:liquidity_48h_usd|agi_validation_failed:self_check
AGI-095,11,0,,meta-llama/llama-3.3-70b-instruct;meta-llama/llama-4-maverick;meta-llama/llama-4-scout;meta-llama/llama-3.1-8b-instruct,0.250,3101,0,0.000,4580,agi_validation_failed:intent|agi_validation_failed:chosen_strategy|missing_field|missing_field|missing_field|missing_field|missing_field|missing_field,0,0.500,2955,agi_validation_failed:intent|agi_validation_failed:chosen_strategy|agi_validation_failed:expected_loss_usd|agi_validation_failed:self_check,0,0.375,3284,agi_validation_failed:intent|agi_validation_failed:chosen_strategy|agi_validation_failed:observable_largest_clip_usd|agi_validation_failed:expected_loss_usd|agi_validation_failed:self_check,0,0.125,1585,agi_validation_failed:intent|agi_validation_failed:chosen_strategy|agi_validation_failed:route_allocation_usd.Alpha|agi_validation_failed:route_allocation_usd.Delta|agi_validation_failed:observable_largest_clip_usd|agi_validation_failed:expected_loss_usd|agi_validation_failed:self_check
AGI-096,11,0,,meta-llama/llama-3.3-70b-instruct;meta-llama/llama-4-maverick;meta-llama/llama-4-scout;meta-llama/llama-3.1-8b-instruct,0.281,6036,0,0.375,13899,agi_validation_failed:intent|agi_validation_failed:chosen_strategy|agi_validation_failed:expected_loss_usd|agi_validation_failed:expected_arrival_minutes|agi_validation_failed:self_check,0,0.375,6346,agi_validation_failed:intent|agi_validation_failed:chosen_strategy|agi_validation_failed:expected_loss_usd|agi_validation_failed:expected_arrival_minutes|agi_validation_failed:self_check,0,0.250,864,agi_validation_failed:intent|agi_validation_failed:chosen_strategy|agi_validation_failed:observable_largest_clip_usd|agi_validation_failed:expected_loss_usd|agi_validation_failed:expected_arrival_minutes|agi_validation_failed:self_check,0,0.125,3034,agi_validation_failed:intent|agi_validation_failed:chosen_strategy|agi_validation_failed:route_allocation_usd.Gamma|agi_validation_failed:route_allocation_usd.Sigma|agi_validation_failed:observable_largest_clip_usd|agi_validation_failed:expected_loss_usd|agi_validation_failed:self_check
AGI-097,11,0,,meta-llama/llama-3.3-70b-instruct;meta-llama/llama-4-maverick;meta-llama/llama-4-scout;meta-llama/llama-3.1-8b-instruct,0.313,3501,0,0.375,8444,agi_validation_failed:intent|agi_validation_failed:chosen_strategy|agi_validation_failed:expected_loss_usd|agi_validation_failed:expected_arrival_minutes|agi_validation_failed:self_check,0,0.375,1279,agi_validation_failed:intent|agi_validation_failed:chosen_strategy|agi_validation_failed:expected_loss_usd|agi_validation_failed:expected_arrival_minutes|agi_validation_failed:self_check,0,0.375,795,agi_validation_failed:intent|agi_validation_failed:chosen_strategy|agi_validation_failed:observable_largest_clip_usd|agi_validation_failed:expected_loss_usd|agi_validation_failed:self_check,0,0.125,3487,agi_validation_failed:intent|agi_validation_failed:chosen_strategy|agi_validation_failed:route_allocation_usd.Alpha|agi_validation_failed:route_allocation_usd.Sigma|agi_validation_failed:observable_largest_clip_usd|agi_validation_failed:expected_loss_usd|agi_validation_failed:self_check
AGI-098,11,0,,meta-llama/llama-3.3-70b-instruct;meta-llama/llama-4-maverick;meta-llama/llama-4-scout;meta-llama/llama-3.1-8b-instruct,0.250,2941,0,0.000,7365,agi_validation_failed:intent|missing_field|missing_field|missing_field|missing_field|missing_field,0,0.375,1516,agi_validation_failed:intent|agi_validation_failed:chosen_strategy|agi_validation_failed:price_band,0,0.375,702,agi_validation_failed:intent|agi_validation_failed:chosen_strategy|agi_validation_failed:price_band,0,0.250,2181,agi_validation_failed:intent|agi_validation_failed:chosen_strategy|agi_validation_failed:price_band|agi_validation_failed:expected_avg_price
AGI-099,11,0,,meta-llama/llama-3.3-70b-instruct;meta-llama/llama-4-maverick;meta-llama/llama-4-scout;meta-llama/llama-3.1-8b-instruct,0.250,6334,0,0.455,8246,agi_validation_failed:intent|agi_validation_failed:chosen_strategy|agi_validation_failed:venue_fills.venue_r_randomized_ladder|agi_validation_failed:largest_lit_child_units|agi_validation_failed:classifier_exposure_score|agi_validation_failed:self_check,0,0.273,1384,agi_validation_failed:intent|agi_validation_failed:chosen_strategy|agi_validation_failed:execution_sequence|agi_validation_failed:venue_fills.venue_r_randomized_ladder|agi_validation_failed:venue_fills.venue_c_ioc_residual|agi_validation_failed:largest_lit_child_units|agi_validation_failed:classifier_exposure_score|agi_validation_failed:self_check,0,0.182,5258,agi_validation_failed:intent|agi_validation_failed:chosen_strategy|agi_validation_failed:venue_fills.dark_rfq|agi_validation_failed:venue_fills.venue_m_midpoint|agi_validation_failed:venue_fills.venue_r_randomized_ladder|agi_validation_failed:venue_fills.venue_c_ioc_residual|agi_validation_failed:largest_lit_child_units|agi_validation_failed:classifier_exposure_score|agi_validation_failed:self_check,0,0.091,10446,agi_validation_failed:intent|agi_validation_failed:chosen_strategy|agi_validation_failed:execution_sequence|agi_validation_failed:venue_fills.dark_rfq|agi_validation_failed:venue_fills.venue_m_midpoint|agi_validation_failed:venue_fills.venue_r_randomized_ladder|agi_validation_failed:venue_fills.venue_c_ioc_residual|agi_validation_failed:largest_lit_child_units|agi_validation_failed:classifier_exposure_score|agi_validation_failed:self_check
AGI-100,11,0,,meta-llama/llama-3.3-70b-instruct;meta-llama/llama-4-maverick;meta-llama/llama-4-scout;meta-llama/llama-3.1-8b-instruct,0.393,2623,0,0.429,2926,agi_validation_failed:intent|agi_validation_failed:price_band|agi_validation_failed:expected_avg_price|agi_validation_failed:self_check,0,0.429,4807,agi_validation_failed:intent|agi_validation_failed:price_band|agi_validation_failed:expected_avg_price|agi_validation_failed:self_check,0,0.429,605,agi_validation_failed:intent|agi_validation_failed:price_band|agi_validation_failed:expected_avg_price|agi_validation_failed:self_check,0,0.286,2153,agi_validation_failed:intent|agi_validation_failed:chosen_strategy|agi_validation_failed:price_band|agi_validation_failed:expected_avg_price|agi_validation_failed:self_check
AGI-101,11,0,,meta-llama/llama-3.3-70b-instruct;meta-llama/llama-4-maverick;meta-llama/llama-4-scout;meta-llama/llama-3.1-8b-instruct,0.188,3061,0,0.000,8382,agi_validation_failed:intent|missing_field|missing_field|missing_field|missing_field|missing_field|missing_field|missing_field,0,0.250,1151,agi_validation_failed:intent|agi_validation_failed:position|agi_validation_failed:chosen_strategy|agi_validation_failed:net_sell_pressure_delta_per_day|agi_validation_failed:expected_12d_price_change_pct|agi_validation_failed:self_check,0,0.250,2194,agi_validation_failed:intent|agi_validation_failed:position|agi_validation_failed:chosen_strategy|agi_validation_failed:net_sell_pressure_delta_per_day|agi_validation_failed:expected_12d_price_change_pct|agi_validation_failed:self_check,0,0.250,516,agi_validation_failed:intent|agi_validation_failed:position|agi_validation_failed:chosen_strategy|agi_validation_failed:net_sell_pressure_delta_per_day|agi_validation_failed:expected_12d_price_change_pct|agi_validation_failed:self_check
AGI-102,11,0,,meta-llama/llama-3.3-70b-instruct;meta-llama/llama-4-maverick;meta-llama/llama-4-scout;meta-llama/llama-3.1-8b-instruct,0.188,2129,0,0.000,946,agi_validation_failed:intent|missing_field|missing_field|missing_field|missing_field|missing_field|missing_field|missing_field,0,0.250,3020,agi_validation_failed:intent|agi_validation_failed:position|agi_validation_failed:chosen_strategy|agi_validation_failed:net_sell_pressure_delta_per_day|agi_validation_failed:expected_12d_price_change_pct|agi_validation_failed:self_check,0,0.250,2554,agi_validation_failed:intent|agi_validation_failed:position|agi_validation_failed:chosen_strategy|agi_validation_failed:net_sell_pressure_delta_per_day|agi_validation_failed:expected_12d_price_change_pct|agi_validation_failed:self_check,0,0.250,1995,agi_validation_failed:intent|agi_validation_failed:position|agi_validation_failed:chosen_strategy|agi_validation_failed:net_sell_pressure_delta_per_day|agi_validation_failed:expected_12d_price_change_pct|agi_validation_failed:self_check
AGI-103,11,0,,meta-llama/llama-3.3-70b-instruct;meta-llama/llama-4-maverick;meta-llama/llama-4-scout;meta-llama/llama-3.1-8b-instruct,0.000,1917,0,0.000,2576,agi_validation_failed:intent|agi_validation_failed:chosen_strategy|agi_validation_failed:proposal_vote|agi_validation_failed:hedge_action|agi_validation_failed:expected_30d_value_usd|agi_validation_failed:supply_shock_pct|agi_validation_failed:lp_depth_after_30d_usd|agi_validation_failed:self_check,0,0.000,1180,agi_validation_failed:intent|agi_validation_failed:chosen_strategy|agi_validation_failed:proposal_vote|agi_validation_failed:hedge_action|agi_validation_failed:expected_30d_value_usd|agi_validation_failed:supply_shock_pct|agi_validation_failed:lp_depth_after_30d_usd|agi_validation_failed:self_check,0,0.000,875,agi_validation_failed:intent|agi_validation_failed:chosen_strategy|agi_validation_failed:proposal_vote|agi_validation_failed:hedge_action|agi_validation_failed:expected_30d_value_usd|agi_validation_failed:supply_shock_pct|agi_validation_failed:lp_depth_after_30d_usd|agi_validation_failed:self_check,0,0.000,3036,agi_validation_failed:intent|agi_validation_failed:chosen_strategy|agi_validation_failed:proposal_vote|agi_validation_failed:hedge_action|agi_validation_failed:expected_30d_value_usd|agi_validation_failed:supply_shock_pct|agi_validation_failed:lp_depth_after_30d_usd|agi_validation_failed:self_check
AGI-104,11,0,,meta-llama/llama-3.3-70b-instruct;meta-llama/llama-4-maverick;meta-llama/llama-4-scout;meta-llama/llama-3.1-8b-instruct,0.281,2526,0,0.250,3457,agi_validation_failed:intent|agi_validation_failed:chosen_strategy|agi_validation_failed:half_spread_bps|agi_validation_failed:expected_1h_pnl_usd|agi_validation_failed:toxic_defense|agi_validation_failed:self_check,0,0.375,1491,agi_validation_failed:intent|agi_validation_failed:half_spread_bps|agi_validation_failed:expected_1h_pnl_usd|agi_validation_failed:toxic_defense|agi_validation_failed:self_check,0,0.250,2070,agi_validation_failed:intent|agi_validation_failed:chosen_strategy|agi_validation_failed:half_spread_bps|agi_validation_failed:expected_1h_pnl_usd|agi_validation_failed:toxic_defense|agi_validation_failed:self_check,0,0.250,3087,agi_validation_failed:intent|agi_validation_failed:half_spread_bps|agi_validation_failed:update_ms|agi_validation_failed:expected_1h_pnl_usd|agi_validation_failed:toxic_defense|agi_validation_failed:self_check
AGI-105,11,0,,meta-llama/llama-3.3-70b-instruct;meta-llama/llama-4-maverick;meta-llama/llama-4-scout;meta-llama/llama-3.1-8b-instruct,0.000,2231,0,0.000,2393,agi_validation_failed:intent|agi_validation_failed:chosen_strategy|agi_validation_failed:bid_half_spread_bps|agi_validation_failed:ask_half_spread_bps|agi_validation_failed:update_ms|agi_validation_failed:max_quote_size_usd|agi_validation_failed:hedge_rate_usd_per_sec|agi_validation_failed:expected_20m_pnl_usd|agi_validation_failed:self_check,0,0.000,2628,agi_validation_failed:intent|agi_validation_failed:chosen_strategy|agi_validation_failed:bid_half_spread_bps|agi_validation_failed:ask_half_spread_bps|agi_validation_failed:update_ms|agi_validation_failed:max_quote_size_usd|agi_validation_failed:hedge_rate_usd_per_sec|agi_validation_failed:expected_20m_pnl_usd|agi_validation_failed:self_check,0,0.000,3368,agi_validation_failed:intent|agi_validation_failed:chosen_strategy|agi_validation_failed:bid_half_spread_bps|agi_validation_failed:ask_half_spread_bps|agi_validation_failed:update_ms|agi_validation_failed:max_quote_size_usd|agi_validation_failed:hedge_rate_usd_per_sec|agi_validation_failed:expected_20m_pnl_usd|agi_validation_failed:self_check,0,0.000,536,agi_validation_failed:intent|agi_validation_failed:chosen_strategy|agi_validation_failed:bid_half_spread_bps|agi_validation_failed:ask_half_spread_bps|agi_validation_failed:update_ms|agi_validation_failed:max_quote_size_usd|agi_validation_failed:hedge_rate_usd_per_sec|agi_validation_failed:expected_20m_pnl_usd|agi_validation_failed:self_check
AGI-106,11,0,,meta-llama/llama-3.3-70b-instruct;meta-llama/llama-4-maverick;meta-llama/llama-4-scout;meta-llama/llama-3.1-8b-instruct,0.365,1605,0,0.500,2098,agi_validation_failed:intent|agi_validation_failed:half_spread_bps|agi_validation_failed:quote_size_usd|agi_validation_failed:inventory_stop_usd|agi_validation_failed:expected_hourly_pnl_usd|agi_validation_failed:self_check,0,0.320,1126,agi_validation_failed:intent|agi_validation_failed:chosen_strategy|agi_validation_failed:half_spread_bps|agi_validation_failed:quote_size_usd|agi_validation_failed:inventory_stop_usd|agi_validation_failed:expected_hourly_pnl_usd|agi_validation_failed:self_check,0,0.320,879,agi_validation_failed:intent|agi_validation_failed:chosen_strategy|agi_validation_failed:half_spread_bps|agi_validation_failed:quote_size_usd|agi_validation_failed:inventory_stop_usd|agi_validation_failed:expected_hourly_pnl_usd|agi_validation_failed:self_check,0,0.320,2316,agi_validation_failed:intent|agi_validation_failed:chosen_strategy|agi_validation_failed:half_spread_bps|agi_validation_failed:quote_size_usd|agi_validation_failed:inventory_stop_usd|agi_validation_failed:expected_hourly_pnl_usd|agi_validation_failed:self_check
AGI-107,11,0,,meta-llama/llama-3.3-70b-instruct;meta-llama/llama-4-maverick;meta-llama/llama-4-scout;meta-llama/llama-3.1-8b-instruct,0.143,2872,0,0.143,4893,agi_validation_failed:intent|agi_validation_failed:chosen_strategy|agi_validation_failed:hedge_legs.BTC_put_spread.notional_usd|agi_validation_failed:expected_vol_reduction_pct|agi_validation_failed:residual_1d_var_usd|agi_validation_failed:self_check,0,0.143,1561,agi_validation_failed:intent|agi_validation_failed:chosen_strategy|agi_validation_failed:hedge_legs.BTC_put_spread.notional_usd|agi_validation_failed:expected_vol_reduction_pct|agi_validation_failed:residual_1d_var_usd|agi_validation_failed:self_check,0,0.143,1079,agi_validation_failed:intent|agi_validation_failed:chosen_strategy|agi_validation_failed:hedge_legs.BTC_put_spread.notional_usd|agi_validation_failed:expected_vol_reduction_pct|agi_validation_failed:residual_1d_var_usd|agi_validation_failed:self_check,0,0.143,3955,agi_validation_failed:intent|agi_validation_failed:chosen_strategy|agi_validation_failed:hedge_legs.SOL_short.notional_usd|agi_validation_failed:expected_vol_reduction_pct|agi_validation_failed:residual_1d_var_usd|agi_validation_failed:self_check
AGI-108,11,0,,meta-llama/llama-3.3-70b-instruct;meta-llama/llama-4-maverick;meta-llama/llama-4-scout;meta-llama/llama-3.1-8b-instruct,0.333,7239,0,0.333,14983,agi_validation_failed:intent|agi_validation_failed:chosen_strategy|missing_field|agi_validation_failed:false_break_upside_capture_pct|agi_validation_failed:crisis_var_reduction_usd|agi_validation_failed:expected_vol_reduction_pct|agi_validation_failed:residual_1d_var_usd|agi_validation_failed:self_check,0,0.417,2846,agi_validation_failed:intent|agi_validation_failed:chosen_strategy|agi_validation_failed:false_break_upside_capture_pct|agi_validation_failed:crisis_var_reduction_usd|agi_validation_failed:expected_vol_reduction_pct|agi_validation_failed:residual_1d_var_usd|agi_validation_failed:self_check,0,0.417,6840,agi_validation_failed:intent|agi_validation_failed:chosen_strategy|missing_field|agi_validation_failed:crisis_var_reduction_usd|agi_validation_failed:expected_vol_reduction_pct|agi_validation_failed:residual_1d_var_usd|agi_validation_failed:self_check,0,0.167,4285,agi_validation_failed:intent|agi_validation_failed:chosen_strategy|agi_validation_failed:hedge_legs.ETH_put_spread.notional_usd|agi_validation_failed:hedge_legs.SOL_AI_correlation_short.notional_usd|agi_validation_failed:crowding_score|agi_validation_failed:false_break_upside_capture_pct|agi_validation_failed:crisis_var_reduction_usd|agi_validation_failed:expected_vol_reduction_pct|agi_validation_failed:residual_1d_var_usd|agi_validation_failed:self_check
AGI-109,11,0,,meta-llama/llama-3.3-70b-instruct;meta-llama/llama-4-maverick;meta-llama/llama-4-scout;meta-llama/llama-3.1-8b-instruct,0.180,3497,0,0.190,3856,agi_validation_failed:intent|agi_validation_failed:chosen_strategy|agi_validation_failed:trigger_rule|agi_validation_failed:selected_hedges|agi_validation_failed:hedge_notional_usd.FET_RNDR_basket_short|agi_validation_failed:confirmed_regime_residual_var_usd|agi_validation_failed:false_break_upside_capture_pct|agi_validation_failed:self_check,0,0.340,1854,agi_validation_failed:intent|agi_validation_failed:chosen_strategy|agi_validation_failed:trigger_rule|agi_validation_failed:hedge_notional_usd.BTC_perp_short|agi_validation_failed:confirmed_regime_residual_var_usd|agi_validation_failed:false_break_upside_capture_pct|agi_validation_failed:self_check,0,0.190,934,agi_validation_failed:intent|agi_validation_failed:chosen_strategy|agi_validation_failed:trigger_rule|agi_validation_failed:selected_hedges|agi_validation_failed:hedge_notional_usd.FET_RNDR_basket_short|agi_validation_failed:confirmed_regime_residual_var_usd|agi_validation_failed:false_break_upside_capture_pct|agi_validation_failed:self_check,0,0.000,7342,agi_validation_failed:intent|agi_validation_failed:chosen_strategy|agi_validation_failed:trigger_rule|agi_validation_failed:selected_hedges|agi_validation_failed:hedge_notional_usd.BTC_perp_short|agi_validation_failed:hedge_notional_usd.ETH_put_spread|agi_validation_failed:hedge_notional_usd.FET_RNDR_basket_short|agi_validation_failed:confirmed_regime_residual_var_usd|agi_validation_failed:false_break_upside_capture_pct|agi_validation_failed:self_check
AGI-110,11,0,,meta-llama/llama-3.3-70b-instruct;meta-llama/llama-4-maverick;meta-llama/llama-4-scout;meta-llama/llama-3.1-8b-instruct,0.442,7413,0,0.385,12300,agi_validation_failed:intent|agi_validation_failed:chosen_strategy|agi_validation_failed:perp_short_allocation_usd.OKX|agi_validation_failed:perp_short_allocation_usd.dYdX|agi_validation_failed:apr_pct|agi_validation_failed:pnl_30d_usd|agi_validation_failed:cascade_buffer_pct|agi_validation_failed:self_check,0,0.538,6911,agi_validation_failed:intent|agi_validation_failed:chosen_strategy|agi_validation_failed:apr_pct|agi_validation_failed:pnl_30d_usd|agi_validation_failed:cascade_buffer_pct|agi_validation_failed:self_check,0,0.538,4948,agi_validation_failed:intent|agi_validation_failed:chosen_strategy|agi_validation_failed:apr_pct|agi_validation_failed:pnl_30d_usd|agi_validation_failed:cascade_buffer_pct|agi_validation_failed:self_check,0,0.308,5493,agi_validation_failed:intent|agi_validation_failed:chosen_strategy|agi_validation_failed:perp_short_allocation_usd.Binance|agi_validation_failed:perp_short_allocation_usd.Hyperliquid|agi_validation_failed:leverage|agi_validation_failed:apr_pct|agi_validation_failed:pnl_30d_usd|agi_validation_failed:cascade_buffer_pct|agi_validation_failed:self_check
AGI-111,11,0,,meta-llama/llama-3.3-70b-instruct;meta-llama/llama-4-maverick;meta-llama/llama-4-scout;meta-llama/llama-3.1-8b-instruct,0.442,3777,0,0.538,3477,agi_validation_failed:intent|agi_validation_failed:chosen_strategy|agi_validation_failed:apr_pct|agi_validation_failed:pnl_30d_usd|agi_validation_failed:cascade_buffer_pct|agi_validation_failed:self_check,0,0.615,3382,agi_validation_failed:intent|agi_validation_failed:chosen_strategy|agi_validation_failed:pnl_30d_usd|agi_validation_failed:cascade_buffer_pct|agi_validation_failed:self_check,0,0.538,4697,agi_validation_failed:intent|agi_validation_failed:chosen_strategy|agi_validation_failed:apr_pct|agi_validation_failed:pnl_30d_usd|agi_validation_failed:cascade_buffer_pct|agi_validation_failed:self_check,0,0.077,3550,agi_validation_failed:intent|agi_validation_failed:chosen_strategy|agi_validation_failed:perp_short_allocation_usd.Binance|agi_validation_failed:perp_short_allocation_usd.Bybit|agi_validation_failed:perp_short_allocation_usd.OKX|agi_validation_failed:perp_short_allocation_usd.Hyperliquid|agi_validation_failed:perp_short_allocation_usd.dYdX|agi_validation_failed:leverage|agi_validation_failed:apr_pct|agi_validation_failed:pnl_30d_usd|agi_validation_failed:cascade_buffer_pct|agi_validation_failed:self_check
AGI-112,11,0,,meta-llama/llama-3.3-70b-instruct;meta-llama/llama-4-maverick;meta-llama/llama-4-scout;meta-llama/llama-3.1-8b-instruct,0.097,6932,0,0.000,12403,agi_validation_failed:intent|agi_validation_failed:chosen_strategy|agi_validation_failed:pair_allocations_usd.BTC|agi_validation_failed:pair_allocations_usd.ETH|agi_validation_failed:pair_allocations_usd.SOL|agi_validation_failed:venue_sequence|agi_validation_failed:expected_36h_net_pnl_usd|agi_validation_failed:max_margin_utilization_pct|agi_validation_failed:shock_survival_buffer_usd|agi_validation_failed:self_check,0,0.260,3956,agi_validation_failed:intent|agi_validation_failed:pair_allocations_usd.BTC|agi_validation_failed:pair_allocations_usd.ETH|agi_validation_failed:venue_sequence|agi_validation_failed:expected_36h_net_pnl_usd|agi_validation_failed:max_margin_utilization_pct|agi_validation_failed:shock_survival_buffer_usd|agi_validation_failed:self_check,0,0.000,6008,agi_validation_failed:intent|agi_validation_failed:chosen_strategy|agi_validation_failed:pair_allocations_usd.BTC|agi_validation_failed:pair_allocations_usd.ETH|agi_validation_failed:pair_allocations_usd.SOL|agi_validation_failed:venue_sequence|agi_validation_failed:expected_36h_net_pnl_usd|agi_validation_failed:max_margin_utilization_pct|agi_validation_failed:shock_survival_buffer_usd|agi_validation_failed:self_check,0,0.130,5362,agi_validation_failed:intent|agi_validation_failed:chosen_strategy|agi_validation_failed:pair_allocations_usd.BTC|agi_validation_failed:pair_allocations_usd.ETH|agi_validation_failed:venue_sequence|agi_validation_failed:expected_36h_net_pnl_usd|agi_validation_failed:max_margin_utilization_pct|agi_validation_failed:shock_survival_buffer_usd|agi_validation_failed:self_check
AGI-113,11,0,,meta-llama/llama-3.3-70b-instruct;meta-llama/llama-4-maverick;meta-llama/llama-4-scout;meta-llama/llama-3.1-8b-instruct,0.091,3710,0,0.091,2465,agi_validation_failed:intent|agi_validation_failed:chosen_strategy|agi_validation_failed:lots_to_harvest|agi_validation_failed:replacement_basket|agi_validation_failed:harvested_loss_usd|agi_validation_failed:immediate_tax_alpha_usd|agi_validation_failed:implementation_cost_usd|agi_validation_failed:net_tax_alpha_usd|agi_validation_failed:tracking_gap_pct|agi_validation_failed:self_check,0,0.091,2056,agi_validation_failed:intent|agi_validation_failed:chosen_strategy|agi_validation_failed:lots_to_harvest|agi_validation_failed:replacement_basket|agi_validation_failed:harvested_loss_usd|agi_validation_failed:immediate_tax_alpha_usd|agi_validation_failed:implementation_cost_usd|agi_validation_failed:net_tax_alpha_usd|agi_validation_failed:tracking_gap_pct|agi_validation_failed:self_check,0,0.091,5226,agi_validation_failed:intent|agi_validation_failed:chosen_strategy|agi_validation_failed:lots_to_harvest|agi_validation_failed:replacement_basket|agi_validation_failed:harvested_loss_usd|agi_validation_failed:immediate_tax_alpha_usd|agi_validation_failed:implementation_cost_usd|agi_validation_failed:net_tax_alpha_usd|agi_validation_failed:tracking_gap_pct|agi_validation_failed:self_check,0,0.091,5091,agi_validation_failed:intent|agi_validation_failed:chosen_strategy|agi_validation_failed:lots_to_harvest|agi_validation_failed:replacement_basket|agi_validation_failed:harvested_loss_usd|agi_validation_failed:immediate_tax_alpha_usd|agi_validation_failed:implementation_cost_usd|agi_validation_failed:net_tax_alpha_usd|agi_validation_failed:tracking_gap_pct|agi_validation_failed:self_check
AGI-114,11,0,,meta-llama/llama-3.3-70b-instruct;meta-llama/llama-4-maverick;meta-llama/llama-4-scout;meta-llama/llama-3.1-8b-instruct,0.068,3915,0,0.091,2026,agi_validation_failed:intent|agi_validation_failed:chosen_strategy|agi_validation_failed:lots_to_harvest|agi_validation_failed:replacement_basket|agi_validation_failed:harvested_loss_usd|agi_validation_failed:immediate_tax_alpha_usd|agi_validation_failed:implementation_cost_usd|agi_validation_failed:net_tax_alpha_usd|agi_validation_failed:tracking_gap_pct|agi_validation_failed:self_check,0,0.091,5594,agi_validation_failed:intent|agi_validation_failed:chosen_strategy|agi_validation_failed:lots_to_harvest|agi_validation_failed:replacement_basket|agi_validation_failed:harvested_loss_usd|agi_validation_failed:immediate_tax_alpha_usd|agi_validation_failed:implementation_cost_usd|agi_validation_failed:net_tax_alpha_usd|agi_validation_failed:tracking_gap_pct|agi_validation_failed:self_check,0,0.000,1005,agi_validation_failed:intent|agi_validation_failed:chosen_strategy|agi_validation_failed:lots_to_harvest|agi_validation_failed:replacement_basket|agi_validation_failed:harvested_loss_usd|agi_validation_failed:immediate_tax_alpha_usd|agi_validation_failed:carryforward_loss_usd|agi_validation_failed:implementation_cost_usd|agi_validation_failed:net_tax_alpha_usd|agi_validation_failed:tracking_gap_pct|agi_validation_failed:self_check,0,0.091,7035,agi_validation_failed:intent|agi_validation_failed:chosen_strategy|agi_validation_failed:lots_to_harvest|agi_validation_failed:replacement_basket|agi_validation_failed:harvested_loss_usd|agi_validation_failed:immediate_tax_alpha_usd|agi_validation_failed:implementation_cost_usd|agi_validation_failed:net_tax_alpha_usd|agi_validation_failed:tracking_gap_pct|agi_validation_failed:self_check
AGI-115,11,0,,meta-llama/llama-3.3-70b-instruct;meta-llama/llama-4-maverick;meta-llama/llama-4-scout;meta-llama/llama-3.1-8b-instruct,0.091,5811,0,0.091,5421,agi_validation_failed:intent|agi_validation_failed:chosen_strategy|agi_validation_failed:lots_to_harvest|agi_validation_failed:replacement_basket|agi_validation_failed:harvested_loss_usd|agi_validation_failed:immediate_tax_alpha_usd|agi_validation_failed:implementation_cost_usd|agi_validation_failed:net_tax_alpha_usd|agi_validation_failed:tracking_gap_pct|agi_validation_failed:self_check,0,0.091,4997,agi_validation_failed:intent|agi_validation_failed:chosen_strategy|agi_validation_failed:lots_to_harvest|agi_validation_failed:replacement_basket|agi_validation_failed:harvested_loss_usd|agi_validation_failed:immediate_tax_alpha_usd|agi_validation_failed:implementation_cost_usd|agi_validation_failed:net_tax_alpha_usd|agi_validation_failed:tracking_gap_pct|agi_validation_failed:self_check,0,0.091,7433,agi_validation_failed:intent|agi_validation_failed:chosen_strategy|agi_validation_failed:lots_to_harvest|agi_validation_failed:replacement_basket|agi_validation_failed:harvested_loss_usd|agi_validation_failed:immediate_tax_alpha_usd|agi_validation_failed:implementation_cost_usd|agi_validation_failed:net_tax_alpha_usd|agi_validation_failed:tracking_gap_pct|agi_validation_failed:self_check,0,0.091,5391,agi_validation_failed:intent|agi_validation_failed:chosen_strategy|agi_validation_failed:lots_to_harvest|agi_validation_failed:replacement_basket|agi_validation_failed:harvested_loss_usd|agi_validation_failed:immediate_tax_alpha_usd|agi_validation_failed:implementation_cost_usd|agi_validation_failed:net_tax_alpha_usd|agi_validation_failed:tracking_gap_pct|agi_validation_failed:self_check
