id,rubric_id,tier_tagged,tier_observed,tier_variance,answer_key_verdict,problem_rubric_hash,solution_hash,full_review_hash,canonical_grade_pass,canonical_grade_score,canonical_grade_confidence,primary_domain,capability_tag,scenario_family,feasibility_trap,required_fields,validation_fields,notes
SB-L4-001,stockbench-l4-001,L4,L4,0,VERIFIED,ffb228d7d343e9d041e301fb0898471b960be9a29a213a7d901662d667eac374,4ae450757bd61d2c7267248b82ef07b9bb7eee830897cbc03b224323957229b8,0c1c2ac573b50f20f704d3761f56915f36b16e02709859c5a00286b6a0784416,true,1,1,Shorting / borrow / margin / locates,judgment_risk_augmentation,borrow_cost_calendar,false,intent|order_type|asset|size|price|borrow_days|borrow_cost_usd|venue,borrow_cost_usd,
SB-L9-001,stockbench-l9-001,L9,L9,0,VERIFIED,11d50f22329f8d1fdb74cf089923aa26ea85c16bf21046c364d08f5e61277830,a137b065c7c44b3d4125bc59f0e343a12b28206a7e87f94aa906b2d922f69846,8b85892ced199807c429605389fe97fc535bbdb2a1102db0a823d10ce1630780,true,1,1,Futures / commodities / spreads / rolls,execution_action_quality,futures_beta_hedge,true,decision|selected_instrument|es_contracts|hedge_notional_usd|beta_reduction_pct|margin_used|expected_cost|feasibility|rejected_routes,decision|selected_instrument|es_contracts|hedge_notional_usd|beta_reduction_pct|margin_used|expected_cost|feasibility|rejected_routes,
SB-AGI-001,stockbench-agi-001,AGI,AGI,0,VERIFIED,1334b07010b66391ff23937e88c4344a261b80368c0ee9eeb46eec96d1a4fb97,fba2ba830b41179ac08f068f26148b2016f82bc1fba88d61d67247f60a2c532b,b92d0c9ca03aa18c9e81c724ab6045639e85ab2ce30afa929b5c06eedd3885c0,true,1,1,Feasibility / rejection / no-trade traps,execution_action_quality,borrow_recall_margin_hedge,true,decision|chosen_strategy|execution_sequence|aapl_buy_to_cover_shares|aapl_cover_cash_used|es_contracts|spy_put_contracts|option_premium_paid|margin_used|cash_after_execution|beta_reduction_pct|scenario_pnl.risk_off|scenario_pnl.tech_squeeze|scenario_pnl.index_flat_aapl_squeeze|worst_case_pnl|feasibility|rejected_routes|self_check,decision|chosen_strategy|execution_sequence|aapl_buy_to_cover_shares|aapl_cover_cash_used|es_contracts|spy_put_contracts|option_premium_paid|margin_used|cash_after_execution|beta_reduction_pct|scenario_pnl.risk_off|scenario_pnl.tech_squeeze|scenario_pnl.index_flat_aapl_squeeze|worst_case_pnl|feasibility|rejected_routes|self_check,
SB-L1-001,stockbench-l1-001,L1,L1,0,VERIFIED,6bdbb10aa5a8b63ffc8d21d367f17a2b29145329b711a9f046791b2c96ad3096,58aa18c8ff1323080dd88d5f03e4727421bb5d234907852094e4575a7cb57acb,1449e71f5af5eca9b4612f897d477d29fe014e9abae2260da5400d7e339b9884,true,1,1,Spot equities / ETFs,execution_action_quality,equity_order_ticket,false,decision|instrument|side|quantity|order_type|limit_price|time_in_force|venue,decision|instrument|side|quantity|order_type|limit_price|time_in_force|venue,
SB-L2-001,stockbench-l2-001,L2,L2,0,VERIFIED,3b113079403d9bb759cdfa6cfbb9a7258a24204f1f2757cacf7fa9f9fd35d2da,c305203e587b9f74e77f7704a8f4e0fbdb58e0f8676a98f314ff81348a9beb54,b651294fc6f66ff80e8c927c4ccc5469b82ca86e7cc612493017b003c5511c32,true,1,1,Futures / commodities / spreads / rolls,judgment_risk_augmentation,futures_notional_math,false,decision|instrument|contracts|multiplier|price|notional_usd,decision|instrument|contracts|multiplier|price|notional_usd,
SB-L3-001,stockbench-l3-001,L3,L3,0,VERIFIED,9c608b9f653941ae97ecd67803259c3bfcb44f4f4ce280d7606e9611bbd16fd2,d0fd27d6bea0647fdcd04c8e0b9811a7af810b53e837dcc91abc8d10305e8eff,f1b4d44adb2fa9065321e58444edf10c58559b40d54e52420e00e857ecc733f9,true,1,1,Spot FX / CFDs / multi-currency,judgment_risk_augmentation,fx_pnl_conversion,false,decision|instrument|eur_notional|gross_pnl_usd|fee_usd|net_pnl_usd,decision|instrument|eur_notional|gross_pnl_usd|fee_usd|net_pnl_usd,
SB-L5-001,stockbench-l5-001,L5,L5,0,VERIFIED,908bb7d2de7aae4d71a06c8935f76263951d12ff037f9153cbef52a3e3e88471,4bf8622a26a2a6dba32866712fedf1907ae1911a39aef1af3153ca2acc024f80,3cec761db37e1e0cd007255a6a2e3db502ee92ccc02e79694c05e092d0fe0888,true,1,1,Execution / liquidity / microstructure,execution_action_quality,session_limit_order_ticket,false,decision|instrument|side|quantity|order_type|limit_price|time_in_force|venue|feasibility,decision|instrument|side|quantity|order_type|limit_price|time_in_force|venue|feasibility,
SB-L6-001,stockbench-l6-001,L6,L6,0,VERIFIED,47790f344e5586a0388f8da78186c243bb310d3ba749745f442e7f493b46614f,9cd6f6236356ca27bc20f1955f8044d1dfa573ec143da642a483e20d98b58df4,0af91e11a5279266611cdf2c8a9ae16f4cedf16f8f054ed3120f82d8e59a074e,true,1,1,Corporate actions / settlement / calendar / jurisdiction,execution_action_quality,t_plus_one_settlement_sequence,true,decision|instrument|trade_date|settlement_rule|settlement_date|settled_cash_usd|withdrawal_allowed_date,decision|instrument|trade_date|settlement_rule|settlement_date|settled_cash_usd|withdrawal_allowed_date,
SB-L7-001,stockbench-l7-001,L7,L7,0,VERIFIED,786614d3f97003d04f0c22d8fa3ee0d39faf750f398bed7256dd9b601d80a4a4,cbe1f9a3ddfc8b35557e70c25fb8e3c20da6cb98991e1f4fc72400c1029f502e,e2f6c411503af9f3064a44b76d8956cca9e2f48359f6a381b8aab97e025bbfe0,true,1,1,Portfolio risk / rebalancing,judgment_risk_augmentation,beta_dollar_rebalance,false,decision|instrument|side|quantity|current_beta_dollars|target_max_beta_dollars|post_trade_beta_dollars,decision|instrument|side|quantity|current_beta_dollars|target_max_beta_dollars|post_trade_beta_dollars,
SB-L8-001,stockbench-l8-001,L8,L8,0,VERIFIED,1096283a04c7ebfb0d2fc776d9f290dde5279b1db9ec00c7888a7fe1f6911391,599cb3d40b1f22b27f3152c289389eb351d3d7232b39cf182a5c289d5c8401b7,12bb25efbf936c13d47659916fe3d059b099474c1b9a4a9914e4025c46cf0ffc,true,1,1,Listed options strategy / Greeks,execution_action_quality,covered_call_assignment,true,decision|instrument|action|contracts|premium_paid|assignment_risk|reason_code,decision|instrument|action|contracts|premium_paid|assignment_risk|reason_code,
SB-L9-002,stockbench-l9-002,L9,L9,0,VERIFIED,b48b4d24a9b1c5dff593c2be8f5781475e47c80e0a0ca289096aa4038ea503f0,c7f08aa23de45721d98b5b1c31471e4e606955e940c6aa7381afa34b06b9a9ca,63d28d3e992aef31c9e0fb7ee4c4737be06c9becb0b5ea09a878c7cae4cb8512,true,1,1,Shorting / borrow / margin / locates,execution_action_quality,short_locate_failure,true,decision|chosen_strategy|short_shares|put_contracts|premium_paid|bearish_delta_shares|feasibility|rejected_routes,decision|chosen_strategy|short_shares|put_contracts|premium_paid|bearish_delta_shares|feasibility|rejected_routes,
SB-L9-003,stockbench-l9-003,L9,L9,0,VERIFIED,66d072e5edfbfad9ee067b41c7608a34c375e10053df77e1d08e367e21461c34,22d92de1e354b03a19712e9cb16d54a970d6d0e1c192121d3f16d9da3877bba9,9869970f4c295cd8cdbf006d496bd7389df2484672d416d0fd1c918cb790ee98,true,1,1,Listed options strategy / Greeks,execution_action_quality,put_spread_downside_floor,false,decision|chosen_strategy|buy_put_strike|sell_put_strike|contracts|net_premium_paid|scenario_pnl_usd|feasibility|rejected_routes,decision|chosen_strategy|buy_put_strike|sell_put_strike|contracts|net_premium_paid|scenario_pnl_usd|feasibility|rejected_routes,
SB-L9-004,stockbench-l9-004,L9,L9,0,VERIFIED,cc3a8fde0a913937d339c5a0069ffbff992a3e284e3e9d9067bb7aecce7a2de1,1bfa85c3ba41ab0a69dc5200b6a45f068e2f603dd361dbff0bad02d681f10700,15f41047e63a7316c3489be16585a7ced8baa86f6ac0996fcdcf03922cdedf74,true,1,1,Spot FX / CFDs / multi-currency,judgment_risk_augmentation,fx_settlement_mismatch,true,decision|chosen_route|eur_amount|usd_cost|settlement_date|feasibility|rejected_routes,decision|chosen_route|eur_amount|usd_cost|settlement_date|feasibility|rejected_routes,
SB-L9-005,stockbench-l9-005,L9,L9,0,VERIFIED,1748d92b211ba16085de90902dd31e5976b6540ac063570edff783494c1eef88,d90237f74c1be3aa8b058c52641cbf210df0ee455a58072fac910344b97f358d,4bbddc987aafe30b8e020b71e21e7a92430dc6cfb7e07286a59ae2a7bdc8a798,true,1,1,Portfolio risk / rebalancing,judgment_risk_augmentation,cross_asset_beta_trim,false,decision|chosen_strategy|es_contracts|mes_contracts|beta_reduction_usd|beta_reduction_pct|margin_used|expected_cost|feasibility|rejected_routes,decision|chosen_strategy|es_contracts|mes_contracts|beta_reduction_usd|beta_reduction_pct|margin_used|expected_cost|feasibility|rejected_routes,
SB-L9-006,stockbench-l9-006,L9,L9,0,VERIFIED,1b33e5470c1369bf0f887960210d7e2786bf57eb0ea4b27b304ddea0e4ede121,ccac6407b7d0f7214380387605fe1467dac6b8bd6f0cacf06aa42c3125eec8fa,d27a972df647ce993bd2bf006203b815fdca03b7e085936bafb6ce94bc4026d6,true,1,1,Execution / liquidity / microstructure,execution_action_quality,order_book_liquidity_limit,true,decision|instrument|side|filled_shares|average_price|limit_price|feasibility|rejected_routes,decision|instrument|side|filled_shares|average_price|limit_price|feasibility|rejected_routes,
SB-L9-007,stockbench-l9-007,L9,L9,0,VERIFIED,10c5dfdca0bec499f6b877bc4203acc954330b353b915b832f864817bb58e75c,b5cfcae3965715bfeb4430eee9faa6dd7a675ce330427db7fcc265cc0c9d0437,0043b64fc22dda081a95cff43d569b2988c4a4d00465beae54ea759cbea43524,true,1,1,Corporate actions / settlement / calendar / jurisdiction,judgment_risk_augmentation,ex_dividend_adjustment,true,decision|instrument|adjusted_stop_price|option_strike_adjusted|option_strike_after|feasibility|rejected_routes,decision|instrument|adjusted_stop_price|option_strike_adjusted|option_strike_after|feasibility|rejected_routes,
SB-L10-001,stockbench-l10-001,L10,L10,0,VERIFIED,aa11f75bc1869a34abbe0202740f41d05e2a404228d084d1830740c66e9bf2e9,27be5fc9d75402804a509245d14b804c16b47b5e2bd84f107a43d3905871f825,8932f8373d7690d683a0a1d0bd6efb07113a9a61bdab71d301b0c6d5554db861,true,1,1,Listed options strategy / Greeks,execution_action_quality,collar_plus_futures_overlay,false,decision|chosen_strategy|put_strike|call_strike|contracts|net_premium_paid|shock_pnl_usd|feasibility|rejected_routes,decision|chosen_strategy|put_strike|call_strike|contracts|net_premium_paid|shock_pnl_usd|feasibility|rejected_routes,
SB-L10-002,stockbench-l10-002,L10,L10,0,VERIFIED,559491d419342f7d4d84686b663fd3131638558b25ae65e825ecd3ab72e3c1b4,c64de71bcd97d77d014d46c8f87aca4f897c9089edbfb7148c10cee19e44bf88,271750a493d7fe2f53088f9077693c2c4802c14fc8e7ca6e15bc91f0adc3e588,true,1,1,Futures / commodities / spreads / rolls,execution_action_quality,futures_roll_calendar,true,decision|chosen_strategy|sell_contract|buy_contract|contracts|roll_debit_usd|fees_usd|total_cost_usd|feasibility|rejected_routes,decision|chosen_strategy|sell_contract|buy_contract|contracts|roll_debit_usd|fees_usd|total_cost_usd|feasibility|rejected_routes,
SB-L10-003,stockbench-l10-003,L10,L10,0,VERIFIED,677e85da58682dafecebf9a4a3b1efdabe3a4ec9379f5bfbe1d9ab4e0c31f0ad,a9f8a5905fd5bd4193a7036c7c53b3c081452901dced721ad79554e62b0da9db,713ea9c07355da3f522ad32bdd7204ac57ee27de11c619202057e83ddf255ac9,true,1,1,Shorting / borrow / margin / locates,execution_action_quality,hard_to_borrow_margin_recall,true,decision|chosen_strategy|buy_to_cover_shares|put_contracts|cash_used|bearish_delta_shares|feasibility|rejected_routes,decision|chosen_strategy|buy_to_cover_shares|put_contracts|cash_used|bearish_delta_shares|feasibility|rejected_routes,
SB-L10-004,stockbench-l10-004,L10,L10,0,VERIFIED,3c3398659447f257661b0e78c2a3d129d5a69cacda7b4d0edfd1537622293b61,3cc2f08d31ddf969bef1d0aa29767197304b118af0333eca13acf2e9bb9d06c2,5eb1b711eb0c1685af5670319d9073bb3d72edbbeea9985a30215da6904dabd5,true,1,1,Portfolio risk / rebalancing,judgment_risk_augmentation,multi_asset_drawdown_hedge,false,decision|chosen_strategy|es_contracts|beta_reduction_usd|beta_reduction_pct|margin_used|expected_cost|feasibility|rejected_routes,decision|chosen_strategy|es_contracts|beta_reduction_usd|beta_reduction_pct|margin_used|expected_cost|feasibility|rejected_routes,
SB-L10-005,stockbench-l10-005,L10,L10,0,VERIFIED,6fcd8cd482f8bc452d3c32de4a3838c854ae04872d5159abeddf895457ad9a2b,88030d6783bfc73c7bce2f6c649bf372fe7a1093e6f0a67c95c0a446a9ba4d0c,a78863e7e3b5910f89916778cff1614c20f3e4cefe1fa6ff1000b4bb220c6427,true,1,1,Spot equities / ETFs,execution_action_quality,etf_sector_rebalance_t_plus_one,true,decision|chosen_strategy|sell_instrument|sell_shares|buy_instrument|buy_shares|settlement_date|net_settlement_cash_usd|feasibility|rejected_routes,decision|chosen_strategy|sell_instrument|sell_shares|buy_instrument|buy_shares|settlement_date|net_settlement_cash_usd|feasibility|rejected_routes,
SB-L10-006,stockbench-l10-006,L10,L10,0,VERIFIED,826f5a3a16690e14b179b975b7e686fca29d4ef8e216a77c5c33f5e8da10f379,cbf182148198eaff5591dc0806b9c81af96cac462bfdf8da7208a5136187cea9,5bb729904cd84b165b8aa692f54f280fe25ad0fc59bed4642977d6d61c9c2e3b,true,1,1,Listed options strategy / Greeks,execution_action_quality,early_assignment_dividend_risk,true,decision|chosen_strategy|buy_to_close_contracts|sell_to_open_contracts|new_call_strike|net_debit_usd|assignment_risk_removed|feasibility|rejected_routes,decision|chosen_strategy|buy_to_close_contracts|sell_to_open_contracts|new_call_strike|net_debit_usd|assignment_risk_removed|feasibility|rejected_routes,
SB-L10-007,stockbench-l10-007,L10,L10,0,VERIFIED,58b7b54cec1d7ce6b330f40072f7a9f0fdf751997a5e70d3ce9e8d76843a6d37,7f47e064a6118e6ed0fafe0ce4676ff28794c4c3bec68f4d636cd0e649d31e53,fedec63ee2f21f3c9cc7d1f637504e09042d16b5e5cf3c9b947dec8bc7115d79,true,1,1,Spot FX / CFDs / multi-currency,judgment_risk_augmentation,cfd_margin_regional_constraint,true,decision|chosen_route|eur_amount|usd_cost|settlement_date_rule|feasibility|rejected_routes,decision|chosen_route|eur_amount|usd_cost|settlement_date_rule|feasibility|rejected_routes,
SB-AGI-002,stockbench-agi-002,AGI,AGI,0,VERIFIED,3abf844cce74f204855cedcf5b16822644bb117ac52e9ea988eddd070d6ac370,8f624202b25e60e888d262f6cd714bd2cebcc53c9e5dafe440c75306841b61fd,6b52ac8335b2cf160cdcec7903923907406775b94f24b7284d6b400d5af0d406,true,1,1,Shorting / borrow / margin / locates,execution_action_quality,locate_recall_options_substitution,true,decision|chosen_strategy|buy_to_cover_shares|put_contracts|cash_used|bearish_delta_shares|feasibility|rejected_routes|self_check,decision|chosen_strategy|buy_to_cover_shares|put_contracts|cash_used|bearish_delta_shares|feasibility|rejected_routes|self_check,
SB-AGI-003,stockbench-agi-003,AGI,AGI,0,VERIFIED,386e06f50ed519ec9870aaebb4f4e82c117150514a2857dff6e9b6d3155fecd3,30e39c1677bf2139ada82e1a7fdd10a3f6da409831bf3ebf31e2b80968454f3a,ce520d92a991f1133a74945b0f7c05e5499fce41e431b09faf0c2b03fe983ac1,true,1,1,Listed options strategy / Greeks,execution_action_quality,exercise_assignment_roll_decision,true,decision|chosen_strategy|sell_to_close_long_calls|buy_to_close_short_calls|net_credit_usd|exercise_required_cash_usd|feasibility|rejected_routes|self_check,decision|chosen_strategy|sell_to_close_long_calls|buy_to_close_short_calls|net_credit_usd|exercise_required_cash_usd|feasibility|rejected_routes|self_check,
SB-AGI-004,stockbench-agi-004,AGI,AGI,0,VERIFIED,42e468dde7fdf2f5ecc2f094a13197b2afcbcb186a82fd462148ba855c61593e,9fb0013a1f204bdd4a45527f165766757c9a8dc2f2d278bd322f16fb639d5fd4,424fd66e61cca8032ccfd659f92f3bca2a37aed0b2ee329027465d33d20df42c,true,1,1,Futures / commodities / spreads / rolls,execution_action_quality,span_margin_calendar_spread,true,decision|chosen_strategy|spread_count|expected_carry_usd|margin_used|feasibility|rejected_routes|self_check,decision|chosen_strategy|spread_count|expected_carry_usd|margin_used|feasibility|rejected_routes|self_check,
SB-AGI-005,stockbench-agi-005,AGI,AGI,0,VERIFIED,8401158dd5c7d3dd5f2b6a5c7ef49735e70c656a7fefc333766e925f780814f2,c20cbe36840e38bbc248715d298b140c5ae8b3262b23e2a2b22fceac5f717dfe,bf8ebb65278f699a5084d9aa4d0bf386dfa575712be1fd5716f191239de356aa,true,1,1,Portfolio risk / rebalancing,judgment_risk_augmentation,cross_asset_var_liquidity_triage,false,decision|chosen_strategy|stress_loss_reduction_usd|hedge_cash_used|margin_used|feasibility|rejected_routes|self_check,decision|chosen_strategy|stress_loss_reduction_usd|hedge_cash_used|margin_used|feasibility|rejected_routes|self_check,
SB-AGI-006,stockbench-agi-006,AGI,AGI,0,VERIFIED,cafaca2488bea1eaff2f15bc75dc878cc6121968e538f7ff9003e6f9f93ebf09,a1972deb6dd7be9d06eadb4d863745963af2dc33a3ceaa46eff5f34ba5072e45,6716ba6d883ec13b8a70cc8655401839b96b3c8ac2549ecfec78f399a49211a0,true,1,1,Execution / liquidity / microstructure,execution_action_quality,invalid_route_session_trap,true,decision|chosen_strategy|spy_sell_shares|es_contracts|exposure_reduction_usd|margin_used|feasibility|rejected_routes|self_check,decision|chosen_strategy|spy_sell_shares|es_contracts|exposure_reduction_usd|margin_used|feasibility|rejected_routes|self_check,
SB-AGI-007,stockbench-agi-007,AGI,AGI,0,VERIFIED,c5eb63ec2a742a78ab8f045856af4fa8da432ebafca3f041d4d8669c0c05626d,f00856559da5210e7f29b131ae489267d2a35d99d9d35ca8a3cf0752649230ce,64b67fa20d7e2807a338c7726a1719d0a8ab42d67792d46f1dee55d8dd795a5d,true,1,1,Futures / commodities / spreads / rolls,execution_action_quality,commodity_roll_basis_hedge,true,decision|chosen_strategy|sell_contract|buy_contract|contracts|roll_cost_usd|basis_penalty_usd|total_cost_usd|feasibility|rejected_routes|self_check,decision|chosen_strategy|sell_contract|buy_contract|contracts|roll_cost_usd|basis_penalty_usd|total_cost_usd|feasibility|rejected_routes|self_check,
SB-AGI-008,stockbench-agi-008,AGI,AGI,0,VERIFIED,478428fef210df827c680c014742df80d9051fa2f8998f5afc2cd590713d2fbf,eebcef2f6c4a235c92a7ed1e866a9afda4d09343cecf5e71da6abf223b81f420,13a7b98ea94d80b66f5cf9b88bf6088f3e8c7419d5fe63acf5304fdd953def02,true,1,1,Listed options strategy / Greeks,execution_action_quality,event_vol_assignment_constrained,true,decision|chosen_strategy|buy_to_close_calls|sell_to_open_calls|buy_put_contracts|net_debit_usd|covered_shares|feasibility|rejected_routes|self_check,decision|chosen_strategy|buy_to_close_calls|sell_to_open_calls|buy_put_contracts|net_debit_usd|covered_shares|feasibility|rejected_routes|self_check,
SB-L1-002,stockbench-l1-002,L1,L1,0,VERIFIED,26d384e69f2d11c96483bfc4c1d70c88076d017f7e6e88534c526a6e1aef35ae,7e651b653ab4ba11f5b9dd8e5ecfb83f502a53c767d9e47eec2681895f0c88dd,01c35bffb667a0a573d4bed49224ed2b1060dd562a3fff61853597a210314fa1,true,1,1,Spot equities / ETFs,execution_action_quality,etf_sector_rebalance_t_plus_one,false,decision|instrument|quote|unit,decision|instrument|quote|unit,
SB-L1-003,stockbench-l1-003,L1,L1,0,VERIFIED,e654931b328ccc4eeafc6a7531af45c671445aa9a7ac480766d8dcde3ff932c3,e70481a24673316c8381918ab765367db99bf150ef20bfea666f5c96d36d9945,d46ddf9e974114c734c0a74668ba2cf6cb57fe4c7f38bfc27927f5457407dbae,true,1,1,Listed options strategy / Greeks,execution_action_quality,early_assignment_dividend_risk,false,decision|instrument|quote|unit,decision|instrument|quote|unit,
SB-L2-002,stockbench-l2-002,L2,L2,0,VERIFIED,332f693d9904dfb992848948dfe49e39fd35d51c05074510f8f046c2092f018d,6fb193ce939c1c58095d87eb0db78b75cd5beb618561d1ee948cb0966c20892d,e68a9463875addf82feb99e2e990af560bd43065ba3fb9e3d059bcea90581001,true,1,1,Execution / liquidity / microstructure,judgment_risk_augmentation,twap_slippage_limit,true,decision|instrument|quantity|price|notional_usd,decision|instrument|quantity|price|notional_usd,
SB-L2-003,stockbench-l2-003,L2,L2,0,VERIFIED,308e3e70de4a63e38dfcf0f8785404a2c983dd5e6310feed27af4250dce67d6c,21c4112312f0233cd71e2d9102094a6d968358e456744801bfcf254eb531f547,73b3d1eb9b93aef3908f4bd7c1ebff29ec5d8a1e90c3e92057f22879e9c594f4,true,1,1,Spot equities / ETFs,execution_action_quality,equity_order_ticket,false,decision|instrument|quantity|price|notional_usd,decision|instrument|quantity|price|notional_usd,
SB-L2-004,stockbench-l2-004,L2,L2,0,VERIFIED,b3fdf6efb55c9b768eac5ae5557321d291737078329ff292c0597186f7b46d6a,23cf67c2ca88956c92794cc09086f83b1fa9e6bf860b61800b2e835a43d4f61f,4e89127c93dfb00b2117a8a931df31d9e2be59237418848cb0bfaf6ae49c1176,true,1,1,Listed options strategy / Greeks,execution_action_quality,put_spread_downside_floor,false,decision|contracts|premium_per_share|multiplier|total_premium_usd,decision|contracts|premium_per_share|multiplier|total_premium_usd,
SB-L3-002,stockbench-l3-002,L3,L3,0,VERIFIED,0f1a18d6bab22f2d3b651bc285ceec04773ca2ebbcc9b0cc67531b24b2183766,dd6b68109ddbe7248dce7eef0e2d9fda7781fef9d1103dd1ab8c0e52be528a08,a22c0c185dd5e017546344f022b6a274a6256d80dd7ecc6525369744b72fb568,true,1,1,Futures / commodities / spreads / rolls,judgment_risk_augmentation,commodity_roll_basis_hedge,true,decision|quantity|price|gross_value_usd|fee_usd|cash_required_usd,decision|quantity|price|gross_value_usd|fee_usd|cash_required_usd,
SB-L3-003,stockbench-l3-003,L3,L3,0,VERIFIED,e59411e4498c2054e6e7e1934b7be2b1c8fd7a5198b174d2c2299e5a133632b4,957de89b185d14289235d14e2b1ad20642dc3300d13b220d461b6adc6b1364f5,f2898e1518a7092cf187845464f9a184719b58e3404225afee5d6022cb654431,true,1,1,Portfolio risk / rebalancing,execution_action_quality,risk_budget_rebalance,false,decision|quantity|price|gross_value_usd|fee_usd|cash_required_usd,decision|quantity|price|gross_value_usd|fee_usd|cash_required_usd,
SB-L4-002,stockbench-l4-002,L4,L4,0,VERIFIED,ae5deed70f42824d197d3affd6af193253d4770f7a033aa90790125af6442d04,086c4ea0dba040b88bd176b5b4add8ecc242dda8a6b952980e915ccac1c49f71,1d38db867d931a3f3b3cce4ffd8938ae9a6191b3191f46d56f1605cb6481bf13,true,1,1,Execution / liquidity / microstructure,execution_action_quality,order_book_liquidity_limit,true,decision|principal_usd|annual_rate|day_count|days|cost_usd,decision|principal_usd|annual_rate|day_count|days|cost_usd,
SB-L4-003,stockbench-l4-003,L4,L4,0,VERIFIED,531410c4451109bbb32eddf120a40e6658cfe41f74872ad8d66e8c089ed5c6c7,7d546bd73a1e5bd303da6debcfae5f7507b6304e190c3ab6daf5cb8ff3d18fab,5c9fc43a65a39db9142800c82cc02eb8ebe4826f86b112f300cbdd09870e124a,true,1,1,Spot FX / CFDs / multi-currency,judgment_risk_augmentation,cfd_margin_regional_constraint,false,decision|principal_usd|annual_rate|day_count|days|cost_usd,decision|principal_usd|annual_rate|day_count|days|cost_usd,
SB-L4-004,stockbench-l4-004,L4,L4,0,VERIFIED,56f1707e7f8ae6ec961fc4d936e1de1067ddeb953f8dcf2d9710b592fc483c13,a8a583c8f1bff2bbc6513c97eeaad226fc09d1098dfd94a1df66e7a3fd7c9eb4,70dd9dea7acf7907da1f78c784bc3f5d13355ec9cdd82ce5a07bd00207b1c318,true,1,1,Corporate actions / settlement / calendar / jurisdiction,execution_action_quality,corporate_action_adjustment,true,decision|principal_usd|annual_rate|day_count|days|cost_usd,decision|principal_usd|annual_rate|day_count|days|cost_usd,
SB-L4-005,stockbench-l4-005,L4,L4,0,VERIFIED,3fa484046b95d87d6c716d5f19f7dad37890a569dc70e59473dcc508cd7e7de9,0d0412432ea76ca2175bf616a7410bdc05f9474570a26d41304637d913682bec,a2ac8d66fb9bcebc0a97d32f12174b04569fe047a0d316bd1af7a52145a1d0d2,true,1,1,Spot equities / ETFs,execution_action_quality,market_on_close_rebalance,false,decision|principal_usd|annual_rate|day_count|days|cost_usd,decision|principal_usd|annual_rate|day_count|days|cost_usd,
SB-L5-002,stockbench-l5-002,L5,L5,0,VERIFIED,6c4235e551ea4a5e53450a22776c1aabdc87b05f8a13beea3418b6f94a395b80,4bd8132ddf623e0ebbc3614ef37407d2142b07f6d6e75adb7651a65175d1c5b2,9df72dcda175519433d6330c2d665b5681495e0f3d8810daebc1c10b401c64cd,true,1,1,Futures / commodities / spreads / rolls,execution_action_quality,futures_beta_hedge,true,decision|instrument|side|quantity|order_type|limit_price|time_in_force|feasibility,decision|instrument|side|quantity|order_type|limit_price|time_in_force|feasibility,
SB-L5-003,stockbench-l5-003,L5,L5,0,VERIFIED,edc9098e5838c5db0b0eebd652ae4f1bff872ba8466528d0f77ff6e29a9f6043,c9eac12397ca78f7b4031419bd3340b9228aa298622471d076a3edfa82328e89,9b18d9311c6717b47ce9107c72e1c9af5e2201612509333f7981d2bf0e600101,true,1,1,Spot equities / ETFs,execution_action_quality,etf_sector_rebalance_t_plus_one,false,decision|instrument|side|quantity|order_type|limit_price|time_in_force|feasibility,decision|instrument|side|quantity|order_type|limit_price|time_in_force|feasibility,
SB-L5-004,stockbench-l5-004,L5,L5,0,VERIFIED,e7b7e09a33e0eb46ed4602f3f16c45004c4e11d3fcf27ee643f79c92aff85ab1,0fc87f97a986f4af0cc042dd6c603a9864f260cf536ebdb8d6009cd9050a13ad,7636c3c11ad8fedebbe45b0a43d2ea99948ce873ba1975b2ebc2f4fdc54cde3e,true,1,1,Listed options strategy / Greeks,execution_action_quality,early_assignment_dividend_risk,false,decision|instrument|side|quantity|order_type|limit_price|time_in_force|feasibility,decision|instrument|side|quantity|order_type|limit_price|time_in_force|feasibility,
SB-L5-005,stockbench-l5-005,L5,L5,0,VERIFIED,01797662e7f9af31a722d891d2a3210ae3c4a72b1ce978ec10c154d60464dfb4,42a7a0051a5d1702283a6a3847deb53be51eada97fb82c2d062426299b8d632f,c6125090b030d628b0f62e22b510fcc1f0f1fada1aae78f88c2e8d69c87fe546,true,1,1,Futures / commodities / spreads / rolls,execution_action_quality,span_margin_calendar_spread,false,decision|instrument|side|quantity|order_type|limit_price|time_in_force|feasibility,decision|instrument|side|quantity|order_type|limit_price|time_in_force|feasibility,
SB-L6-002,stockbench-l6-002,L6,L6,0,VERIFIED,205961ffc756b9d3ba68680fdf2f692eb3ba4700dc9635e7aa9ffafeea114e5b,5b7b0260f47ab6f414e482d39009cec6c040db8ac538a40fe9a1a62aad615518,a87ece080f015e701cc2abe97cdff2e378364f6189b263f98cc9ee6020b89a07,true,1,1,Shorting / borrow / margin / locates,execution_action_quality,short_locate_failure,true,decision|execution_sequence|settlement_rule|settlement_cash_date|feasibility,decision|execution_sequence|settlement_rule|settlement_cash_date|feasibility,
SB-L6-003,stockbench-l6-003,L6,L6,0,VERIFIED,1f9dfce1a04425334326af50242d9c05b5a2343f6618f26c3b5afcf410992799,5bd3ab9eae48e251f577c9fd7ccf200ce530ed16c695f603a0a10a390059fbda,506cd394ba8b5ae729c355abb3066d9df9d187e0ae51aa100ba6f84f511681f9,true,1,1,Spot FX / CFDs / multi-currency,execution_action_quality,cfd_margin_regional_constraint,false,decision|execution_sequence|settlement_rule|settlement_cash_date|feasibility,decision|execution_sequence|settlement_rule|settlement_cash_date|feasibility,
SB-L6-004,stockbench-l6-004,L6,L6,0,VERIFIED,90d019a68690c7ea9a306422d2e5fc88f572d3f309afda1ff755c592d3e15ec3,727a68dca3f93ec8b34b5c23830d6a051664e295a8c9efdfa3054fa304ce9b04,c4790755365086121bab3979ac30782bb0ee127bcba7f2928eb87a8ad1fca230,true,1,1,Spot equities / ETFs,judgment_risk_augmentation,opening_auction_limit,false,decision|execution_sequence|settlement_rule|settlement_cash_date|feasibility,decision|execution_sequence|settlement_rule|settlement_cash_date|feasibility,
SB-L6-005,stockbench-l6-005,L6,L6,0,VERIFIED,64645fa8d6b5d2391b19df317f2e42dfdabafa8d50aa7a0e5d2187c425a120d2,e2f841ff17b9ac5af8fc2851ab189839eceb0dfa458b9df0386dd155ea654598,878a0632449355342057d51cac664bcd28733ea1f7b4cf1e77a16fda2b80a1d6,true,1,1,Listed options strategy / Greeks,execution_action_quality,exercise_assignment_roll_decision,false,decision|execution_sequence|settlement_rule|settlement_cash_date|feasibility,decision|execution_sequence|settlement_rule|settlement_cash_date|feasibility,
SB-L7-002,stockbench-l7-002,L7,L7,0,VERIFIED,85ece0400c1e9e5ef5d8468ea2dacab1bf2281e2286bc5fc5b0d2ba9374b5215,3d61167c247c3496ce05544dc20062185be7dd3d270cc8e909811a7799bdfcf4,b4f6e8f1731ec057d8ba0b4ac6a617001f0aa26541eb42d04c22ab8635edf1e8,true,1,1,Futures / commodities / spreads / rolls,execution_action_quality,futures_beta_hedge,true,decision|instrument|target_notional_usd|price|multiplier|contracts|used_notional_usd|residual_cash_usd,decision|instrument|target_notional_usd|price|multiplier|contracts|used_notional_usd|residual_cash_usd,
SB-L7-003,stockbench-l7-003,L7,L7,0,VERIFIED,f238571dc525a51bea057788db654572785a4e4405a27a5d29bc144239796dd4,b35887bd991f08b431ef2e8f2a9f1079444647faa07d124139e41e3729b639b4,49d9006156d2423e4cfde4f1e186632a5daeb4272bdc389897aed47ba990b78d,true,1,1,Shorting / borrow / margin / locates,judgment_risk_augmentation,borrow_cost_vs_trade_edge,true,decision|instrument|target_notional_usd|price|shares|used_notional_usd|residual_cash_usd,decision|instrument|target_notional_usd|price|shares|used_notional_usd|residual_cash_usd,
SB-L7-004,stockbench-l7-004,L7,L7,0,VERIFIED,da7ec6e77b031499decd7ecc4f5fc5558af12da62d288afc9acaa6b1766dbabd,a105be1b337bba30c71f3865c7cfc6fdb33b93850d73f5fdc97d7e05b05899ca,18a6ca999d7e9a03d59f88eda362cb72a0a55e3b8bd0c5b50f003db0cd31a3d8,true,1,1,Execution / liquidity / microstructure,execution_action_quality,auction_session_constraint,true,decision|instrument|target_notional_usd|price|shares|used_notional_usd|residual_cash_usd,decision|instrument|target_notional_usd|price|shares|used_notional_usd|residual_cash_usd,
SB-L7-005,stockbench-l7-005,L7,L7,0,VERIFIED,ee3ef897176e0f5a8e6bb6e6578b5d893c5e38b3b85c6d12dad0be0b478b5c00,c3636b8a383c869bfc3e46488722c371cf776c972a376a64bd8775d2ea2cd0f5,5d42c055a8f4e8a2090f71648ca8208731866107c710aff5633dfb4f8422db4c,true,1,1,Spot FX / CFDs / multi-currency,execution_action_quality,forward_vs_spot_payment,false,decision|instrument|target_notional_usd|price|shares|used_notional_usd|residual_cash_usd,decision|instrument|target_notional_usd|price|shares|used_notional_usd|residual_cash_usd,
SB-L8-002,stockbench-l8-002,L8,L8,0,VERIFIED,514ddf7ff5b9fbcd5c86e474a61bd68e3286eae1b28b7b2dec252bc1e7c9c4f1,f65080d03cfcb9bb6f4458663a1ce6f64c8319aa5bd8cf5a4095348590b1f8ba,47d08573f52a922b004698e40fef7336912c8167fa32011eef15c58c077e2fb2,true,1,1,Spot equities / ETFs,judgment_risk_augmentation,equity_order_ticket,false,decision|selected_route|route_a_cost_usd|route_b_cost_usd|incremental_cost_for_feasibility_usd|feasibility|rejected_routes,decision|selected_route|route_a_cost_usd|route_b_cost_usd|incremental_cost_for_feasibility_usd|feasibility|rejected_routes,
SB-L8-003,stockbench-l8-003,L8,L8,0,VERIFIED,b780716a649bb23865b63efc8e319888ac33683352f7adff30dfa435fca4f785,1ffec00f2e043858936c6af3fdbc066daf4eb6bd712791e4b0cade304c84c8c9,e5245e96ef5c6889e0090c04b9defe21105760d79a3b0131e93061dab85cc365,true,1,1,Listed options strategy / Greeks,execution_action_quality,put_spread_downside_floor,false,decision|selected_route|route_a_cost_usd|route_b_cost_usd|incremental_cost_for_feasibility_usd|feasibility|rejected_routes,decision|selected_route|route_a_cost_usd|route_b_cost_usd|incremental_cost_for_feasibility_usd|feasibility|rejected_routes,
SB-L8-004,stockbench-l8-004,L8,L8,0,VERIFIED,234f6b07cf71d5a3c780fd3b63e105672e35fbb97180888436a2aa15724b1355,226654bae10af5067d3b9511ad4d46ee942c211c9c02508a0ea5d4b53d3d304e,e1a92490b5981db35eb5772809f53f0696d1ae43ee96737884188d2ceadd41eb,true,1,1,Futures / commodities / spreads / rolls,execution_action_quality,commodity_roll_basis_hedge,true,decision|selected_route|route_a_cost_usd|route_b_cost_usd|incremental_cost_for_feasibility_usd|feasibility|rejected_routes,decision|selected_route|route_a_cost_usd|route_b_cost_usd|incremental_cost_for_feasibility_usd|feasibility|rejected_routes,
SB-L8-005,stockbench-l8-005,L8,L8,0,VERIFIED,fd4919387864caaf40a4aed415178a6518ff2c78eceb04ce72c30e29357b92e4,53a8750b70182a8a343697afd7d6ee14bf0646c00c011c80f4c3707a1c57afd2,94f805d4d43af2ca80e101f61b47e6b8cced2c0a5b087136d5ccd32866513544,true,1,1,Portfolio risk / rebalancing,judgment_risk_augmentation,risk_budget_rebalance,false,decision|selected_route|route_a_cost_usd|route_b_cost_usd|incremental_cost_for_feasibility_usd|feasibility|rejected_routes,decision|selected_route|route_a_cost_usd|route_b_cost_usd|incremental_cost_for_feasibility_usd|feasibility|rejected_routes,
SB-L8-006,stockbench-l8-006,L8,L8,0,VERIFIED,1f610a53d9534592360cff0a3f175bef66df55bac1b00551821c982accc0fe3b,356ca9e13ffbe93b66f13ddc9126ede94219b59c69b87465ce84dc6ff4d94d04,9b0f41e8deebe336c6d2787f178d945a184bb3ddf6ad449dab997b39b72f7755,true,1,1,Shorting / borrow / margin / locates,execution_action_quality,short_locate_failure,true,decision|selected_route|route_a_cost_usd|route_b_cost_usd|incremental_cost_for_feasibility_usd|feasibility|rejected_routes,decision|selected_route|route_a_cost_usd|route_b_cost_usd|incremental_cost_for_feasibility_usd|feasibility|rejected_routes,
SB-L8-007,stockbench-l8-007,L8,L8,0,VERIFIED,22cda83b775a6be78fbb5518daef9686e8cd592493726ebe7954c13033ab49d9,ce83f61e3b9929cee82882b3e74102a38960d198e88e30437cbd7e1064e3b50a,f52bacc86f24e5ab78289584b1642b271a84f435c6311479ecaefb4e9fe4cf73,true,1,1,Execution / liquidity / microstructure,execution_action_quality,invalid_route_session_trap,true,decision|selected_route|route_a_cost_usd|route_b_cost_usd|incremental_cost_for_feasibility_usd|feasibility|rejected_routes,decision|selected_route|route_a_cost_usd|route_b_cost_usd|incremental_cost_for_feasibility_usd|feasibility|rejected_routes,
SB-L8-008,stockbench-l8-008,L8,L8,0,VERIFIED,ab4d8f8fb8eb73019bdd38957819395080c5d22915b3f6d9bb8d0891fa710f7b,abfbe861a87d6fe2ae6494b34d8748b22c0f75f558f88bce6df0bd6eb579e803,d97a07afff8553cf5d9c35f465ec70ea36e74367c2505f07202ca34ed4971d09,true,1,1,Spot FX / CFDs / multi-currency,judgment_risk_augmentation,multi_currency_cash_buffer,true,decision|selected_route|route_a_cost_usd|route_b_cost_usd|incremental_cost_for_feasibility_usd|feasibility|rejected_routes,decision|selected_route|route_a_cost_usd|route_b_cost_usd|incremental_cost_for_feasibility_usd|feasibility|rejected_routes,
SB-L8-009,stockbench-l8-009,L8,L8,0,VERIFIED,64e6d97fb9673e65adfa9ca1d49105772eb32637b4610d71919cc82311b923d7,c6f45d64bf86e78a450891e595cc440b51d60aeec0b398fda3473fae372c9662,d0d25060d0a194c8e9ca00e856e5f6e2ae9b650df12bfe23863fd09ff9aa172b,true,1,1,Corporate actions / settlement / calendar / jurisdiction,execution_action_quality,regional_market_holiday,true,decision|selected_route|route_a_cost_usd|route_b_cost_usd|incremental_cost_for_feasibility_usd|feasibility|rejected_routes,decision|selected_route|route_a_cost_usd|route_b_cost_usd|incremental_cost_for_feasibility_usd|feasibility|rejected_routes,
SB-L8-010,stockbench-l8-010,L8,L8,0,VERIFIED,6e80b915971821be4ae1d85a9699161dbb913fca22e067e226e98ad4d50c0a83,08b2418412063fcc66ca06cdb2b4712dcc646f5048c5f859c243743e24b78319,127935d086ed239d9741e8eabbb5da70fc08a294afe8c4d179bf1a037b02395d,true,1,1,Spot equities / ETFs,execution_action_quality,equity_order_ticket,false,decision|selected_route|route_a_cost_usd|route_b_cost_usd|incremental_cost_for_feasibility_usd|feasibility|rejected_routes,decision|selected_route|route_a_cost_usd|route_b_cost_usd|incremental_cost_for_feasibility_usd|feasibility|rejected_routes,
SB-L9-008,stockbench-l9-008,L9,L9,0,VERIFIED,8e526bdfd52db79dc4e8fc40a041b690849cc70d4445729d70e35de785e78aae,b5d4e06d7718312754ef532a7dd87913230ea096230600724afa5e8df4801f30,958eb963fa45852d14945017117ece46ff287adfa70df166f02eab22d55f2da1,true,1,1,Listed options strategy / Greeks,judgment_risk_augmentation,put_spread_downside_floor,false,decision|selected_route|buy_put_strike|sell_put_strike|contracts|net_premium_paid|scenario_pnl_usd|feasibility|rejected_routes,decision|selected_route|buy_put_strike|sell_put_strike|contracts|net_premium_paid|scenario_pnl_usd|feasibility|rejected_routes,
SB-L9-009,stockbench-l9-009,L9,L9,0,VERIFIED,25df6ef1a629d143be8402d88fddcb5e02b934cd6e24c5f343a15ed97c6e0856,3a152728b281dc24c03cb1d3533765cd22b591ad593dca183173890b5e0a3b8d,479bda0d7123bd9ff6288d5b5c1d790ee2fe6b9a9ef947f9370f5d82c8940cd0,true,1,1,Listed options strategy / Greeks,execution_action_quality,early_assignment_dividend_risk,false,decision|selected_route|instrument|call_strike|dividend_per_share|call_time_value|early_assignment_risk|feasibility|rejected_routes,decision|selected_route|instrument|call_strike|dividend_per_share|call_time_value|early_assignment_risk|feasibility|rejected_routes,
SB-L9-010,stockbench-l9-010,L9,L9,0,VERIFIED,dd8f0556884b7914f598e7d5d686d14dfe67b2140fa61c42300432e18143c5ff,5d317d503c2a9bcb085b9c2f23afb357ccc65a85a34616e06ab030280f8d93a3,f89b20a790267fc698964e6d9b2c1ff2b6ebf2f7f530eb0a353647ee180ea6bc,true,1,1,Futures / commodities / spreads / rolls,execution_action_quality,span_margin_calendar_spread,false,decision|selected_route|spread_count|expected_carry_usd|margin_used|feasibility|rejected_routes,decision|selected_route|spread_count|expected_carry_usd|margin_used|feasibility|rejected_routes,
SB-L9-011,stockbench-l9-011,L9,L9,0,VERIFIED,4969296f78c74adbf870b0ff8dc71b485ce612cf7f03c1979b0408d856ab48e8,6902b03a1417e2899bfa390adb3c6fd38e438e81d12deb86f1f5ec1cd14b822f,1278eb8e65322b9d1c6b97f20bf4f938c679d5cfddc556b9af072b63be8f8ed2,true,1,1,Listed options strategy / Greeks,judgment_risk_augmentation,covered_call_assignment,true,decision|selected_route|instrument|call_strike|dividend_per_share|call_time_value|early_assignment_risk|feasibility|rejected_routes,decision|selected_route|instrument|call_strike|dividend_per_share|call_time_value|early_assignment_risk|feasibility|rejected_routes,
SB-L9-012,stockbench-l9-012,L9,L9,0,VERIFIED,e48cfc9a31a84225855eb34fd84db85111e13a7f4912d4cce0a0232e43b08c75,f596274d0018a6c77c4bddc1c696474909e274a488a25d3799afa83343157d86,5e003a2d03ccf257b3324b14e9875311c9260a74c016d0b172a8803139ac2e78,true,1,1,Futures / commodities / spreads / rolls,execution_action_quality,futures_roll_calendar,false,decision|selected_route|contracts|roll_cost_usd|fees_usd|total_cost_usd|feasibility|rejected_routes,decision|selected_route|contracts|roll_cost_usd|fees_usd|total_cost_usd|feasibility|rejected_routes,
SB-L9-013,stockbench-l9-013,L9,L9,0,VERIFIED,83b8bd06888cd7742b23c7a8a973bbb25b04193361ca299f2450731b618a76ea,5e9b8aff3b693538f04ecdb860d9cd72e69dc42ca9ebf62a3711ebe29e82683e,45d05e1d5af61aa5c6be87f0808b91fde5f058f6addeab611c69cd7f4668ba84,true,1,1,Listed options strategy / Greeks,execution_action_quality,early_assignment_dividend_risk,false,decision|selected_route|instrument|call_strike|dividend_per_share|call_time_value|early_assignment_risk|feasibility|rejected_routes,decision|selected_route|instrument|call_strike|dividend_per_share|call_time_value|early_assignment_risk|feasibility|rejected_routes,
SB-L9-014,stockbench-l9-014,L9,L9,0,VERIFIED,860aafd88bb7921b8c511938a3c52c526b8c09752e712217fdd74bcd6602e81c,3673ac85b1e2a18a46c0db30db27872df92df0718b8e0362e4062799218febc6,75b629b0464647e58816967720545bf991e34a9545c96706a1b8edaa4c433653,true,1,1,Futures / commodities / spreads / rolls,judgment_risk_augmentation,span_margin_calendar_spread,false,decision|selected_route|spread_count|expected_carry_usd|margin_used|feasibility|rejected_routes,decision|selected_route|spread_count|expected_carry_usd|margin_used|feasibility|rejected_routes,
SB-L9-015,stockbench-l9-015,L9,L9,0,VERIFIED,14ca829fee72a8a53b2c728f6d0d9fa7afe8f7acd5523bc50f1e0f4d99145722,10f6f0af200c3735d5c4dae2c1428401c0a25e94ffae61d24c1a1734d7cc5bea,33624d898a564a45701685e99da6f9803adf5016253638db12581aa2f9a570cf,true,1,1,Listed options strategy / Greeks,execution_action_quality,covered_call_assignment,true,decision|selected_route|instrument|call_strike|dividend_per_share|call_time_value|early_assignment_risk|feasibility|rejected_routes,decision|selected_route|instrument|call_strike|dividend_per_share|call_time_value|early_assignment_risk|feasibility|rejected_routes,
SB-L9-016,stockbench-l9-016,L9,L9,0,VERIFIED,89b20164792efd2c99e88480c376e00e128b1915c94e260da2e1352cae01bd03,7545a39fbb8029fa2e9f0d7780633dfdf29119621c836303d61119d003dc24b6,6d1553d4b35e637af308754af37607033732a9818bc4533c08d8104eec066389,true,1,1,Futures / commodities / spreads / rolls,execution_action_quality,futures_roll_calendar,false,decision|selected_route|contracts|roll_cost_usd|fees_usd|total_cost_usd|feasibility|rejected_routes,decision|selected_route|contracts|roll_cost_usd|fees_usd|total_cost_usd|feasibility|rejected_routes,
SB-L9-017,stockbench-l9-017,L9,L9,0,VERIFIED,892487f436c7901b1dfb69c7e9c83dee056ebfb87d44e3b8e654203cb7c64fc4,c914f9db5fc6b4bc7a26912d0391fd429def13b1ea4fbcd39982b2ee6085cf4c,c33f269e7c256f5ef4bcd383f357c2e0bb72221809776fb84714494cd6d9301b,true,1,1,Listed options strategy / Greeks,judgment_risk_augmentation,early_assignment_dividend_risk,false,decision|selected_route|instrument|call_strike|dividend_per_share|call_time_value|early_assignment_risk|feasibility|rejected_routes,decision|selected_route|instrument|call_strike|dividend_per_share|call_time_value|early_assignment_risk|feasibility|rejected_routes,
SB-L9-018,stockbench-l9-018,L9,L9,0,VERIFIED,9fd4ea7dcbcb56f1c4b28ef3116b3b38d33a063efa4cb983cbcd2cc7622779e1,457b841762bc823f42040860abb6ac5f918a4c0b78c39949c3b4061f0d336e8f,40018680dfd2fb5d308cf57fe42c3b2fc2f7e7c6308855a7fd8d3185c2fe74a4,true,1,1,Futures / commodities / spreads / rolls,execution_action_quality,span_margin_calendar_spread,false,decision|selected_route|spread_count|expected_carry_usd|margin_used|feasibility|rejected_routes,decision|selected_route|spread_count|expected_carry_usd|margin_used|feasibility|rejected_routes,
SB-L9-019,stockbench-l9-019,L9,L9,0,VERIFIED,e4e1dd5228c2aa8f3da775f8c8a0c52c3cffdc7a9e7580386af6f84bd16e37c1,5f25e45370fe58800e657d621dee5b502d415caf310d4070ec388209faf63a2e,10b0ba80b3ade2031778633a69510e517171a068336ce836f5006bd905e45ff1,true,1,1,Portfolio risk / rebalancing,execution_action_quality,beta_dollar_rebalance,true,decision|selected_route|es_contracts|beta_reduction_usd|beta_reduction_pct|margin_used|expected_cost|feasibility|rejected_routes,decision|selected_route|es_contracts|beta_reduction_usd|beta_reduction_pct|margin_used|expected_cost|feasibility|rejected_routes,
SB-L9-020,stockbench-l9-020,L9,L9,0,VERIFIED,5f715874bd90b0a8d5200a6ddb699e3988f597ac2352e62aa854a65434cecf95,ad71f8a4747b1de519441ee8f42a4c010f085eb8f07d239e9f3b1467fc177755,854a88fee49ea861ec51cbb62c27e213013973ad0db6b3c3d5c6c8e860715d4a,true,1,1,Execution / liquidity / microstructure,judgment_risk_augmentation,invalid_route_session_trap,true,decision|selected_route|instrument|venue|feasibility|rejected_routes,decision|selected_route|instrument|venue|feasibility|rejected_routes,
SB-L9-021,stockbench-l9-021,L9,L9,0,VERIFIED,dd44752d455b881fee408ad23989d942566a812ea230f3fcf9d3381693ac9202,bbe4f5377256f51f80f4ed56ecb0c66d3f9df1b19b792442c564141587bccd84,589388a8d3e5f6640be9f8c949205aa42e6dfc33b69d67c76c647f5bdd835627,true,1,1,Listed options strategy / Greeks,execution_action_quality,early_assignment_dividend_risk,false,decision|selected_route|instrument|call_strike|dividend_per_share|call_time_value|early_assignment_risk|feasibility|rejected_routes,decision|selected_route|instrument|call_strike|dividend_per_share|call_time_value|early_assignment_risk|feasibility|rejected_routes,
SB-L9-022,stockbench-l9-022,L9,L9,0,VERIFIED,89cad063bf8c4e93a1e7f270280673507e91fe81e9a205ade32506f1ff5f09e9,029677a6a9efcaaa920ed8fc12069de7926e56afc5f3938c9d3b29c8312f7454,e6e209e65d57c891eafb24dbb11073dc9b4993e4384910f48b38545653ed6fc1,true,1,1,Futures / commodities / spreads / rolls,execution_action_quality,span_margin_calendar_spread,false,decision|selected_route|spread_count|expected_carry_usd|margin_used|feasibility|rejected_routes,decision|selected_route|spread_count|expected_carry_usd|margin_used|feasibility|rejected_routes,
SB-L9-023,stockbench-l9-023,L9,L9,0,VERIFIED,6501bfea9c2acaa986f3fe218d6194c9b053a1a8150ed3e10aaa846af6d3b230,a06ce679b32ddc24ff523c9e8d12164ac3868c9025e1e398aed35cfac182c890,5dd44712eec0f8fe954ce065e17a78827ca79f498ca8a0e12a7f6c2cdfaeb189,true,1,1,Portfolio risk / rebalancing,judgment_risk_augmentation,beta_dollar_rebalance,true,decision|selected_route|es_contracts|beta_reduction_usd|beta_reduction_pct|margin_used|expected_cost|feasibility|rejected_routes,decision|selected_route|es_contracts|beta_reduction_usd|beta_reduction_pct|margin_used|expected_cost|feasibility|rejected_routes,
SB-L9-024,stockbench-l9-024,L9,L9,0,VERIFIED,d020be1edfc572923253108803a374db8039ee50f443f4ec79132157e7f9b485,ae2465b44b1daebb15fa9a9c5f3b67d94c95ad97bbba27c7823ee1b5e2ac53d1,3e9910aaa78999516d2b714cc6ff35e172e1e6a05836f5e53edae00d8f9f8aaa,true,1,1,Execution / liquidity / microstructure,execution_action_quality,invalid_route_session_trap,true,decision|selected_route|instrument|venue|feasibility|rejected_routes,decision|selected_route|instrument|venue|feasibility|rejected_routes,
SB-L9-025,stockbench-l9-025,L9,L9,0,VERIFIED,529b23bf3175636cca262e2fc1c6f95dfa1e9e72daf130819350933d14c3ac21,5c46166c0224737fbfb98465ff3441a57ccee8874513ddd0f035d8869040f8cf,c19e638c4c78cec398dada7fbe10b46e5cd1844ce293776b545c5524a951a14a,true,1,1,Listed options strategy / Greeks,execution_action_quality,early_assignment_dividend_risk,false,decision|selected_route|instrument|call_strike|dividend_per_share|call_time_value|early_assignment_risk|feasibility|rejected_routes,decision|selected_route|instrument|call_strike|dividend_per_share|call_time_value|early_assignment_risk|feasibility|rejected_routes,
SB-L9-026,stockbench-l9-026,L9,L9,0,VERIFIED,2a1b7d24bc34684dbafbd6f05494c3e47000abd52802618f201cf58f75d3e3c8,b7e3c31c8f3a20866f470a396d5a3e7ed59ec5eb6cc31330a3a01bfd68040729,1639925cb821f9810e97b8943856c0336cd1986dd7deb2ebe3e9b0e6761dec49,true,1,1,Futures / commodities / spreads / rolls,judgment_risk_augmentation,span_margin_calendar_spread,false,decision|selected_route|spread_count|expected_carry_usd|margin_used|feasibility|rejected_routes,decision|selected_route|spread_count|expected_carry_usd|margin_used|feasibility|rejected_routes,
SB-L9-027,stockbench-l9-027,L9,L9,0,VERIFIED,945c1468acfc8668dab3d5b0d76041b8951d339661b85e56735283b5951db599,d3d4d29792fc0d41d229df24297b954f694117e9e7055cf59d1340834186950b,9a542cf908153d256824becb005d593c634157fa3968ea2f2a4c1be8950080a2,true,1,1,Portfolio risk / rebalancing,execution_action_quality,beta_dollar_rebalance,true,decision|selected_route|es_contracts|beta_reduction_usd|beta_reduction_pct|margin_used|expected_cost|feasibility|rejected_routes,decision|selected_route|es_contracts|beta_reduction_usd|beta_reduction_pct|margin_used|expected_cost|feasibility|rejected_routes,
SB-L9-028,stockbench-l9-028,L9,L9,0,VERIFIED,90fba676d1625cf3f5d1115c12727c8ab18b205bcaa35575da98a9bf20889829,41e3bb479695b2484a1199f36a0d09f96a1fda4044a3b232aaba38a9b8faaf26,e55ce1bd802b444e85bb4ad702c2314045e31135929bea259258b344b05b3ba0,true,1,1,Shorting / borrow / margin / locates,execution_action_quality,borrow_cost_vs_trade_edge,true,decision|selected_route|instrument|short_shares|put_contracts|premium_paid|bearish_delta_shares|feasibility|rejected_routes,decision|selected_route|instrument|short_shares|put_contracts|premium_paid|bearish_delta_shares|feasibility|rejected_routes,
SB-L9-029,stockbench-l9-029,L9,L9,0,VERIFIED,6590a80175c57a811263729942a9ab08fa09371f5df4d3db530b151e7db8c05e,fc4a419c0b89d92cfe01199feedf52b7dc3d19339731eaacd992042d4cb64927,1f7eec9cb3e56f9a893faf50df166a78bb85c64058bf5e735073855bf4d797fb,true,1,1,Execution / liquidity / microstructure,judgment_risk_augmentation,auction_session_constraint,true,decision|selected_route|instrument|venue|feasibility|rejected_routes,decision|selected_route|instrument|venue|feasibility|rejected_routes,
SB-L9-030,stockbench-l9-030,L9,L9,0,VERIFIED,8f15cb46c6e6285e4424b701f48cfd04b2b6c23465b10e35d244b2e34531642d,ad43171f0329ae9f21ceab80dbd181800ecc2183917c62ef3f3b66d6d5461a6e,d1d4a00212f4e780b42ce12f3f29c43b58bfb774ebd9051d2f6e4f644fa29d65,true,1,1,Spot FX / CFDs / multi-currency,execution_action_quality,forward_vs_spot_payment,false,decision|selected_route|eur_amount|usd_cost|settlement_date_rule|feasibility|rejected_routes,decision|selected_route|eur_amount|usd_cost|settlement_date_rule|feasibility|rejected_routes,
SB-L9-031,stockbench-l9-031,L9,L9,0,VERIFIED,9ba5f59ec580b4ca016fa9e82dd82e02aedb887c19393106c6d6c4b869daac91,0bc7719f3c9eb9187a5586ccedab5dd002eec5a7552f6223671e33b0f278d7f3,dae725a6253746f364edf934f8fae64b4b8beb706598bda86b45203a0b450251,true,1,1,Listed options strategy / Greeks,execution_action_quality,covered_call_assignment,true,decision|selected_route|instrument|call_strike|dividend_per_share|call_time_value|early_assignment_risk|feasibility|rejected_routes,decision|selected_route|instrument|call_strike|dividend_per_share|call_time_value|early_assignment_risk|feasibility|rejected_routes,
SB-L9-032,stockbench-l9-032,L9,L9,0,VERIFIED,1b4b04762cfe65cf32b83b3e6627ee8e7066977458c0f9629808dc3c16a46423,2e3d051044bf104d064923a59a0065d5d5fd32fe3833ed829c742c6139c09851,3177acabeda2537062af9edfc81fd2ec4730442b6292bf41f2c5c4e6c9a14bee,true,1,1,Futures / commodities / spreads / rolls,judgment_risk_augmentation,futures_roll_calendar,false,decision|selected_route|contracts|roll_cost_usd|fees_usd|total_cost_usd|feasibility|rejected_routes,decision|selected_route|contracts|roll_cost_usd|fees_usd|total_cost_usd|feasibility|rejected_routes,
SB-L9-033,stockbench-l9-033,L9,L9,0,VERIFIED,7fe2d2a53a323b686e7285252ab8e2f6f3cc58e3bcfb377478803b6ed623a5a8,2cb0cd12bb20a634726642d6500e3e39083b0f877075d13ab73d268e2fd5f4e4,c871f1ddd495324e9d2fec7cea2635c76734423080914b382823c4d9c3d2a373,true,1,1,Portfolio risk / rebalancing,execution_action_quality,cross_asset_var_liquidity_triage,false,decision|selected_route|es_contracts|beta_reduction_usd|beta_reduction_pct|margin_used|expected_cost|feasibility|rejected_routes,decision|selected_route|es_contracts|beta_reduction_usd|beta_reduction_pct|margin_used|expected_cost|feasibility|rejected_routes,
SB-L9-034,stockbench-l9-034,L9,L9,0,VERIFIED,a89f5d39cab6c3236842d54718d403369727a6456e11e3bd50b312ec60786fde,d00ae1a15f1340b449415f0467e5fcd307ea73358452549004f0bb3b2d81b3ea,54dfad4ebc8fb27e175027deed7c1e91aa8294cdbaf470b78c4cad675e081582,true,1,1,Shorting / borrow / margin / locates,execution_action_quality,locate_recall_options_substitution,true,decision|selected_route|instrument|short_shares|put_contracts|premium_paid|bearish_delta_shares|feasibility|rejected_routes,decision|selected_route|instrument|short_shares|put_contracts|premium_paid|bearish_delta_shares|feasibility|rejected_routes,
SB-L9-035,stockbench-l9-035,L9,L9,0,VERIFIED,111f0e2b65b69ef77d66b9e29c0fa1c8ceda958f47e82f7a4ba8fd757ae0f7fb,63a58c88c00a729ab8aafd4455d45d7f898ec4a5a0ccb21bb72c444a039a55d4,ea29bc05752ea17d87bb9ef3728abd1132b9c03379ed3bf5e87a15ae660032fa,true,1,1,Execution / liquidity / microstructure,judgment_risk_augmentation,order_book_liquidity_limit,true,decision|instrument|side|clip_size_shares|filled_shares|average_price|limit_price|feasibility|rejected_routes,decision|instrument|side|clip_size_shares|filled_shares|average_price|limit_price|feasibility|rejected_routes,
SB-L9-036,stockbench-l9-036,L9,L9,0,VERIFIED,84c4122e64ea171f5255acb1deb47268fb8ee23a020b6ef8dc3ef89ba606827f,a7220beacc9c1ff56df20c5f346cf86e2b56527229a2e29cce834d9c05e51729,07d5b892e16fb182eebe762321d48ad78d0494bbf7ec69a7f5f2fe3b91baa54d,true,1,1,Spot FX / CFDs / multi-currency,execution_action_quality,cfd_margin_regional_constraint,false,decision|selected_route|eur_amount|usd_cost|settlement_date_rule|feasibility|rejected_routes,decision|selected_route|eur_amount|usd_cost|settlement_date_rule|feasibility|rejected_routes,
SB-L9-037,stockbench-l9-037,L9,L9,0,VERIFIED,517556fca46aa22586ee2bde4888d3e1c454bd5f1e1091017b5516bf72d9f2bd,761779deb834f669e9a7614aed8c9adfe88099559dd206f953d11fe5396b1dd5,6b4de4f52d54c248596e35604d111e4aaea7a41cb5074c347ce89c30be36013a,true,1,1,Listed options strategy / Greeks,execution_action_quality,early_assignment_dividend_risk,false,decision|selected_route|instrument|call_strike|dividend_per_share|call_time_value|early_assignment_risk|feasibility|rejected_routes,decision|selected_route|instrument|call_strike|dividend_per_share|call_time_value|early_assignment_risk|feasibility|rejected_routes,
SB-L9-038,stockbench-l9-038,L9,L9,0,VERIFIED,f4d71fd288f9f11dc97471f39598ce1e50a64cf4f0842a681bf59861fac45122,e6316b307ae704340ccc0df521c4fec9c92e2878d1892b7689d19ccbccd9e0fe,e559902a13d6734f51dddafbc4ce6e29f1b77aa9851d62f804231c07ec635d49,true,1,1,Futures / commodities / spreads / rolls,judgment_risk_augmentation,span_margin_calendar_spread,false,decision|selected_route|spread_count|expected_carry_usd|margin_used|feasibility|rejected_routes,decision|selected_route|spread_count|expected_carry_usd|margin_used|feasibility|rejected_routes,
SB-L9-039,stockbench-l9-039,L9,L9,0,VERIFIED,618e5e8629b00ed9db1fbe8af63dfe0dbf9044dd1ee3763a01920e4c3d4c4e56,f5961f73752edfb8ad963cbdb5c81ee452b0a0b654660567ce3a302a2f5dc4d5,e8e79330eb9baead0b78e7f08ed104ba0d9829308b0044267c84638fa94462b8,true,1,1,Portfolio risk / rebalancing,execution_action_quality,beta_dollar_rebalance,true,decision|selected_route|es_contracts|beta_reduction_usd|beta_reduction_pct|margin_used|expected_cost|feasibility|rejected_routes,decision|selected_route|es_contracts|beta_reduction_usd|beta_reduction_pct|margin_used|expected_cost|feasibility|rejected_routes,
SB-L9-040,stockbench-l9-040,L9,L9,0,VERIFIED,45e66e89df0602fb9fe3e436ef8e9d986f214e0e0f8bbebc6034863f20d3b3d7,9d3fcd733191d94a25e1cb49b495f77e17c30923949683702ab205f3ce7993f2,4ab9895d8274efd5fcbea7d9a01dda71e8248ec4a9ed247cb2272d76288e3138,true,1,1,Shorting / borrow / margin / locates,execution_action_quality,borrow_cost_vs_trade_edge,true,decision|selected_route|instrument|short_shares|put_contracts|premium_paid|bearish_delta_shares|feasibility|rejected_routes,decision|selected_route|instrument|short_shares|put_contracts|premium_paid|bearish_delta_shares|feasibility|rejected_routes,
SB-L9-041,stockbench-l9-041,L9,L9,0,VERIFIED,a6df3561885da8d983d2cb49babe94731864ebf13b804eccc8ba5fe53399293f,ba36deb260d409d6fe3cd252eaf973c718c36b23decf82fd9a4961e862c1308e,8e6a4c78faf49a9b754c3af4ec85f72acbb4c5f3ec616b4ee4caabb0b71c2682,true,1,1,Execution / liquidity / microstructure,judgment_risk_augmentation,auction_session_constraint,true,decision|selected_route|instrument|venue|feasibility|rejected_routes,decision|selected_route|instrument|venue|feasibility|rejected_routes,
SB-L9-042,stockbench-l9-042,L9,L9,0,VERIFIED,986daa2cdc9f7f0212874c841322b86249dce0204a9cd4be7afcac8162c9a09f,25e6b94d306b3b3d3b5c76efe5eb358eab71b184e9b7ec7d42a8f788f46b883a,d5b5c5c728a5083efc890c56bb6683d7292a0f49a52361925ee65624eb7e1f5f,true,1,1,Spot FX / CFDs / multi-currency,execution_action_quality,forward_vs_spot_payment,false,decision|selected_route|eur_amount|usd_cost|settlement_date_rule|feasibility|rejected_routes,decision|selected_route|eur_amount|usd_cost|settlement_date_rule|feasibility|rejected_routes,
SB-L9-043,stockbench-l9-043,L9,L9,0,VERIFIED,cf32a611d83558722d70b57fe94cd6d71bd2bf4ebc71939fc5ca87288c7e9add,d97b699a34296fb91bb47564460c59792bd93e4a64960762c17c9f56afa09d0f,22fcb8db32f6e5c2e1d5718b5cc39ff0c122fd9eeb21ee1cf4eb43514cb6fb96,true,1,1,Corporate actions / settlement / calendar / jurisdiction,execution_action_quality,ex_dividend_adjustment,true,decision|selected_route|adjusted_stop_price|option_strike_adjusted|option_strike_after|feasibility|rejected_routes,decision|selected_route|adjusted_stop_price|option_strike_adjusted|option_strike_after|feasibility|rejected_routes,
SB-L9-044,stockbench-l9-044,L9,L9,0,VERIFIED,e60a62562ff963f7175f4deae937771108367bde966f3e3d8ffb84268c217aac,8fa7206a9fd7d8b774738ab675f1371d11f43c02c74d5332882538152009bfe2,15f091b05869dd97d22a0de03e915b8b00e043efb965bb72d3fee16bf85e2a0c,true,1,1,Feasibility / rejection / no-trade traps,judgment_risk_augmentation,borrow_recall_margin_hedge,true,decision|selected_route|instrument|buy_to_cover_shares|put_contracts|premium_paid|feasibility|rejected_routes,decision|selected_route|instrument|buy_to_cover_shares|put_contracts|premium_paid|feasibility|rejected_routes,
SB-L9-045,stockbench-l9-045,L9,L9,0,VERIFIED,b4fcb09da724bf0976e93a1f7d07c99f9272ec5b28d67147bf92e5b91c49fbbe,fc070fd8686fab5dc03e30121b1cd00a9ca781a561d1f64b09887733e1a086b1,b59b1cbe14fe0fbb33bcb51774cdb3ad4acc2e3defbc8caef850038c56ccaf97,true,1,1,Spot equities / ETFs,execution_action_quality,opening_auction_limit,false,decision|selected_route|instrument|quantity|limit_price|venue|feasibility|rejected_routes,decision|selected_route|instrument|quantity|limit_price|venue|feasibility|rejected_routes,
SB-L9-046,stockbench-l9-046,L9,L9,0,VERIFIED,4bdf05ee16e880107b6477c0c84c1216a2cf8a4950972b088721517e6b660027,e9d0c22779329cf6ce7526837830d6a59136cafc004e8b03c9c01546bbb34057,b7896f3807710cd0dc38eb6a1d45b77c353e18808b24f028ae4278ae726523e1,true,1,1,Listed options strategy / Greeks,execution_action_quality,exercise_assignment_roll_decision,false,decision|selected_route|instrument|dividend_per_share|call_time_value|exercise_early|feasibility|rejected_routes,decision|selected_route|instrument|dividend_per_share|call_time_value|exercise_early|feasibility|rejected_routes,
SB-L9-047,stockbench-l9-047,L9,L9,0,VERIFIED,28135433e34acdce8073861b88e18925ce48a5387d90f932d09aac260fdaa6ec,2598cd52509c4f99f086de9015004dc7e99aa5d488106ac3f0b3f7a071ef5384,7af734d69701c662ea8d21b8ca980f5c7ce3054bc94c831dfca7e1da0630904a,true,1,1,Futures / commodities / spreads / rolls,judgment_risk_augmentation,futures_beta_hedge,true,decision|selected_route|es_contracts|beta_reduction_usd|beta_reduction_pct|margin_used|expected_cost|feasibility|rejected_routes,decision|selected_route|es_contracts|beta_reduction_usd|beta_reduction_pct|margin_used|expected_cost|feasibility|rejected_routes,
SB-L9-048,stockbench-l9-048,L9,L9,0,VERIFIED,40d94b073d2f1ec0b9f1347e00af73f9d3a0adf96fd12be99a6e51912044b5c5,2fc190c31f872f03a8d5cf09bc2c4e3008d6409ee7debd9226103303c368b0aa,2257608dfad446dadcca8ddb36f034ebd1b10a39af4e3824403a91b6f16344b1,true,1,1,Portfolio risk / rebalancing,execution_action_quality,multi_asset_drawdown_hedge,false,decision|selected_route|es_contracts|beta_reduction_usd|beta_reduction_pct|margin_used|expected_cost|feasibility|rejected_routes,decision|selected_route|es_contracts|beta_reduction_usd|beta_reduction_pct|margin_used|expected_cost|feasibility|rejected_routes,
SB-L9-049,stockbench-l9-049,L9,L9,0,VERIFIED,286a78792e01ed948ac42278151b15b5d48922c1eb44c18b47223411873ed831,e26c9fecd9d93e3382552440cfd81534c57f8a735cb3a7e5e40dbd8276c70b53,6a78430af17a1156faed6c333968cddedaadc76fdcf2ceb380acde8794d80efb,true,1,1,Shorting / borrow / margin / locates,execution_action_quality,hard_to_borrow_margin_recall,true,decision|selected_route|instrument|short_shares|put_contracts|premium_paid|bearish_delta_shares|feasibility|rejected_routes,decision|selected_route|instrument|short_shares|put_contracts|premium_paid|bearish_delta_shares|feasibility|rejected_routes,
SB-L9-050,stockbench-l9-050,L9,L9,0,VERIFIED,a0af2165fa20c2aeac686f84a9cbc366d7c6d632a733bd6fa879d3a7cb9eba1a,038201009ecac09fc9abf6fecd5a6cea8d5bc9495145f17622d5223c658d75d0,f454e9f482b5f55220424422668d18352550bf362f2c1d4c56de3c97a0c78578,true,1,1,Execution / liquidity / microstructure,judgment_risk_augmentation,twap_slippage_limit,true,decision|instrument|side|clip_size_shares|filled_shares|average_price|limit_price|feasibility|rejected_routes,decision|instrument|side|clip_size_shares|filled_shares|average_price|limit_price|feasibility|rejected_routes,
SB-L9-051,stockbench-l9-051,L9,L9,0,VERIFIED,761a26d062eb4426541c321aa6af355b4f85afb0cbe9e55ea7e83c721a360948,dbad6e908594352edaab5ac97e2517f53b71f7cb4d3768f9da7331f0acebef6b,04a8e678711993028e8c12e59a22fde97701e2562a4032491b66e74f54f228bb,true,1,1,Spot FX / CFDs / multi-currency,execution_action_quality,fx_settlement_mismatch,true,decision|selected_route|eur_amount|usd_cost|settlement_date_rule|feasibility|rejected_routes,decision|selected_route|eur_amount|usd_cost|settlement_date_rule|feasibility|rejected_routes,
SB-L9-052,stockbench-l9-052,L9,L9,0,VERIFIED,f22b45f490cb525a05257047c703ebeca757574a0c34f880d5c39600e7dde3d6,0c0988a70a5b1439d1c332cca54ea6772946a19c3dafe649d8e3313ecb3458d3,14630aacf112b89acaeea57c75ea8aed7b4515474b55131bbebff9ac77cf5bdf,true,1,1,Corporate actions / settlement / calendar / jurisdiction,execution_action_quality,t_plus_one_settlement_sequence,true,decision|selected_route|trade_value_usd|settlement_rule|settlement_cash_date|feasibility|rejected_routes,decision|selected_route|trade_value_usd|settlement_rule|settlement_cash_date|feasibility|rejected_routes,
SB-L9-053,stockbench-l9-053,L9,L9,0,VERIFIED,915381f9dcb0e1ddffaf13ac0b7ec80f71948416f14fdaa0cda53f6e90b78c47,71a79c9cc722a2d1622eeca9604bdbc5d1bbf1d129f2afcf9c72df280700634b,37601b8c6a47e1e342e1cc26e5b948a9e1fac73d154426e1ae4e0ea6d13196ac,true,1,1,Feasibility / rejection / no-trade traps,judgment_risk_augmentation,unsupported_product_permission,true,decision|selected_route|instrument|requested_shares|feasibility|rejected_routes,decision|selected_route|instrument|requested_shares|feasibility|rejected_routes,
SB-L9-054,stockbench-l9-054,L9,L9,0,VERIFIED,49e05a4606bf09a2551b8ec1abcf9b018dffe329eee1846ff2333ace3bca2af1,885fe3f4da177237df8406b2e6e558c6e49dfcd2b4c5f7aa0f504ed3c4625c62,b58fed8d18337799e621aea8d0007ba2eda9086c304fe687295056c04e294efb,true,1,1,Spot equities / ETFs,execution_action_quality,market_on_close_rebalance,false,decision|selected_route|instrument|quantity|limit_price|venue|feasibility|rejected_routes,decision|selected_route|instrument|quantity|limit_price|venue|feasibility|rejected_routes,
SB-L9-055,stockbench-l9-055,L9,L9,0,VERIFIED,53c6884d87abe8089817d18fe662b4d74d89a28b8f2e2ce14870f2988936f22a,3cd9cf5e47091e5d192c0e0b5a79b80f8a8a5dca8b2161177c00d6a9260462ee,89b2ffbcdf58d11f24c875c6524a09edbfc991aecc7ffcefad9d5cb2e0488503,true,1,1,Listed options strategy / Greeks,execution_action_quality,covered_call_assignment,true,decision|selected_route|instrument|call_strike|dividend_per_share|call_time_value|early_assignment_risk|feasibility|rejected_routes,decision|selected_route|instrument|call_strike|dividend_per_share|call_time_value|early_assignment_risk|feasibility|rejected_routes,
SB-L9-056,stockbench-l9-056,L9,L9,0,VERIFIED,d446b8c4556b80f2df88f433bf797d7abc3707baad4c29eb6aebf6c4e0604aeb,3260a32834f7bb4388e60e06609740ded3941d1925352f69e05df89d2fbbdcfa,82c3a9465b649dd180b29eb07d67572c5deeb396bf405cad1b57ab2ead12d55c,true,1,1,Futures / commodities / spreads / rolls,judgment_risk_augmentation,futures_roll_calendar,false,decision|selected_route|contracts|roll_cost_usd|fees_usd|total_cost_usd|feasibility|rejected_routes,decision|selected_route|contracts|roll_cost_usd|fees_usd|total_cost_usd|feasibility|rejected_routes,
SB-L9-057,stockbench-l9-057,L9,L9,0,VERIFIED,2a6c9e93eb88b45536ef8e2f8e2d07653b3e5adf73faa2a912d32ed325645736,1865782bc4a491c35d5bb17d5d935d61d7f9f2e1f6d67dd7bfbb140a537bcf50,d9cd2fcbb39c5bb959635a7650fd72f2d523bc92f80f398a86bb983e02541c99,true,1,1,Portfolio risk / rebalancing,execution_action_quality,cross_asset_var_liquidity_triage,false,decision|selected_route|es_contracts|beta_reduction_usd|beta_reduction_pct|margin_used|expected_cost|feasibility|rejected_routes,decision|selected_route|es_contracts|beta_reduction_usd|beta_reduction_pct|margin_used|expected_cost|feasibility|rejected_routes,
SB-L9-058,stockbench-l9-058,L9,L9,0,VERIFIED,0b598e3d8593e6895ba4d21241ed4d9af4d09c3c45233287535abd676aeb2454,03df122419fa52d72bf5187a572b1c9775ef7047629f24fb1fb77f6a1b93caeb,44306030be4633d1f6aeb017cde8fdb8d697c3bdff2c5bea2a7861f04363e60a,true,1,1,Shorting / borrow / margin / locates,execution_action_quality,locate_recall_options_substitution,true,decision|selected_route|instrument|short_shares|put_contracts|premium_paid|bearish_delta_shares|feasibility|rejected_routes,decision|selected_route|instrument|short_shares|put_contracts|premium_paid|bearish_delta_shares|feasibility|rejected_routes,
SB-L9-059,stockbench-l9-059,L9,L9,0,VERIFIED,8eb0e778073807ede54f6e539d3e8ae993350472177e332312b276071412baca,b0f9375f9f8fbea1da06d2ecb1bba1b386b08540ef58c53a284685e1262541bf,2d5ae7b9bad59974c1dd84fec4cb93a24b21742298640a03598bb3e8884b28bb,true,1,1,Execution / liquidity / microstructure,judgment_risk_augmentation,order_book_liquidity_limit,true,decision|instrument|side|clip_size_shares|filled_shares|average_price|limit_price|feasibility|rejected_routes,decision|instrument|side|clip_size_shares|filled_shares|average_price|limit_price|feasibility|rejected_routes,
SB-L9-060,stockbench-l9-060,L9,L9,0,VERIFIED,246eace8172f28ad0b0a114d0711cda1f00361339f053a379952e770a45e8ff6,f3c4f039a65a2929b6dfb730384732501d62d7833b5bed7f7c5f73230db9321e,2b877a6cfc821f5211de2e4b1dff9e4c87386dc312b74ed6feedb5a2afb465c0,true,1,1,Spot FX / CFDs / multi-currency,execution_action_quality,cfd_margin_regional_constraint,false,decision|selected_route|eur_amount|usd_cost|settlement_date_rule|feasibility|rejected_routes,decision|selected_route|eur_amount|usd_cost|settlement_date_rule|feasibility|rejected_routes,
SB-L9-061,stockbench-l9-061,L9,L9,0,VERIFIED,f7b10b10bf6d088d570faec69eaf575f4794d0bddb97df72dc103e2510c75bbf,a85e17548a97275aee01b88ea6fbefd8dff8ef2735b8470ee256770bfb5bdb73,55c469dac2f66719a1dd44eefa5701dd87842679b00b844232b98dad6717d554,true,1,1,Corporate actions / settlement / calendar / jurisdiction,execution_action_quality,corporate_action_adjustment,true,decision|selected_route|adjusted_stop_price|option_strike_adjusted|option_strike_after|feasibility|rejected_routes,decision|selected_route|adjusted_stop_price|option_strike_adjusted|option_strike_after|feasibility|rejected_routes,
SB-L9-062,stockbench-l9-062,L9,L9,0,VERIFIED,ffa8137d4268db3d75f6b78ffa263080773c4b7c826090cd115337a64a685eb2,169c88366b7000bdb203a91f0a041ad042bdb5f4f6af91bc212ca1674e5321dc,ed1bedd26fb0750f35b7fdaafbe57501191425982c921f2fed4e91cade769162,true,1,1,Feasibility / rejection / no-trade traps,judgment_risk_augmentation,session_permission_rejection,true,decision|selected_route|instrument|requested_shares|feasibility|rejected_routes,decision|selected_route|instrument|requested_shares|feasibility|rejected_routes,
SB-L9-063,stockbench-l9-063,L9,L9,0,VERIFIED,8dd085f10d1a15a06dee5b20f8e46a87f639b3ce642313543fb7a360d39f910b,2b8670677ae65a7cd3fe95dec02223c22e1643c0722d48d9d4b3abd4d9d6db5d,f0b4775489388a773baf8879f1e4c9859785853978125d4eafbf06c4cb091c82,true,1,1,Spot equities / ETFs,execution_action_quality,equity_order_ticket,true,decision|selected_route|instrument|side|quantity|order_type|limit_price|trade_value_usd|settlement_rule|settlement_cash_date|feasibility|rejected_routes,decision|selected_route|instrument|side|quantity|order_type|limit_price|trade_value_usd|settlement_rule|settlement_cash_date|feasibility|rejected_routes,
SB-L9-064,stockbench-l9-064,L9,L9,0,VERIFIED,a060b8b41cf2f3181c4ad801047b2995522801d30c740ac79ee5a934c3d4643f,1a7a01983baf3909c59429dcf87cfbadce6c66c648801527fbc0cea882552139,4282d44b823084f6fc2dbd3b63a1f135989872b054a8ca640c157421ee643c8a,true,1,1,Listed options strategy / Greeks,execution_action_quality,put_spread_downside_floor,false,decision|selected_route|buy_put_strike|sell_put_strike|contracts|net_premium_paid|scenario_pnl_usd|feasibility|rejected_routes,decision|selected_route|buy_put_strike|sell_put_strike|contracts|net_premium_paid|scenario_pnl_usd|feasibility|rejected_routes,
SB-L9-065,stockbench-l9-065,L9,L9,0,VERIFIED,e62da8556827a51055070fc677f27f90eb44447ada603aa2424bbd47451e29b2,8565a1b22d0cbb5a747cab249cd93cc11bd68b71455f65c1ce16e7319723abbe,993cd0f4c3480f281556f46c689a66c0a184f223fc25522d3c99a7f7f03dda91,true,1,1,Futures / commodities / spreads / rolls,judgment_risk_augmentation,commodity_roll_basis_hedge,true,decision|selected_route|contracts|roll_cost_usd|fees_usd|total_cost_usd|feasibility|rejected_routes,decision|selected_route|contracts|roll_cost_usd|fees_usd|total_cost_usd|feasibility|rejected_routes,
SB-L9-066,stockbench-l9-066,L9,L9,0,VERIFIED,810a5aec1f0134fe561560c736ba60b3081375884d756e8634ccc1e07a3ecf83,02f3e9dce2a103730175fea9ddae5982aa8896c4776e30e51e1deb30b9340c43,f0aa3b4c4ee2abee33a8f8b1aa8efc2b73c597787b46b6130f8702ff5e0857ca,true,1,1,Portfolio risk / rebalancing,execution_action_quality,risk_budget_rebalance,false,decision|selected_route|es_contracts|beta_reduction_usd|beta_reduction_pct|margin_used|expected_cost|feasibility|rejected_routes,decision|selected_route|es_contracts|beta_reduction_usd|beta_reduction_pct|margin_used|expected_cost|feasibility|rejected_routes,
SB-L9-067,stockbench-l9-067,L9,L9,0,VERIFIED,1dbb7d648855be43381aa6370f27b596c8f3d963ca83deb75bc2c2d05e2bbbba,98a20dbccd26695d52589de6db543bbb4b98d340f2fae8734df55ffdaac7090e,ff0b50ff0d6012047a5f2e6c164b97ba88c610854907dc7d6106ac2ca6fbcd59,true,1,1,Shorting / borrow / margin / locates,execution_action_quality,short_locate_failure,true,decision|selected_route|instrument|short_shares|put_contracts|premium_paid|bearish_delta_shares|feasibility|rejected_routes,decision|selected_route|instrument|short_shares|put_contracts|premium_paid|bearish_delta_shares|feasibility|rejected_routes,
SB-L9-068,stockbench-l9-068,L9,L9,0,VERIFIED,9f703a2a2791abc385913b0f2ed3643dfc90858137815c1fc4015fc57b11e913,906cea6d20859e042638a513158506a71221bf7e315d9b8c921dd6426a8a7c37,4188d4bb1ccbf4a107359413bd8d882619bc279779a9b66f199eb30cde43d6f8,true,1,1,Execution / liquidity / microstructure,judgment_risk_augmentation,invalid_route_session_trap,true,decision|selected_route|instrument|venue|feasibility|rejected_routes,decision|selected_route|instrument|venue|feasibility|rejected_routes,
SB-L9-069,stockbench-l9-069,L9,L9,0,VERIFIED,8cf593ffc94470f316d1b201a957d77e2b7d47ab62cb3fe858fa494d8d964805,3ef4e6403554c7089751a16a6f7e552ed1b72b974629757b38a9a68e347853da,c44e4e04f334cb16aa12b55288c3f352af83c1ead9448052059c4bcffca8dfd4,true,1,1,Spot FX / CFDs / multi-currency,execution_action_quality,multi_currency_cash_buffer,true,decision|selected_route|eur_amount|usd_cost|settlement_date_rule|feasibility|rejected_routes,decision|selected_route|eur_amount|usd_cost|settlement_date_rule|feasibility|rejected_routes,
SB-L9-070,stockbench-l9-070,L9,L9,0,VERIFIED,994b99c935a22d2f22146214ef4e0ee03c6d25baa11e1fa72cf03294eb3cd0c2,5687625d1ad00413c56773f74771af7a40eea4047fe478e97111234f06937794,6f1a3a85537ce1a793e7d7c9d7b680d2f22dc687b427302c1d47117321471276,true,1,1,Corporate actions / settlement / calendar / jurisdiction,execution_action_quality,regional_market_holiday,true,decision|selected_route|trade_value_usd|settlement_rule|settlement_cash_date|feasibility|rejected_routes,decision|selected_route|trade_value_usd|settlement_rule|settlement_cash_date|feasibility|rejected_routes,
SB-L9-071,stockbench-l9-071,L9,L9,0,VERIFIED,4a44e26f0a703e9841dac018dc7f640e54e4b0b52eb9d3864b3651ce17e24e86,3363ab3119b79a5b9f9aa8121a9db8a0564cafc82159bf2f657ccf80aa3cb124,e9e2f96596fbcbe556c1951663d8455d369496ed8738b88d345a8653ccc9c361,true,1,1,Feasibility / rejection / no-trade traps,judgment_risk_augmentation,no_trade_invalid_route,true,decision|selected_route|instrument|requested_shares|feasibility|rejected_routes,decision|selected_route|instrument|requested_shares|feasibility|rejected_routes,
SB-L9-072,stockbench-l9-072,L9,L9,0,VERIFIED,59450298840027f31d09088404b73723a6d917a7d437c661e0cf01f6a0669eb0,4e12b9f39e56ac5e3ee463c292301c67f7167fd16107ee52ba0ec9f757ca2258,051fe413a0402172cdc910c25148b78f5030cef6accb891bce4738d23394e782,true,1,1,Spot equities / ETFs,execution_action_quality,etf_sector_rebalance_t_plus_one,false,decision|selected_route|instrument|side|quantity|order_type|limit_price|trade_value_usd|settlement_rule|settlement_cash_date|feasibility|rejected_routes,decision|selected_route|instrument|side|quantity|order_type|limit_price|trade_value_usd|settlement_rule|settlement_cash_date|feasibility|rejected_routes,
SB-L9-073,stockbench-l9-073,L9,L9,0,VERIFIED,f4c8d28dd1846b6d13e4f0b8595de763101707a7b772c2159c6f7beab64e9dc1,f2b4d0989e2c654a7b4b5e913947f9c55e0230c85c296f913b437fb8d60a9c75,26aff730cbfb50885f72941518972a3553e5c6b6fe0f8e79831184cb81638405,true,1,1,Listed options strategy / Greeks,execution_action_quality,early_assignment_dividend_risk,false,decision|selected_route|instrument|call_strike|dividend_per_share|call_time_value|early_assignment_risk|feasibility|rejected_routes,decision|selected_route|instrument|call_strike|dividend_per_share|call_time_value|early_assignment_risk|feasibility|rejected_routes,
SB-L9-074,stockbench-l9-074,L9,L9,0,VERIFIED,e6832956cbfcefd29d1b13ef8361c2fcaba6bd095798672d24744abbeab456eb,fe95685d17600a4946a17963373492f2792b5d4e2f723a69a373a4c277c6d22b,b71188c14ce2b96eee743fb42b35802d16fdc7b661f6a7d3cdf2762da0a61652,true,1,1,Futures / commodities / spreads / rolls,judgment_risk_augmentation,span_margin_calendar_spread,false,decision|selected_route|spread_count|expected_carry_usd|margin_used|feasibility|rejected_routes,decision|selected_route|spread_count|expected_carry_usd|margin_used|feasibility|rejected_routes,
SB-L9-075,stockbench-l9-075,L9,L9,0,VERIFIED,629729d39970deebd75a59e9193b6bf178899a0e624b385355790fbd473876e5,1c644ba0b846626bb33d71ed5adf4bbc5aebdc114ec1210016508514c92ac083,c38511179a4601f0040a81178a1d9150178548b0308c396854d7943087125d4f,true,1,1,Portfolio risk / rebalancing,execution_action_quality,beta_dollar_rebalance,true,decision|selected_route|es_contracts|beta_reduction_usd|beta_reduction_pct|margin_used|expected_cost|feasibility|rejected_routes,decision|selected_route|es_contracts|beta_reduction_usd|beta_reduction_pct|margin_used|expected_cost|feasibility|rejected_routes,
SB-L9-076,stockbench-l9-076,L9,L9,0,VERIFIED,3131f67c31af7ffccedb497360affc84cfd04214ce058d9add24b29a8bf539e1,a3bf015e14408450dbf1cc61ba09bb0bdd2f0a179c97ef74b4f86d72b6ead474,7a1f10e9cabcc0ac68d73f4673a32cc9d5c9a8d5cd54cdf2cfc4646efbd4b0da,true,1,1,Shorting / borrow / margin / locates,execution_action_quality,borrow_cost_vs_trade_edge,true,decision|selected_route|instrument|short_shares|put_contracts|premium_paid|bearish_delta_shares|feasibility|rejected_routes,decision|selected_route|instrument|short_shares|put_contracts|premium_paid|bearish_delta_shares|feasibility|rejected_routes,
SB-L9-077,stockbench-l9-077,L9,L9,0,VERIFIED,81fd08393299cbd29884d29acd3c7766b436d687dfd40f32fd32e0c5f6f38835,cb78e64e81d63012e233ae744b23646df321901cb40252ae5443aa12b00277a8,65800009b2c541d6389e56f1d5018961f01f6821283d580ff02900f2ed16e93e,true,1,1,Execution / liquidity / microstructure,judgment_risk_augmentation,auction_session_constraint,true,decision|selected_route|instrument|venue|feasibility|rejected_routes,decision|selected_route|instrument|venue|feasibility|rejected_routes,
SB-L9-078,stockbench-l9-078,L9,L9,0,VERIFIED,8c154724bb36b872f3d4ffdd474b5f7bccec89bae2c1d059c608e602fe6879c3,b8846261c58db03692d572243a7ff3e26bd04b0f9282d07edac0610982f2ca18,c0ae28c8b49ca130925af320293ff7f0afa29e43ad96821955553151261ba1ac,true,1,1,Spot FX / CFDs / multi-currency,execution_action_quality,forward_vs_spot_payment,false,decision|selected_route|eur_amount|usd_cost|settlement_date_rule|feasibility|rejected_routes,decision|selected_route|eur_amount|usd_cost|settlement_date_rule|feasibility|rejected_routes,
SB-L9-079,stockbench-l9-079,L9,L9,0,VERIFIED,d1f28be78c4cae1ea85c734bbea4371ece763930ab36eaa1bf28b9271ac3d743,41814f70225b3dbe44299b8ba1209687ff174594405679e379fa990c7bc6d580,9b50cdfb00c6a7ecc10de18283664790c91ec99c291b26fc5c372032a0d0a183,true,1,1,Corporate actions / settlement / calendar / jurisdiction,execution_action_quality,ex_dividend_adjustment,true,decision|selected_route|adjusted_stop_price|option_strike_adjusted|option_strike_after|feasibility|rejected_routes,decision|selected_route|adjusted_stop_price|option_strike_adjusted|option_strike_after|feasibility|rejected_routes,
SB-L9-080,stockbench-l9-080,L9,L9,0,VERIFIED,17f8e7f70745791ee6c39ad2112a2d32e8caf1d6502ef4eed102d298636305d4,bfc942466445cfc7632f12cd13ce5a326aa2166885c39527004da4b5a60066da,41485b800e54461b91f6b9ea8fc0d7c12a9ee56cb27db36308ec159bb64a8e9c,true,1,1,Feasibility / rejection / no-trade traps,judgment_risk_augmentation,borrow_recall_margin_hedge,true,decision|selected_route|instrument|buy_to_cover_shares|put_contracts|premium_paid|feasibility|rejected_routes,decision|selected_route|instrument|buy_to_cover_shares|put_contracts|premium_paid|feasibility|rejected_routes,
SB-L9-081,stockbench-l9-081,L9,L9,0,VERIFIED,2d6224dffea46090edc4e461ebb175a3fd722e649e8838c0d9ba352ac59f2aa2,dc05deac5ede631f6a97b09312315b0c1f2253a73ae2b2305bd33b1ad185a622,1d80e4cd4a8da4210472acd439cb253117c52f4e3978bbcbf926df133dc96b13,true,1,1,Spot equities / ETFs,execution_action_quality,opening_auction_limit,false,decision|selected_route|instrument|quantity|limit_price|venue|feasibility|rejected_routes,decision|selected_route|instrument|quantity|limit_price|venue|feasibility|rejected_routes,
SB-L10-008,stockbench-l10-008,L10,L10,0,VERIFIED,3cc8c063039af2f2fdcc3251795f753473c9b47e9415600977b6a5a07ac4b636,bbc034f16469e90325917a459321dae361366647c62f496d93e8e6eb2b2fafe2,7686828784aad2a3db2f022bd3100dd8dd73880e9d905ae4f175fb266936a278,true,1,1,Listed options strategy / Greeks,execution_action_quality,exercise_assignment_roll_decision,false,decision|selected_route|instrument|dividend_per_share|call_time_value|exercise_early|feasibility|rejected_routes|residual_check,decision|selected_route|instrument|dividend_per_share|call_time_value|exercise_early|feasibility|rejected_routes|residual_check,
SB-L10-009,stockbench-l10-009,L10,L10,0,VERIFIED,2303915096005e2501d01480d7953b6c6cb8bc3353587696d88950d4fd71624a,da9892e91a83ebe18db3a91077c7415d06d41af233d899de8ed388e370365b01,100c480f966c44830f23589e30c882afaf754ada401b5d23ab03b5e24a7ef7f3,true,1,1,Futures / commodities / spreads / rolls,judgment_risk_augmentation,futures_beta_hedge,true,decision|selected_route|es_contracts|beta_reduction_usd|beta_reduction_pct|margin_used|expected_cost|feasibility|rejected_routes|residual_check,decision|selected_route|es_contracts|beta_reduction_usd|beta_reduction_pct|margin_used|expected_cost|feasibility|rejected_routes|residual_check,
SB-L10-010,stockbench-l10-010,L10,L10,0,VERIFIED,97da5d96b992262a8c19d15ee12fda65ee1db615023d86b1451964b95b4124d5,365507c7727393c7428d065c9f045c120534cf834bb566b918f640941737738f,153d7a3a33cafadab7bd2d08463581c159ae1a704c1c47b0d7548460d692cfb6,true,1,1,Listed options strategy / Greeks,execution_action_quality,put_spread_downside_floor,false,decision|selected_route|buy_put_strike|sell_put_strike|contracts|net_premium_paid|scenario_pnl_usd|feasibility|rejected_routes|residual_check,decision|selected_route|buy_put_strike|sell_put_strike|contracts|net_premium_paid|scenario_pnl_usd|feasibility|rejected_routes|residual_check,
SB-L10-011,stockbench-l10-011,L10,L10,0,VERIFIED,786894251390fde5e7637b76f071fe03fa3e970bd79df9f5578ec21ae100210c,b688543a3e7877d9c20318df6b514206c915b640b67a0e9be9d15abc31deb0d2,7680913592b40fc5c494c6418e35cff5a15dbe0facba985f326cf1efe582b819,true,1,1,Futures / commodities / spreads / rolls,execution_action_quality,commodity_roll_basis_hedge,true,decision|selected_route|contracts|roll_cost_usd|fees_usd|total_cost_usd|feasibility|rejected_routes|residual_check,decision|selected_route|contracts|roll_cost_usd|fees_usd|total_cost_usd|feasibility|rejected_routes|residual_check,
SB-L10-012,stockbench-l10-012,L10,L10,0,VERIFIED,116ddb9ced80077a3915de8c96dab5ea83360c2e1b39c942f4e2770dfbb61890,e49ad63034a957530ca5ab10b5a43f75e5d2d66beb766718fa543d92442c7a4b,1a0dcaa1809eb5bf44944b3d01b94f3c718a4d79ef5f6242ce780c2255e1ba2f,true,1,1,Listed options strategy / Greeks,judgment_risk_augmentation,exercise_assignment_roll_decision,false,decision|selected_route|instrument|dividend_per_share|call_time_value|exercise_early|feasibility|rejected_routes|residual_check,decision|selected_route|instrument|dividend_per_share|call_time_value|exercise_early|feasibility|rejected_routes|residual_check,
SB-L10-013,stockbench-l10-013,L10,L10,0,VERIFIED,a045a6a8ae5889bf9a88d83f3ff61a2cea52289f6ae2bbd6e8b9ca711f1f885e,fd8ec342feab5230fc79d64513d76c136a1df7f0bd49c6e95621e5457763b398,ffa4d71c8006f2b6245d3215a4d1e8078da908f244710d872e291e8c964b981a,true,1,1,Futures / commodities / spreads / rolls,execution_action_quality,futures_beta_hedge,true,decision|selected_route|es_contracts|beta_reduction_usd|beta_reduction_pct|margin_used|expected_cost|feasibility|rejected_routes|residual_check,decision|selected_route|es_contracts|beta_reduction_usd|beta_reduction_pct|margin_used|expected_cost|feasibility|rejected_routes|residual_check,
SB-L10-014,stockbench-l10-014,L10,L10,0,VERIFIED,9d6d698255fd20080f09ea12e0c192886588255568a8cabd8cff639e271fd146,a737db5120092aa86ea31bb972099c118d27ee7ec9da4555a8e3b1476a76b7c0,a4eefa5fdec2fa4b8401e081a1be2d4d86b6968e2e9bef6c3c6a12139c6d5808,true,1,1,Portfolio risk / rebalancing,execution_action_quality,multi_asset_drawdown_hedge,false,decision|selected_route|es_contracts|beta_reduction_usd|beta_reduction_pct|margin_used|expected_cost|feasibility|rejected_routes|residual_check,decision|selected_route|es_contracts|beta_reduction_usd|beta_reduction_pct|margin_used|expected_cost|feasibility|rejected_routes|residual_check,
SB-L10-015,stockbench-l10-015,L10,L10,0,VERIFIED,7763b0a306805abc81729aba9d041f9ddef5d0ec99d6fb3b67b64c0b4a2e249a,c9ab951a39cf1152ff9a57bc47bba4ba971fd851a643442d0b6155a3135ed15e,11d981eb367763cadf5018202b4e2c936abdc39c8048bf4b4ffe42d3079d0691,true,1,1,Listed options strategy / Greeks,judgment_risk_augmentation,early_assignment_dividend_risk,false,decision|selected_route|instrument|call_strike|dividend_per_share|call_time_value|early_assignment_risk|feasibility|rejected_routes|residual_check,decision|selected_route|instrument|call_strike|dividend_per_share|call_time_value|early_assignment_risk|feasibility|rejected_routes|residual_check,
SB-L10-016,stockbench-l10-016,L10,L10,0,VERIFIED,23f1798b78093113d23fe1fa39c24e60ebd7a3fcd8b2980760c3c7b03ad847c5,07df5f80ce292ef840635286ed2b533d3003755e299ec0f4682369c4a5d9fe7c,fa477120f39ee58a223b8f41559260b5a92db7fb64336aa2f0bd36a609ed9573,true,1,1,Futures / commodities / spreads / rolls,execution_action_quality,span_margin_calendar_spread,false,decision|selected_route|spread_count|expected_carry_usd|margin_used|feasibility|rejected_routes|residual_check,decision|selected_route|spread_count|expected_carry_usd|margin_used|feasibility|rejected_routes|residual_check,
SB-L10-017,stockbench-l10-017,L10,L10,0,VERIFIED,ae09355d3999048bbd5333adc7d49c23aee09d6bb85a98a29a7cbab8a6e83d48,5f81c518237f89414670cdca79e1ba2a7ea82b5855e773e4d23520da95dee369,f427c2cc14837d2f2b774777cc5c46897374f84f981235ba4ac19140950265ab,true,1,1,Portfolio risk / rebalancing,execution_action_quality,beta_dollar_rebalance,true,decision|selected_route|es_contracts|beta_reduction_usd|beta_reduction_pct|margin_used|expected_cost|feasibility|rejected_routes|residual_check,decision|selected_route|es_contracts|beta_reduction_usd|beta_reduction_pct|margin_used|expected_cost|feasibility|rejected_routes|residual_check,
SB-L10-018,stockbench-l10-018,L10,L10,0,VERIFIED,867e2a4c2ab476a1802071d2b509a1c2ff8fc543d2b27b17867bc3a08a9bf2ce,fc772ec4c9eb6684f67b0ad7360357d93ef229ce8755057569b89a34b95dc037,e0455dadfe19ba6d11b879fa4c2264dd89e7852950147d2a8352b3d905ae9685,true,1,1,Execution / liquidity / microstructure,judgment_risk_augmentation,invalid_route_session_trap,true,decision|selected_route|instrument|venue|feasibility|rejected_routes|residual_check,decision|selected_route|instrument|venue|feasibility|rejected_routes|residual_check,
SB-L10-019,stockbench-l10-019,L10,L10,0,VERIFIED,2c9cc7295b2fad0fd0188be5b6ecaefddf2683807ae1a7fce077479107bb65b5,1fb03bd8cd6ae421cb458c6d2e7dff1a05de95915d2c453a8f1ab914f1217b67,dd11b4dc68ad85826c9ecf7f6d3f10aea29a4a772dd9203cbd677757c2f4bb76,true,1,1,Listed options strategy / Greeks,execution_action_quality,early_assignment_dividend_risk,false,decision|selected_route|instrument|call_strike|dividend_per_share|call_time_value|early_assignment_risk|feasibility|rejected_routes|residual_check,decision|selected_route|instrument|call_strike|dividend_per_share|call_time_value|early_assignment_risk|feasibility|rejected_routes|residual_check,
SB-L10-020,stockbench-l10-020,L10,L10,0,VERIFIED,e782cbe5068c7582e7fffee4c13df50da91b914ac7f3bc299ad70b74ce1f053c,5d1f9229e26b32a6166cbac6a44786122210ff2155ade8ca501315e1c89c6cd0,904e35d7eb5b1de017866435ee715a02081ee62326ddc1c6d20828a5e814aaeb,true,1,1,Futures / commodities / spreads / rolls,execution_action_quality,span_margin_calendar_spread,false,decision|selected_route|spread_count|expected_carry_usd|margin_used|feasibility|rejected_routes|residual_check,decision|selected_route|spread_count|expected_carry_usd|margin_used|feasibility|rejected_routes|residual_check,
SB-L10-021,stockbench-l10-021,L10,L10,0,VERIFIED,d1b9705565b613f5770ea5de399342d6e25c5d8b10bc48561a8091fe986b230d,496c51bee7ea26df1663f14ed8136de7589c812da0b931c9570bc0b0297bcd05,e5ea39ac5c866c50b099a093e84a03e43b2a47c44b43f808cd8cc5ebbbe4b834,true,1,1,Portfolio risk / rebalancing,judgment_risk_augmentation,beta_dollar_rebalance,true,decision|selected_route|es_contracts|beta_reduction_usd|beta_reduction_pct|margin_used|expected_cost|feasibility|rejected_routes|residual_check,decision|selected_route|es_contracts|beta_reduction_usd|beta_reduction_pct|margin_used|expected_cost|feasibility|rejected_routes|residual_check,
SB-L10-022,stockbench-l10-022,L10,L10,0,VERIFIED,3d809ecb800054aab4ee9863ad3108f5c0a9ffaca4c9803d6db0a54096d66619,3066b72b4d918cf3deda1a239204bffd95392026b77bf0e12f99e0999dcc1af6,5b8c44e9ffb86ad01f13253727faef593005128fcfa7d7a7a65eecc7fc67ebd7,true,1,1,Shorting / borrow / margin / locates,execution_action_quality,borrow_cost_vs_trade_edge,true,decision|selected_route|instrument|short_shares|put_contracts|premium_paid|bearish_delta_shares|feasibility|rejected_routes|residual_check,decision|selected_route|instrument|short_shares|put_contracts|premium_paid|bearish_delta_shares|feasibility|rejected_routes|residual_check,
SB-L10-023,stockbench-l10-023,L10,L10,0,VERIFIED,2ed820e91d249bbf191c4e52396d7561cdd4f1d2f51625b07a35bafc8974a951,0d9ac9b07f5fde6e7976fbee35bd4b00a74f5165ad7a401e40a8be6096e823ee,c4fb1caf3f7ae9f41fb2200fe8dcea46c770055a87d9cc78ec1c16cfcd59575d,true,1,1,Execution / liquidity / microstructure,execution_action_quality,auction_session_constraint,true,decision|selected_route|instrument|venue|feasibility|rejected_routes|residual_check,decision|selected_route|instrument|venue|feasibility|rejected_routes|residual_check,
SB-L10-024,stockbench-l10-024,L10,L10,0,VERIFIED,83c3efd28e06d954898037a7fb85677d27e26ac9c68561d982e699d0fb1ed21c,5225409f20cb889e1c7098a8b06f6a2412cc367715ac11aba1ff9262fc562cc0,09df7bd7cd5b5bd219bb775480fdd5073769c6b03bb224784b04b501acf98003,true,1,1,Listed options strategy / Greeks,judgment_risk_augmentation,exercise_assignment_roll_decision,false,decision|selected_route|instrument|dividend_per_share|call_time_value|exercise_early|feasibility|rejected_routes|residual_check,decision|selected_route|instrument|dividend_per_share|call_time_value|exercise_early|feasibility|rejected_routes|residual_check,
SB-L10-025,stockbench-l10-025,L10,L10,0,VERIFIED,ecff52dee11e7d578f3dde109cddd1b81237bfa98fcaf0f7794b73c40866b5ab,a9b26e4f0b3c932e3fb9c0513cbb4ce57d366bf97eb2b0e3c0a2da9b0f3704bc,d92b5e2263c03e436bc90f31b1cc31ec7d79eb34ac53a0c223020e9b64bcae73,true,1,1,Futures / commodities / spreads / rolls,execution_action_quality,futures_beta_hedge,true,decision|selected_route|es_contracts|beta_reduction_usd|beta_reduction_pct|margin_used|expected_cost|feasibility|rejected_routes|residual_check,decision|selected_route|es_contracts|beta_reduction_usd|beta_reduction_pct|margin_used|expected_cost|feasibility|rejected_routes|residual_check,
SB-L10-026,stockbench-l10-026,L10,L10,0,VERIFIED,284a25ba2f588b4f58c2995d5ff42cfeb18fdeaaa68b7359d6aa8ca027f7038b,d10e45b1a3ebe78d3078a6dad8f32e28a8d1c2681ff9f22d809d2b58ef13045d,b23a8e3429454f3b2823fdbc5d04f11500eb8bedd59b13005bb1f0cb7c570f35,true,1,1,Portfolio risk / rebalancing,execution_action_quality,multi_asset_drawdown_hedge,false,decision|selected_route|es_contracts|beta_reduction_usd|beta_reduction_pct|margin_used|expected_cost|feasibility|rejected_routes|residual_check,decision|selected_route|es_contracts|beta_reduction_usd|beta_reduction_pct|margin_used|expected_cost|feasibility|rejected_routes|residual_check,
SB-L10-027,stockbench-l10-027,L10,L10,0,VERIFIED,8c2381653e1563c0c2bb223002da4ee6adbebafa378527439bdf132c44c47471,9e65ccaa63a52269d20c4a009ea23d67e3246fc784d8aa06a5f288bd8164f73e,1ce0e0a9d65d49c2af1e5da1bdf70051498b2d23d835aa1068757ddc3bb1a358,true,1,1,Shorting / borrow / margin / locates,judgment_risk_augmentation,hard_to_borrow_margin_recall,true,decision|selected_route|instrument|short_shares|put_contracts|premium_paid|bearish_delta_shares|feasibility|rejected_routes|residual_check,decision|selected_route|instrument|short_shares|put_contracts|premium_paid|bearish_delta_shares|feasibility|rejected_routes|residual_check,
SB-L10-028,stockbench-l10-028,L10,L10,0,VERIFIED,f7b921f64872502559aa920c74ca878106ccb9aa878847e24dcf80589235ac40,dc761adf0a6b2c26bb6f33709f75f9ac6bbe57d5e3575934b656fa40e72e6d4f,820296820de76723b0404aadad72addb71020f346fc4c2c0bbf69e1d7824166e,true,1,1,Execution / liquidity / microstructure,execution_action_quality,twap_slippage_limit,true,decision|instrument|side|clip_size_shares|filled_shares|average_price|limit_price|feasibility|rejected_routes|residual_check,decision|instrument|side|clip_size_shares|filled_shares|average_price|limit_price|feasibility|rejected_routes|residual_check,
SB-L10-029,stockbench-l10-029,L10,L10,0,VERIFIED,37857ad7f8ce44678dc7010e55eb539bdda181abcdf2356d69a262095abc0448,516b070d125b11893cf7357d18f96188144e5ed74eec58c5db25ae0bf7c75fb3,b72492788ca2abe2e277f26280a116637d99829906e5566f9c1730d0191630f2,true,1,1,Listed options strategy / Greeks,execution_action_quality,covered_call_assignment,true,decision|selected_route|instrument|call_strike|dividend_per_share|call_time_value|early_assignment_risk|feasibility|rejected_routes|residual_check,decision|selected_route|instrument|call_strike|dividend_per_share|call_time_value|early_assignment_risk|feasibility|rejected_routes|residual_check,
SB-L10-030,stockbench-l10-030,L10,L10,0,VERIFIED,f45d94edd19bb3a5da7ca15bb44d81c546d5fdcba84f996a9ea17399c82f505f,10df4c385290914988311352f5689ef1af628a8bd40eb93736934ed6b25fb728,93077c80cf2c6561ec0ab86b37fb8c20328ad5275c91ad15533d7fb97c1e6bf4,true,1,1,Futures / commodities / spreads / rolls,judgment_risk_augmentation,futures_roll_calendar,false,decision|selected_route|contracts|roll_cost_usd|fees_usd|total_cost_usd|feasibility|rejected_routes|residual_check,decision|selected_route|contracts|roll_cost_usd|fees_usd|total_cost_usd|feasibility|rejected_routes|residual_check,
SB-L10-031,stockbench-l10-031,L10,L10,0,VERIFIED,40c3f03c8ac16846a3f65ef1885f22bcfd20f01731f5bc22f4f5483bd8d9a112,d9977f4c95e0e05711905de6116d1412bd6859676bae33afe536e3b4f95a6b71,155a17d54eac3d3ac0204b4cdc139f7e4b2ebda309564298a346bd5935552e78,true,1,1,Portfolio risk / rebalancing,execution_action_quality,cross_asset_var_liquidity_triage,false,decision|selected_route|es_contracts|beta_reduction_usd|beta_reduction_pct|margin_used|expected_cost|feasibility|rejected_routes|residual_check,decision|selected_route|es_contracts|beta_reduction_usd|beta_reduction_pct|margin_used|expected_cost|feasibility|rejected_routes|residual_check,
SB-L10-032,stockbench-l10-032,L10,L10,0,VERIFIED,aea9e6722f8dc8b6ec734cb0e3d88c68902670872d7ce4bad27af7fd4364a56a,f6b09288d63c439bd63bc6909ebe3847d0932ab9dd42527db6d5d4f26df2dea6,91c44f477976d300a7ec25d7584ef89b121cd66351ee4a6b415c4407c2d8f102,true,1,1,Shorting / borrow / margin / locates,execution_action_quality,locate_recall_options_substitution,true,decision|selected_route|instrument|short_shares|put_contracts|premium_paid|bearish_delta_shares|feasibility|rejected_routes|residual_check,decision|selected_route|instrument|short_shares|put_contracts|premium_paid|bearish_delta_shares|feasibility|rejected_routes|residual_check,
SB-L10-033,stockbench-l10-033,L10,L10,0,VERIFIED,34cf81f1f7038a7da20983831e7c1c094886792d120b61edf14f701eed66cfef,4e46a0cceba9afc74435c1858ba5478cb2a40fa006549d76835887b68574e5ee,6588190eeeb4791d81a0e82741a92056269e5526f1166b3f59cc26d7a033fc76,true,1,1,Spot FX / CFDs / multi-currency,judgment_risk_augmentation,fx_settlement_mismatch,true,decision|selected_route|eur_amount|usd_cost|settlement_date_rule|feasibility|rejected_routes|residual_check,decision|selected_route|eur_amount|usd_cost|settlement_date_rule|feasibility|rejected_routes|residual_check,
SB-L10-034,stockbench-l10-034,L10,L10,0,VERIFIED,af784e79a32b33f5077e017b278c64decceabba94fe70697293a8d45f099fa61,af04f30334985acb94d95f8ba7497f430869d1142376490cec7642b7d787a180,a318ca9db94aed180e47d853c9545fee6237291442c5aeafea69f44f8686c10b,true,1,1,Execution / liquidity / microstructure,execution_action_quality,invalid_route_session_trap,true,decision|selected_route|instrument|venue|feasibility|rejected_routes|residual_check,decision|selected_route|instrument|venue|feasibility|rejected_routes|residual_check,
SB-L10-035,stockbench-l10-035,L10,L10,0,VERIFIED,7f5382d08cc119332441565a6fd9ad0ffb7ece291f0b8ef57397abc20652ce15,b46ee363617b08f75e0a3e144334c280f234f83b6529d63c80e41a255670289d,a5e5694c22f336e6c374ad624ec9b47782e2ad0227d28a9c567a56f9738b28b1,true,1,1,Corporate actions / settlement / calendar / jurisdiction,execution_action_quality,corporate_action_adjustment,true,decision|selected_route|adjusted_stop_price|option_strike_adjusted|option_strike_after|feasibility|rejected_routes|residual_check,decision|selected_route|adjusted_stop_price|option_strike_adjusted|option_strike_after|feasibility|rejected_routes|residual_check,
SB-L10-036,stockbench-l10-036,L10,L10,0,VERIFIED,9de7559d8f4d172136141f70fdbf7d460a5f114fb4d525f5e96e852e8e4547f8,d068dae72ae34c69f90e6d78171235890ba4b9ec61cdd2ad50348634bfe42e42,9694fc4c7055f2437ae93bad41c041820f6e70fb58acd7b2703d9cd05c2c0af9,true,1,1,Listed options strategy / Greeks,judgment_risk_augmentation,exercise_assignment_roll_decision,false,decision|selected_route|instrument|dividend_per_share|call_time_value|exercise_early|feasibility|rejected_routes|residual_check,decision|selected_route|instrument|dividend_per_share|call_time_value|exercise_early|feasibility|rejected_routes|residual_check,
SB-L10-037,stockbench-l10-037,L10,L10,0,VERIFIED,8fcea211325c512f00984c95af8897bc21becd8242c1acedbd89798757089467,2e0da64a9db7afa85fbf93cd7d09f60f6d295946f6be446946e383200395bc55,b9c771a22029bdfe375da78f8a58676e8b0a4093080f1dac87caa99ccf23c51d,true,1,1,Futures / commodities / spreads / rolls,execution_action_quality,futures_beta_hedge,true,decision|selected_route|es_contracts|beta_reduction_usd|beta_reduction_pct|margin_used|expected_cost|feasibility|rejected_routes|residual_check,decision|selected_route|es_contracts|beta_reduction_usd|beta_reduction_pct|margin_used|expected_cost|feasibility|rejected_routes|residual_check,
SB-L10-038,stockbench-l10-038,L10,L10,0,VERIFIED,faaed05f2994df1c37390f2003effe58ee8c44b56ab97881b84744e16f62252f,71b3cc55d1df2fc2291764edcd107d66dac255d4fbe643db6205675d35ae003d,f7089fc1bdf00a1154d357b0c6fc9b540d6b5e94bcc9e4f4b91d84cbc39328f3,true,1,1,Portfolio risk / rebalancing,execution_action_quality,multi_asset_drawdown_hedge,false,decision|selected_route|es_contracts|beta_reduction_usd|beta_reduction_pct|margin_used|expected_cost|feasibility|rejected_routes|residual_check,decision|selected_route|es_contracts|beta_reduction_usd|beta_reduction_pct|margin_used|expected_cost|feasibility|rejected_routes|residual_check,
SB-L10-039,stockbench-l10-039,L10,L10,0,VERIFIED,dc75e8c548584c52cce1269da10a53c538faac36202fa57b9358d17c9a085dd9,14ae98156aeb0c555f18413694e07a35215b7d1ce1521c1ef2060354b54b9b5a,d7d9b0857f585c1a4a1a5919271f5ac14ed6b7eb2de0f05bbf0b5eae52a687d4,true,1,1,Shorting / borrow / margin / locates,judgment_risk_augmentation,hard_to_borrow_margin_recall,true,decision|selected_route|instrument|short_shares|put_contracts|premium_paid|bearish_delta_shares|feasibility|rejected_routes|residual_check,decision|selected_route|instrument|short_shares|put_contracts|premium_paid|bearish_delta_shares|feasibility|rejected_routes|residual_check,
SB-L10-040,stockbench-l10-040,L10,L10,0,VERIFIED,0f40148ccbed88cec0f151da455c3d1a4579be63e2f2804ffd267d9ad19f1a94,47967ca40e64554d0390c69037bb8f1749cc791fb14619ed189b23ea96476b04,6f3eff741a546b2ac53641b0a46a823e1bd7a0df67e40b576ae8dcf09fd9f7ae,true,1,1,Spot FX / CFDs / multi-currency,execution_action_quality,forward_vs_spot_payment,false,decision|selected_route|eur_amount|usd_cost|settlement_date_rule|feasibility|rejected_routes|residual_check,decision|selected_route|eur_amount|usd_cost|settlement_date_rule|feasibility|rejected_routes|residual_check,
SB-L10-041,stockbench-l10-041,L10,L10,0,VERIFIED,9cc9d5f4d45ba78074710d3f74344b81f4b6b13129e1e59407d6d96aedf44a0e,6458031cc980f09bc8fc14d310e88f08fd664d9240319d4dfdf7dae7ef0286ff,ab71c1bbee8eb897f27f48095b31d67fae24f677bb24e6c144a04134e15c789a,true,1,1,Execution / liquidity / microstructure,execution_action_quality,order_book_liquidity_limit,true,decision|instrument|side|clip_size_shares|filled_shares|average_price|limit_price|feasibility|rejected_routes|residual_check,decision|instrument|side|clip_size_shares|filled_shares|average_price|limit_price|feasibility|rejected_routes|residual_check,
SB-L10-042,stockbench-l10-042,L10,L10,0,VERIFIED,2fdd18b1e4ed12869887859485b11eb13d7cbbca158dd08fb08e12236564aa2b,2d5a4b3f594c0fcd92db1bc864bd91031e92d6c5acde8913a0dc8143debb3838,837e1d12267acd00f18715191641ea32493fc877ca4e106fe7e7286a134337ab,true,1,1,Corporate actions / settlement / calendar / jurisdiction,judgment_risk_augmentation,t_plus_one_settlement_sequence,true,decision|selected_route|trade_value_usd|settlement_rule|settlement_cash_date|feasibility|rejected_routes|residual_check,decision|selected_route|trade_value_usd|settlement_rule|settlement_cash_date|feasibility|rejected_routes|residual_check,
SB-L10-043,stockbench-l10-043,L10,L10,0,VERIFIED,2f034ddecadcb86c4567c79b8ffb4b7c7394516e1e901452cab93c2eb00d23eb,b0751d46882a14ecce4fd56af731bc99f789e4839078c3d6eed62526edf1b309,72c5370c121949fb8b8039c897b0ee4c96c66736f67358cc16a1bdff632cd6ac,true,1,1,Feasibility / rejection / no-trade traps,execution_action_quality,unsupported_product_permission,true,decision|selected_route|instrument|requested_shares|feasibility|rejected_routes|residual_check,decision|selected_route|instrument|requested_shares|feasibility|rejected_routes|residual_check,
SB-L10-044,stockbench-l10-044,L10,L10,0,VERIFIED,d1f8d4707b9d6f367fe0069afdf8a55e395b78561563b6a49585690d8471620c,3278bafd6e1039e9c2e7a91060323479acea8bfcf5266539f97994c02e2ab223,fd0198de9b5041514740b2f9491b1a4b24a7f76ec08e64279b39b194200f3bab,true,1,1,Listed options strategy / Greeks,execution_action_quality,exercise_assignment_roll_decision,false,decision|selected_route|instrument|dividend_per_share|call_time_value|exercise_early|feasibility|rejected_routes|residual_check,decision|selected_route|instrument|dividend_per_share|call_time_value|exercise_early|feasibility|rejected_routes|residual_check,
SB-L10-045,stockbench-l10-045,L10,L10,0,VERIFIED,c0328c73593bdec5772f2615a584bb3f551de6931e0268b0e85e3fae3f1ee419,d9bf5f2944ff24fac088272b3931c9f1b879ccca20215778f5c66f03ff73600d,cc8107ca5658cdb358775263d5445bf8483b706a8e6a04e216cbe21059883f57,true,1,1,Futures / commodities / spreads / rolls,judgment_risk_augmentation,futures_beta_hedge,true,decision|selected_route|es_contracts|beta_reduction_usd|beta_reduction_pct|margin_used|expected_cost|feasibility|rejected_routes|residual_check,decision|selected_route|es_contracts|beta_reduction_usd|beta_reduction_pct|margin_used|expected_cost|feasibility|rejected_routes|residual_check,
SB-L10-046,stockbench-l10-046,L10,L10,0,VERIFIED,cf66a68b9578fa470cd6587d63f1df9ecc2720b1e11abe4d05535b3ecebcde15,3ac37ca8dd1d37db87cfd78ffe577e8f324e1ff3ea89d5b91e6e41b5aeaa78f7,d68d2f8d358b16bd0571f4431132bdf796dfef5d4adc7c398a3aa7959ee0daa3,true,1,1,Portfolio risk / rebalancing,execution_action_quality,multi_asset_drawdown_hedge,false,decision|selected_route|es_contracts|beta_reduction_usd|beta_reduction_pct|margin_used|expected_cost|feasibility|rejected_routes|residual_check,decision|selected_route|es_contracts|beta_reduction_usd|beta_reduction_pct|margin_used|expected_cost|feasibility|rejected_routes|residual_check,
SB-L10-047,stockbench-l10-047,L10,L10,0,VERIFIED,8aadcc58457e8db0bf2ec599dccd3d3509da9c33215de44aa084933ca855a81f,8ceed69110818d87787377a5cd0a479fb6b2f191cc63ce479b04f613bc8ff972,0a19eb14492de69e60ddad000088dd3950c17748f87bab10504db14c4ae6ab29,true,1,1,Shorting / borrow / margin / locates,execution_action_quality,hard_to_borrow_margin_recall,true,decision|selected_route|instrument|short_shares|put_contracts|premium_paid|bearish_delta_shares|feasibility|rejected_routes|residual_check,decision|selected_route|instrument|short_shares|put_contracts|premium_paid|bearish_delta_shares|feasibility|rejected_routes|residual_check,
SB-L10-048,stockbench-l10-048,L10,L10,0,VERIFIED,80ef5c257bba6925f8650bfce3b400afddc1d2e7179432c874dab6509f5b3be5,99e2a32de564ac8d6af4e008079ce8ec7458f7791c59e6270d7658351022e763,60892c18a1472be2880992f895fdcf3c29424e269f9658fd0ff228bcd4fe11aa,true,1,1,Spot FX / CFDs / multi-currency,judgment_risk_augmentation,forward_vs_spot_payment,false,decision|selected_route|eur_amount|usd_cost|settlement_date_rule|feasibility|rejected_routes|residual_check,decision|selected_route|eur_amount|usd_cost|settlement_date_rule|feasibility|rejected_routes|residual_check,
SB-L10-049,stockbench-l10-049,L10,L10,0,VERIFIED,5daad8f75a9ac9ea0228301d081ceb4d13834a4186e99bb8e75c4caaaaa45b6d,03d2eb11f4ec70bb9684b24b31c4e86edf5d148fdd1c0b51a3691c49a1f0e5bb,cdae027971db88740a450234ba7ab5d842860f1e87c2d6c39134ddcbd814970f,true,1,1,Execution / liquidity / microstructure,execution_action_quality,order_book_liquidity_limit,true,decision|instrument|side|clip_size_shares|filled_shares|average_price|limit_price|feasibility|rejected_routes|residual_check,decision|instrument|side|clip_size_shares|filled_shares|average_price|limit_price|feasibility|rejected_routes|residual_check,
SB-L10-050,stockbench-l10-050,L10,L10,0,VERIFIED,8105afaf9726ccda2ded4e76b3b726860608943796fed851a8170fcdbf08aa95,f48bd135e56f78666bed64374eb2d6187adc2926120db1d0646e8b1e4d2e0cce,1d88608a6079c14e014ab809edcd1a1d19a8a816543fd11ab139423109c2d7e8,true,1,1,Corporate actions / settlement / calendar / jurisdiction,execution_action_quality,t_plus_one_settlement_sequence,true,decision|selected_route|trade_value_usd|settlement_rule|settlement_cash_date|feasibility|rejected_routes|residual_check,decision|selected_route|trade_value_usd|settlement_rule|settlement_cash_date|feasibility|rejected_routes|residual_check,
SB-L10-051,stockbench-l10-051,L10,L10,0,VERIFIED,e493d95c7008573431c7cc8eca50ceeb34695b0ac143180734cc77dd60f14d5b,56be44a3cb9f10d83ec7e030a551f461551e9f9beebb769586d54a7186a895e5,15cae98cc0019e2f714edebce497f2e59137cfa802dd2065a2d7d82352dda742,true,1,1,Feasibility / rejection / no-trade traps,judgment_risk_augmentation,unsupported_product_permission,true,decision|selected_route|instrument|requested_shares|feasibility|rejected_routes|residual_check,decision|selected_route|instrument|requested_shares|feasibility|rejected_routes|residual_check,
SB-L10-052,stockbench-l10-052,L10,L10,0,VERIFIED,e871c86962c77dd332f1e081ec85ef907af443fb225c8b0da6459a5be3c488ea,7a2824a16acc35e9e8cc84175cf4607171d85ba370d35675bfa2681df8885434,457f741075ba23b69c03cc4ee74fdfc53bd431f28efbaea53076556884a34321,true,1,1,Listed options strategy / Greeks,execution_action_quality,exercise_assignment_roll_decision,false,decision|selected_route|instrument|dividend_per_share|call_time_value|exercise_early|feasibility|rejected_routes|residual_check,decision|selected_route|instrument|dividend_per_share|call_time_value|exercise_early|feasibility|rejected_routes|residual_check,
SB-L10-053,stockbench-l10-053,L10,L10,0,VERIFIED,f6436798f9d0de4a21678cb131f2e83317499503113a3f0f7e70ef3d7330304a,ea21a3afae9fc61da8c2086958106fec4b8ea70abf220d86506682adab3269f0,76c02caa3af5ee0c9aee17bdd4ffdc7844897864ff232ec6720d3aee3adcbdd0,true,1,1,Futures / commodities / spreads / rolls,execution_action_quality,futures_beta_hedge,true,decision|selected_route|es_contracts|beta_reduction_usd|beta_reduction_pct|margin_used|expected_cost|feasibility|rejected_routes|residual_check,decision|selected_route|es_contracts|beta_reduction_usd|beta_reduction_pct|margin_used|expected_cost|feasibility|rejected_routes|residual_check,
SB-L10-054,stockbench-l10-054,L10,L10,0,VERIFIED,df5565b8f11b608aa3c9677610195778f00e79b35aa2d522cfc770a8b47e2855,872f6ba225a304a242f8e4c4a0b5c5e25fc784e9a2512108a16ab4bd5cecf70e,172e40b6c734989a82cd5e0abb0a38fd1b557d5a7b6d039b1647ad79278003ab,true,1,1,Portfolio risk / rebalancing,judgment_risk_augmentation,multi_asset_drawdown_hedge,false,decision|selected_route|es_contracts|beta_reduction_usd|beta_reduction_pct|margin_used|expected_cost|feasibility|rejected_routes|residual_check,decision|selected_route|es_contracts|beta_reduction_usd|beta_reduction_pct|margin_used|expected_cost|feasibility|rejected_routes|residual_check,
SB-L10-055,stockbench-l10-055,L10,L10,0,VERIFIED,789734da904bc182a8ee19fee2ab089f94ce7b4bc262ebd79df83c94549b674d,6624b6c7ec0e927075845355666c6b4de6a322296e0c1fd1d21bdfddedc21621,72df833d153efcfd0eed4eb8fd3079eeb731ca5bd9d44e712b52a2d6a1f4cf62,true,1,1,Shorting / borrow / margin / locates,execution_action_quality,hard_to_borrow_margin_recall,true,decision|selected_route|instrument|short_shares|put_contracts|premium_paid|bearish_delta_shares|feasibility|rejected_routes|residual_check,decision|selected_route|instrument|short_shares|put_contracts|premium_paid|bearish_delta_shares|feasibility|rejected_routes|residual_check,
SB-L10-056,stockbench-l10-056,L10,L10,0,VERIFIED,a1638c637078b89b0783046fdc16016700cf2d7937f935678701c1a526124157,85f01ed7c2860cbd623059ac011a277971240fe1d87eab2e66ec18afb6727430,63d65afe49b56ea409a477178d09d7a6e588c280929911f4230ab91a41cc12cd,true,1,1,Spot FX / CFDs / multi-currency,execution_action_quality,forward_vs_spot_payment,false,decision|selected_route|eur_amount|usd_cost|settlement_date_rule|feasibility|rejected_routes|residual_check,decision|selected_route|eur_amount|usd_cost|settlement_date_rule|feasibility|rejected_routes|residual_check,
SB-L10-057,stockbench-l10-057,L10,L10,0,VERIFIED,581016b1fcb95998acd741516f5f8484c8fdaf3c6ecd0048b9ae516c926b76f4,cf60cef38e8ab7c047fd1c7b3a7273df6ff348e92da37c552b5d938e72c9a053,7f04ec9d93a2d22d1ed31f5185dcf8029caadeaff18a24c59782cbd045fc0da5,true,1,1,Execution / liquidity / microstructure,judgment_risk_augmentation,order_book_liquidity_limit,true,decision|instrument|side|clip_size_shares|filled_shares|average_price|limit_price|feasibility|rejected_routes|residual_check,decision|instrument|side|clip_size_shares|filled_shares|average_price|limit_price|feasibility|rejected_routes|residual_check,
SB-L10-058,stockbench-l10-058,L10,L10,0,VERIFIED,81723bb2afec163723181f2ddc296143480adde21f149598d4c7225e522beb01,4b9a1e66202cf85e79a44429152ec6c756801e14f9ac491e054932b5d64f8fbc,218e9ac7cdc8c6e129ca5b3c049b71a3c2135f30dbe55a1e928c661e653308f2,true,1,1,Corporate actions / settlement / calendar / jurisdiction,execution_action_quality,t_plus_one_settlement_sequence,true,decision|selected_route|trade_value_usd|settlement_rule|settlement_cash_date|feasibility|rejected_routes|residual_check,decision|selected_route|trade_value_usd|settlement_rule|settlement_cash_date|feasibility|rejected_routes|residual_check,
SB-L10-059,stockbench-l10-059,L10,L10,0,VERIFIED,6e731353f0e3165f2c37afb303feab6f5984b1727b347ec8e296f3464e617bc9,3a26e95126a5cfe0a3d1eb8639853cc740a07254304e466bfcafb977ee025ad4,8fa7800df0f15eacde378faafbc689aaab751ac3d171d3f75975203787c128b8,true,1,1,Feasibility / rejection / no-trade traps,execution_action_quality,unsupported_product_permission,true,decision|selected_route|instrument|requested_shares|feasibility|rejected_routes|residual_check,decision|selected_route|instrument|requested_shares|feasibility|rejected_routes|residual_check,
SB-L10-060,stockbench-l10-060,L10,L10,0,VERIFIED,4d67ddd9e60ad14146a380df4362f30cfb0c63a81ce898ca0a22c891630b00e4,43280186fcbca0fed2cbe44094174f2a2a6cbd75f9667182631e9c65f2af6838,7cfb522f5f9035741dd257948dbc7d7dcec11a4fc4c1fdc0e0c58aa4c9c3a3c6,true,1,1,Spot equities / ETFs,judgment_risk_augmentation,market_on_close_rebalance,false,decision|selected_route|instrument|quantity|limit_price|venue|feasibility|rejected_routes|residual_check,decision|selected_route|instrument|quantity|limit_price|venue|feasibility|rejected_routes|residual_check,
SB-L10-061,stockbench-l10-061,L10,L10,0,VERIFIED,3eb7828b2274381844b530e30ae8e371dc4cb446f7d6bc958606fff48ab272c5,ffbe789330cb64ff98ec67ca7757ad334220f3fbf50f8bd95d6c7b5c60bcccdd,034f26efe92ee18bc7f3c656f8e8f39f4dcd7cc36340cc7b0e35b357d68f8836,true,1,1,Listed options strategy / Greeks,execution_action_quality,covered_call_assignment,true,decision|selected_route|instrument|call_strike|dividend_per_share|call_time_value|early_assignment_risk|feasibility|rejected_routes|residual_check,decision|selected_route|instrument|call_strike|dividend_per_share|call_time_value|early_assignment_risk|feasibility|rejected_routes|residual_check,
SB-L10-062,stockbench-l10-062,L10,L10,0,VERIFIED,50cd308c20c81135964586128b2b4e677658ee59031b970b03b386dc2bd781d6,cf01bd73a52b4ad28b1bccfcd9758411fbb451582d75971b975d2cb193bdb666,c04ad7ef2fabe9b59a931a4437c08d9af344eb0a8217889fbeeb4043b93b267b,true,1,1,Futures / commodities / spreads / rolls,execution_action_quality,futures_roll_calendar,false,decision|selected_route|contracts|roll_cost_usd|fees_usd|total_cost_usd|feasibility|rejected_routes|residual_check,decision|selected_route|contracts|roll_cost_usd|fees_usd|total_cost_usd|feasibility|rejected_routes|residual_check,
SB-L10-063,stockbench-l10-063,L10,L10,0,VERIFIED,f4443f878de12cc407bdb2ac55e823b0131aa45bf59b4985423988c05475316e,8017909833003fb3a706e32c99f48c3c81ef13d176c3e2e43ffd0864027ab977,e35f8ab65f211e3d58d1f4885ff9c4bfa3249f44e8a3999442294db0230447aa,true,1,1,Portfolio risk / rebalancing,judgment_risk_augmentation,cross_asset_var_liquidity_triage,false,decision|selected_route|es_contracts|beta_reduction_usd|beta_reduction_pct|margin_used|expected_cost|feasibility|rejected_routes|residual_check,decision|selected_route|es_contracts|beta_reduction_usd|beta_reduction_pct|margin_used|expected_cost|feasibility|rejected_routes|residual_check,
SB-L10-064,stockbench-l10-064,L10,L10,0,VERIFIED,20fba30514f172100a2502a0aff599d2c3fb1e04cbe962bad08f8bb479b1a04d,147ad48c551e9de3d14a8ffa6f025ea867dc7455c5ce2acaf6def0ec0ecb7f0e,5e450591df2a28a09f3e1b189c51f0ca2359ec24fbb0b5ea378a68ab75c28134,true,1,1,Shorting / borrow / margin / locates,execution_action_quality,locate_recall_options_substitution,true,decision|selected_route|instrument|short_shares|put_contracts|premium_paid|bearish_delta_shares|feasibility|rejected_routes|residual_check,decision|selected_route|instrument|short_shares|put_contracts|premium_paid|bearish_delta_shares|feasibility|rejected_routes|residual_check,
SB-L10-065,stockbench-l10-065,L10,L10,0,VERIFIED,a9a2632784e0dc8e17e6f9376b66692b00d3ec4e78b567e0bbbe6ca543ed99b9,37fa590d01368c5c61df8e05486a3c2f0baa6edbe4f1b08e6883425383da9943,df10725b2cc451d42d8dc016da21b61df0d581ffddcf255b1405a61c07108e33,true,1,1,Spot FX / CFDs / multi-currency,execution_action_quality,fx_settlement_mismatch,true,decision|selected_route|eur_amount|usd_cost|settlement_date_rule|feasibility|rejected_routes|residual_check,decision|selected_route|eur_amount|usd_cost|settlement_date_rule|feasibility|rejected_routes|residual_check,
SB-L10-066,stockbench-l10-066,L10,L10,0,VERIFIED,7b5e46ade849a744687aeb94daaec27d5559e8206e5663b0b6be69938f9b552e,1ead7e2282d16645627cc95521736682b35dc7ac5ac069e5a4ac89dcf5489666,3fd1210f632667f63e4bc406215112a2886f3a50408d44e9de56beb47a8f7af0,true,1,1,Execution / liquidity / microstructure,judgment_risk_augmentation,invalid_route_session_trap,true,decision|selected_route|instrument|venue|feasibility|rejected_routes|residual_check,decision|selected_route|instrument|venue|feasibility|rejected_routes|residual_check,
SB-L10-067,stockbench-l10-067,L10,L10,0,VERIFIED,4a94a6d9f696567ea9caec9540e7e74a9a9b18e92ecfa773b24850454161bc88,b8e61ca610b98fd952b13c61bcd93ef96a12b8ce04a8d6774481fc1cde94081a,7e8fb8d465e95800abdcf45fbbbd2d9888fc18e5217e4567ce631de274184045,true,1,1,Corporate actions / settlement / calendar / jurisdiction,execution_action_quality,corporate_action_adjustment,true,decision|selected_route|adjusted_stop_price|option_strike_adjusted|option_strike_after|feasibility|rejected_routes|residual_check,decision|selected_route|adjusted_stop_price|option_strike_adjusted|option_strike_after|feasibility|rejected_routes|residual_check,
SB-L10-068,stockbench-l10-068,L10,L10,0,VERIFIED,c6ccaafd4bcd422b9df168829f34a8770192041e78eb564e26caea860adce776,fae1372e530c1cbff7f5f9961c278b24a9a7742600f46dfd111788e8973217fd,182414b6d73b80651e0de5175fcea1cab83286baab027ef0c921baef730f84f1,true,1,1,Feasibility / rejection / no-trade traps,execution_action_quality,session_permission_rejection,true,decision|selected_route|instrument|requested_shares|feasibility|rejected_routes|residual_check,decision|selected_route|instrument|requested_shares|feasibility|rejected_routes|residual_check,
SB-L10-069,stockbench-l10-069,L10,L10,0,VERIFIED,90e98f53b291acaa0a75f7c6653cf788c3855b6a94b9d178e415007cd4b1e491,dd740958c1b5bb4649d7af75ba4ed40f187be03ff505023b1527624830790b35,80fe7d28421b717cf125b10c752d9554a75094e52057f816207626b74d4dbfd0,true,1,1,Spot equities / ETFs,judgment_risk_augmentation,equity_order_ticket,true,decision|selected_route|instrument|side|quantity|order_type|limit_price|trade_value_usd|settlement_rule|settlement_cash_date|feasibility|rejected_routes|residual_check,decision|selected_route|instrument|side|quantity|order_type|limit_price|trade_value_usd|settlement_rule|settlement_cash_date|feasibility|rejected_routes|residual_check,
SB-AGI-009,stockbench-agi-009,AGI,AGI,0,VERIFIED,45b06bd5325a428648505489da417e457ce0f63564f394ff618af7caa0ff0b93,8d762e0107d181eabd787028f9d3977221ed4c5153c1aad2120d369e36836036,7c7a361bd67ff34dd963c3b6cf1458e5cf476784dc01b2145e4e0f0dcf08293c,true,1,1,Listed options strategy / Greeks,execution_action_quality,put_spread_downside_floor,false,decision|selected_route|buy_put_strike|sell_put_strike|contracts|net_premium_paid|scenario_pnl_usd|feasibility|rejected_routes|scenario_pnl.risk_off|scenario_pnl.squeeze|scenario_pnl.idiosyncratic_gap|worst_case_pnl|self_check.downside_floor_met|self_check.lowest_premium_selected,decision|selected_route|buy_put_strike|sell_put_strike|contracts|net_premium_paid|scenario_pnl_usd|feasibility|rejected_routes|scenario_pnl.risk_off|scenario_pnl.squeeze|scenario_pnl.idiosyncratic_gap|worst_case_pnl|self_check.downside_floor_met|self_check.lowest_premium_selected,
SB-AGI-010,stockbench-agi-010,AGI,AGI,0,VERIFIED,9711662cd3e7354906dc23048eca8f31daf571d460dac51811e1bd9a6de7eb7c,71e9f51b3185df9ca5c28c9e21b5e742f420d60ae5d764cf81c946d36414a032,65b1e7fc2091f8e4e42905e4975731a89d60d748a811692b4c12d616ba12d691,true,1,1,Listed options strategy / Greeks,execution_action_quality,early_assignment_dividend_risk,false,decision|selected_route|instrument|call_strike|dividend_per_share|call_time_value|early_assignment_risk|feasibility|rejected_routes|scenario_pnl.risk_off|scenario_pnl.squeeze|scenario_pnl.idiosyncratic_gap|worst_case_pnl|self_check.compared_dividend_to_time_value|self_check.assignment_handled,decision|selected_route|instrument|call_strike|dividend_per_share|call_time_value|early_assignment_risk|feasibility|rejected_routes|scenario_pnl.risk_off|scenario_pnl.squeeze|scenario_pnl.idiosyncratic_gap|worst_case_pnl|self_check.compared_dividend_to_time_value|self_check.assignment_handled,
SB-AGI-011,stockbench-agi-011,AGI,AGI,0,VERIFIED,1234371dc465707742e85a82c06ed9c698702567a6c1745ba7e8020925c42a5d,0c6a667fefe130505d849a5c77881336d873cb75bb9bda50e760050cf9b23d85,cbd6d90f870564ae03d033e3d305b4e6013e97890da94947450bc0505e536d06,true,1,1,Listed options strategy / Greeks,judgment_risk_augmentation,exercise_assignment_roll_decision,false,decision|selected_route|instrument|dividend_per_share|call_time_value|exercise_early|feasibility|rejected_routes|scenario_pnl.risk_off|scenario_pnl.squeeze|scenario_pnl.idiosyncratic_gap|worst_case_pnl|self_check.compared_dividend_to_time_value|self_check.exercise_or_assignment_resolved,decision|selected_route|instrument|dividend_per_share|call_time_value|exercise_early|feasibility|rejected_routes|scenario_pnl.risk_off|scenario_pnl.squeeze|scenario_pnl.idiosyncratic_gap|worst_case_pnl|self_check.compared_dividend_to_time_value|self_check.exercise_or_assignment_resolved,
SB-AGI-012,stockbench-agi-012,AGI,AGI,0,VERIFIED,7e270580676874cedf738e56d2fac7e1efeeb585ba393be4950a88747dee251d,918c29e06925238bffa3dddc4f5a4e8322735e1f02aeb1ab6533ceace9937d50,534f7f6045d32107b15f48baf5a33ae2ca647d53c54f82c647921f591c603539,true,1,1,Listed options strategy / Greeks,execution_action_quality,covered_call_assignment,true,decision|selected_route|instrument|call_strike|dividend_per_share|call_time_value|early_assignment_risk|feasibility|rejected_routes|scenario_pnl.risk_off|scenario_pnl.squeeze|scenario_pnl.idiosyncratic_gap|worst_case_pnl|self_check.compared_dividend_to_time_value|self_check.assignment_handled,decision|selected_route|instrument|call_strike|dividend_per_share|call_time_value|early_assignment_risk|feasibility|rejected_routes|scenario_pnl.risk_off|scenario_pnl.squeeze|scenario_pnl.idiosyncratic_gap|worst_case_pnl|self_check.compared_dividend_to_time_value|self_check.assignment_handled,
SB-AGI-013,stockbench-agi-013,AGI,AGI,0,VERIFIED,13f2a80b1149eb691728f26ea58af81fff8773f26fcb74541794330fb9c1601b,3d7643a5d57a7f5b879e2b63f303afb9569e8bf5fc5b9825bd194c3442445488,bbd56ba2895942afd40c4702ba4ae41d316a1e5c32215e04b81c02038a76f4ed,true,1,1,Futures / commodities / spreads / rolls,execution_action_quality,futures_roll_calendar,false,decision|selected_route|contracts|roll_cost_usd|fees_usd|total_cost_usd|feasibility|rejected_routes|scenario_pnl.risk_off|scenario_pnl.squeeze|scenario_pnl.idiosyncratic_gap|worst_case_pnl|self_check.uses_executable_prices|self_check.avoids_first_notice,decision|selected_route|contracts|roll_cost_usd|fees_usd|total_cost_usd|feasibility|rejected_routes|scenario_pnl.risk_off|scenario_pnl.squeeze|scenario_pnl.idiosyncratic_gap|worst_case_pnl|self_check.uses_executable_prices|self_check.avoids_first_notice,
SB-AGI-014,stockbench-agi-014,AGI,AGI,0,VERIFIED,72ab33097fccf779bf9b92dafdf5058f3ff089897e1d0cf411f09bf7b8a7a2f5,8c3e355e832b854e227acdfae92c0a7c61bc9be673af458988d944ad4dc548ed,15614981a7a13c1c1dba76186ed3f7c4c8b8677e28139d825fd29429a65bd6de,true,1,1,Portfolio risk / rebalancing,judgment_risk_augmentation,cross_asset_var_liquidity_triage,false,decision|selected_route|es_contracts|beta_reduction_usd|beta_reduction_pct|margin_used|expected_cost|feasibility|rejected_routes|scenario_pnl.risk_off|scenario_pnl.squeeze|scenario_pnl.idiosyncratic_gap|worst_case_pnl|self_check.min_reduction_met|self_check.margin_ok|self_check.lowest_cost_feasible,decision|selected_route|es_contracts|beta_reduction_usd|beta_reduction_pct|margin_used|expected_cost|feasibility|rejected_routes|scenario_pnl.risk_off|scenario_pnl.squeeze|scenario_pnl.idiosyncratic_gap|worst_case_pnl|self_check.min_reduction_met|self_check.margin_ok|self_check.lowest_cost_feasible,
SB-AGI-015,stockbench-agi-015,AGI,AGI,0,VERIFIED,7680871dfc0d86cce604bc4985ac6f099678d86ec599ad5462424f7874bd1334,947f881edccabfdbc81088e9e7b20d5ce9d1944e6cfae97cf4c550b2392adedd,bcab04084f684723741c27f2ac15bdc761bf93d80dac4635104f228177214d15,true,1,1,Listed options strategy / Greeks,execution_action_quality,exercise_assignment_roll_decision,false,decision|selected_route|instrument|dividend_per_share|call_time_value|exercise_early|feasibility|rejected_routes|scenario_pnl.risk_off|scenario_pnl.squeeze|scenario_pnl.idiosyncratic_gap|worst_case_pnl|self_check.compared_dividend_to_time_value|self_check.exercise_or_assignment_resolved,decision|selected_route|instrument|dividend_per_share|call_time_value|exercise_early|feasibility|rejected_routes|scenario_pnl.risk_off|scenario_pnl.squeeze|scenario_pnl.idiosyncratic_gap|worst_case_pnl|self_check.compared_dividend_to_time_value|self_check.exercise_or_assignment_resolved,
SB-AGI-016,stockbench-agi-016,AGI,AGI,0,VERIFIED,722c0a4ea9008f6bb4d85c40f6d6be2cff4eccea5ad38b5b73c76a607a1382d2,2523f1e039765d6fb4dd22f5402567f16ba09756fc02f34491665557730cae27,29fe1974677f29e9337b23f0face3913bffa074b7e51b400b03911f027dc2bd0,true,1,1,Futures / commodities / spreads / rolls,execution_action_quality,futures_beta_hedge,true,decision|selected_route|es_contracts|beta_reduction_usd|beta_reduction_pct|margin_used|expected_cost|feasibility|rejected_routes|scenario_pnl.risk_off|scenario_pnl.squeeze|scenario_pnl.idiosyncratic_gap|worst_case_pnl|self_check.min_reduction_met|self_check.margin_ok|self_check.lowest_cost_feasible,decision|selected_route|es_contracts|beta_reduction_usd|beta_reduction_pct|margin_used|expected_cost|feasibility|rejected_routes|scenario_pnl.risk_off|scenario_pnl.squeeze|scenario_pnl.idiosyncratic_gap|worst_case_pnl|self_check.min_reduction_met|self_check.margin_ok|self_check.lowest_cost_feasible,
SB-AGI-017,stockbench-agi-017,AGI,AGI,0,VERIFIED,65a58a7d582ea690ce3e9da42eaa115cc428812427820f22ec0fe45177544d8b,abd8957ace6cbcb62bd8844cfb5afb13a06c4a26d42af6ac1387ce4af4b5e44c,01b2b4219a7aa251e2dd221846ef575cd31ee7bea8672b2103505217a6bed252,true,1,1,Portfolio risk / rebalancing,judgment_risk_augmentation,multi_asset_drawdown_hedge,false,decision|selected_route|es_contracts|beta_reduction_usd|beta_reduction_pct|margin_used|expected_cost|feasibility|rejected_routes|scenario_pnl.risk_off|scenario_pnl.squeeze|scenario_pnl.idiosyncratic_gap|worst_case_pnl|self_check.min_reduction_met|self_check.margin_ok|self_check.lowest_cost_feasible,decision|selected_route|es_contracts|beta_reduction_usd|beta_reduction_pct|margin_used|expected_cost|feasibility|rejected_routes|scenario_pnl.risk_off|scenario_pnl.squeeze|scenario_pnl.idiosyncratic_gap|worst_case_pnl|self_check.min_reduction_met|self_check.margin_ok|self_check.lowest_cost_feasible,
SB-AGI-018,stockbench-agi-018,AGI,AGI,0,VERIFIED,4d15acd848b84d5743ebef381a8d2de55c834d7354a573977a131cf89b8b0217,86188316cea325e48848488704faee799987e06e93d0f49150f985e90424a5bb,dc919f8c3e89181d41d93bd5549a57a236610e21a108f45b899fe5254bc68454,true,1,1,Shorting / borrow / margin / locates,execution_action_quality,hard_to_borrow_margin_recall,true,decision|selected_route|instrument|short_shares|put_contracts|premium_paid|bearish_delta_shares|feasibility|rejected_routes|scenario_pnl.risk_off|scenario_pnl.squeeze|scenario_pnl.idiosyncratic_gap|worst_case_pnl|self_check.within_locate|self_check.within_option_cash,decision|selected_route|instrument|short_shares|put_contracts|premium_paid|bearish_delta_shares|feasibility|rejected_routes|scenario_pnl.risk_off|scenario_pnl.squeeze|scenario_pnl.idiosyncratic_gap|worst_case_pnl|self_check.within_locate|self_check.within_option_cash,
SB-AGI-019,stockbench-agi-019,AGI,AGI,0,VERIFIED,d05a56f3c7e956dc5fbd6680949af1a9d50a41c8c496675e9c2108d45f5afc21,6f80ce5fec8dada16d1cf3c8e6b554e4f374e287a27d8116df20169ab850e3e5,a57b860976fcbbc79b4bc647d52c64776e3628f01046ddb1f57a6437c0d37cda,true,1,1,Listed options strategy / Greeks,execution_action_quality,exercise_assignment_roll_decision,false,decision|selected_route|instrument|dividend_per_share|call_time_value|exercise_early|feasibility|rejected_routes|scenario_pnl.risk_off|scenario_pnl.squeeze|scenario_pnl.idiosyncratic_gap|worst_case_pnl|self_check.compared_dividend_to_time_value|self_check.exercise_or_assignment_resolved,decision|selected_route|instrument|dividend_per_share|call_time_value|exercise_early|feasibility|rejected_routes|scenario_pnl.risk_off|scenario_pnl.squeeze|scenario_pnl.idiosyncratic_gap|worst_case_pnl|self_check.compared_dividend_to_time_value|self_check.exercise_or_assignment_resolved,
SB-AGI-020,stockbench-agi-020,AGI,AGI,0,VERIFIED,0495336f66836c80834bccb8d635aae35b75125d4acf6f421b97707cc637b3dc,ddce84b7804a760b80bd0d4ab81a4c4ba567b0bba31b8abadc709e75a0df40b8,4660a271727071e6e2e138d8d1cd3c0598964a32f493156519059fbe42189b10,true,1,1,Futures / commodities / spreads / rolls,judgment_risk_augmentation,futures_beta_hedge,true,decision|selected_route|es_contracts|beta_reduction_usd|beta_reduction_pct|margin_used|expected_cost|feasibility|rejected_routes|scenario_pnl.risk_off|scenario_pnl.squeeze|scenario_pnl.idiosyncratic_gap|worst_case_pnl|self_check.min_reduction_met|self_check.margin_ok|self_check.lowest_cost_feasible,decision|selected_route|es_contracts|beta_reduction_usd|beta_reduction_pct|margin_used|expected_cost|feasibility|rejected_routes|scenario_pnl.risk_off|scenario_pnl.squeeze|scenario_pnl.idiosyncratic_gap|worst_case_pnl|self_check.min_reduction_met|self_check.margin_ok|self_check.lowest_cost_feasible,
SB-AGI-021,stockbench-agi-021,AGI,AGI,0,VERIFIED,37b684b257111edc539e1ab9748421d9bc7aecfced54572774fe7ad4cbc654c0,b9d4bbc4b7478b951061628dd4270ddfef60b57a4e1ff66e67203b8d5333e39e,d65d7b90feffcfbda94f72fa4ca7baca953c6f582f15ea0ce163c1fa3e351ca9,true,1,1,Portfolio risk / rebalancing,execution_action_quality,multi_asset_drawdown_hedge,false,decision|selected_route|es_contracts|beta_reduction_usd|beta_reduction_pct|margin_used|expected_cost|feasibility|rejected_routes|scenario_pnl.risk_off|scenario_pnl.squeeze|scenario_pnl.idiosyncratic_gap|worst_case_pnl|self_check.min_reduction_met|self_check.margin_ok|self_check.lowest_cost_feasible,decision|selected_route|es_contracts|beta_reduction_usd|beta_reduction_pct|margin_used|expected_cost|feasibility|rejected_routes|scenario_pnl.risk_off|scenario_pnl.squeeze|scenario_pnl.idiosyncratic_gap|worst_case_pnl|self_check.min_reduction_met|self_check.margin_ok|self_check.lowest_cost_feasible,
SB-AGI-022,stockbench-agi-022,AGI,AGI,0,VERIFIED,b88c60b483153536b0d4d0fb686dfccf3a22b36516f74c50d3bbecb51e9a01b2,44ff9239f36ae4680953ca41ca1f31d6085dbc47cb7e93729a6e6e9f95ec1bc0,f4b312bc3106d12d2ddeeea6abc8a942ffe53fe20ba05b281e456e6cf97ec3f3,true,1,1,Shorting / borrow / margin / locates,execution_action_quality,hard_to_borrow_margin_recall,true,decision|selected_route|instrument|short_shares|put_contracts|premium_paid|bearish_delta_shares|feasibility|rejected_routes|scenario_pnl.risk_off|scenario_pnl.squeeze|scenario_pnl.idiosyncratic_gap|worst_case_pnl|self_check.within_locate|self_check.within_option_cash,decision|selected_route|instrument|short_shares|put_contracts|premium_paid|bearish_delta_shares|feasibility|rejected_routes|scenario_pnl.risk_off|scenario_pnl.squeeze|scenario_pnl.idiosyncratic_gap|worst_case_pnl|self_check.within_locate|self_check.within_option_cash,
SB-AGI-023,stockbench-agi-023,AGI,AGI,0,VERIFIED,db70a6172e6b7bde2c68eb2c4160fd246ab3f3a766a316f5fec5175d73ea87a8,aee226158656321b04f24fae6eab01d7fbd4e6484efa3096c5cd92c63da25d83,f5b7f9d4bcb8818c17085c7450381deba1abb66ad3e0f1f05d19f1a3d8d8e269,true,1,1,Listed options strategy / Greeks,judgment_risk_augmentation,exercise_assignment_roll_decision,false,decision|selected_route|instrument|dividend_per_share|call_time_value|exercise_early|feasibility|rejected_routes|scenario_pnl.risk_off|scenario_pnl.squeeze|scenario_pnl.idiosyncratic_gap|worst_case_pnl|self_check.compared_dividend_to_time_value|self_check.exercise_or_assignment_resolved,decision|selected_route|instrument|dividend_per_share|call_time_value|exercise_early|feasibility|rejected_routes|scenario_pnl.risk_off|scenario_pnl.squeeze|scenario_pnl.idiosyncratic_gap|worst_case_pnl|self_check.compared_dividend_to_time_value|self_check.exercise_or_assignment_resolved,
SB-AGI-024,stockbench-agi-024,AGI,AGI,0,VERIFIED,d5fad926f956baf7499b2a223ace94c128d9b7d37a16c41ab889d4b96d96c965,abb8fae0350f847f4adac7911140a956b63432e6aed4d052da354d49ff4d5967,b8ecef2579bff04bf7f606826ffb84fffb79ac243736828ece106650354c7490,true,1,1,Futures / commodities / spreads / rolls,execution_action_quality,futures_beta_hedge,true,decision|selected_route|es_contracts|beta_reduction_usd|beta_reduction_pct|margin_used|expected_cost|feasibility|rejected_routes|scenario_pnl.risk_off|scenario_pnl.squeeze|scenario_pnl.idiosyncratic_gap|worst_case_pnl|self_check.min_reduction_met|self_check.margin_ok|self_check.lowest_cost_feasible,decision|selected_route|es_contracts|beta_reduction_usd|beta_reduction_pct|margin_used|expected_cost|feasibility|rejected_routes|scenario_pnl.risk_off|scenario_pnl.squeeze|scenario_pnl.idiosyncratic_gap|worst_case_pnl|self_check.min_reduction_met|self_check.margin_ok|self_check.lowest_cost_feasible,
SB-AGI-025,stockbench-agi-025,AGI,AGI,0,VERIFIED,ddc3aae1c5c92a7b2a24235de9fa1053c02654dc9c2d2733847c06534712c1aa,358693d6d6169355dceec408c7fac61770dbb3ca3f2746c3fca6772deb13a784,2f6c54d1fbfc58e7dd3d9fa3176574e49a504dc7cb3a93bd4541f2a813e49027,true,1,1,Portfolio risk / rebalancing,execution_action_quality,multi_asset_drawdown_hedge,false,decision|selected_route|es_contracts|beta_reduction_usd|beta_reduction_pct|margin_used|expected_cost|feasibility|rejected_routes|scenario_pnl.risk_off|scenario_pnl.squeeze|scenario_pnl.idiosyncratic_gap|worst_case_pnl|self_check.min_reduction_met|self_check.margin_ok|self_check.lowest_cost_feasible,decision|selected_route|es_contracts|beta_reduction_usd|beta_reduction_pct|margin_used|expected_cost|feasibility|rejected_routes|scenario_pnl.risk_off|scenario_pnl.squeeze|scenario_pnl.idiosyncratic_gap|worst_case_pnl|self_check.min_reduction_met|self_check.margin_ok|self_check.lowest_cost_feasible,
SB-AGI-026,stockbench-agi-026,AGI,AGI,0,VERIFIED,c02bd66a7fde739948123db36edea78a7403bf86425f5fde2c3d5b8a4a2b3b4c,47ade96313d8bf07337f90ee39c30755b4e8927f6e7df8565c39001e4996b3db,7da5904473ab41b822e5f754b44512c9b2cf6bcce5b7fb255364c6eb72bc7686,true,1,1,Shorting / borrow / margin / locates,judgment_risk_augmentation,hard_to_borrow_margin_recall,true,decision|selected_route|instrument|short_shares|put_contracts|premium_paid|bearish_delta_shares|feasibility|rejected_routes|scenario_pnl.risk_off|scenario_pnl.squeeze|scenario_pnl.idiosyncratic_gap|worst_case_pnl|self_check.within_locate|self_check.within_option_cash,decision|selected_route|instrument|short_shares|put_contracts|premium_paid|bearish_delta_shares|feasibility|rejected_routes|scenario_pnl.risk_off|scenario_pnl.squeeze|scenario_pnl.idiosyncratic_gap|worst_case_pnl|self_check.within_locate|self_check.within_option_cash,
SB-AGI-027,stockbench-agi-027,AGI,AGI,0,VERIFIED,faf0d8a8c8e4ccfc10bfffc0d707113c18ad67502272f96a87f0da84e62769a4,96ae7605ae0c42ed0f85fd9b922c3f3d3c94a2157e225210450e66a8745f0250,8661310cccda4b912fa01c72fa16c5c35abb3d4995c5f3901f303bb76a40d25c,true,1,1,Listed options strategy / Greeks,execution_action_quality,exercise_assignment_roll_decision,false,decision|selected_route|instrument|dividend_per_share|call_time_value|exercise_early|feasibility|rejected_routes|scenario_pnl.risk_off|scenario_pnl.squeeze|scenario_pnl.idiosyncratic_gap|worst_case_pnl|self_check.compared_dividend_to_time_value|self_check.exercise_or_assignment_resolved,decision|selected_route|instrument|dividend_per_share|call_time_value|exercise_early|feasibility|rejected_routes|scenario_pnl.risk_off|scenario_pnl.squeeze|scenario_pnl.idiosyncratic_gap|worst_case_pnl|self_check.compared_dividend_to_time_value|self_check.exercise_or_assignment_resolved,
SB-AGI-028,stockbench-agi-028,AGI,AGI,0,VERIFIED,bdffa72044d1fd3a691cfd4427d01219adeaaffb7b9ad87e8afa760417ffee14,93944bf9b4ee5969be3bef20752c6396597030daa490ef78b134f41a9f2707d9,b48b97998274b55734a85909eba90fbf26f1ce1c3f4d33f19c5c6ba949731747,true,1,1,Futures / commodities / spreads / rolls,execution_action_quality,futures_beta_hedge,true,decision|selected_route|es_contracts|beta_reduction_usd|beta_reduction_pct|margin_used|expected_cost|feasibility|rejected_routes|scenario_pnl.risk_off|scenario_pnl.squeeze|scenario_pnl.idiosyncratic_gap|worst_case_pnl|self_check.min_reduction_met|self_check.margin_ok|self_check.lowest_cost_feasible,decision|selected_route|es_contracts|beta_reduction_usd|beta_reduction_pct|margin_used|expected_cost|feasibility|rejected_routes|scenario_pnl.risk_off|scenario_pnl.squeeze|scenario_pnl.idiosyncratic_gap|worst_case_pnl|self_check.min_reduction_met|self_check.margin_ok|self_check.lowest_cost_feasible,
SB-AGI-029,stockbench-agi-029,AGI,AGI,0,VERIFIED,1257a521ca82ca7b5d2abc8301f2fbcaeecc252e9c9afab94c43c8df30d78614,b21c1b448078ba666deaa1a948f6b39cc62e577fce0f9a69168ed7adb3eb4599,65231ad84ef5935507ce71921b080cd31de032466a31f2bcc88471a02907dfe9,true,1,1,Portfolio risk / rebalancing,judgment_risk_augmentation,multi_asset_drawdown_hedge,false,decision|selected_route|es_contracts|beta_reduction_usd|beta_reduction_pct|margin_used|expected_cost|feasibility|rejected_routes|scenario_pnl.risk_off|scenario_pnl.squeeze|scenario_pnl.idiosyncratic_gap|worst_case_pnl|self_check.min_reduction_met|self_check.margin_ok|self_check.lowest_cost_feasible,decision|selected_route|es_contracts|beta_reduction_usd|beta_reduction_pct|margin_used|expected_cost|feasibility|rejected_routes|scenario_pnl.risk_off|scenario_pnl.squeeze|scenario_pnl.idiosyncratic_gap|worst_case_pnl|self_check.min_reduction_met|self_check.margin_ok|self_check.lowest_cost_feasible,
SB-AGI-030,stockbench-agi-030,AGI,AGI,0,VERIFIED,56b1e334f083b8344c343545e9ff6c6cf1dda637d7ffa1c007313d28ed4d06ea,af382c397ce642ca9a0144992428fdeddf3a0f7a0d344488eac84ee73095b8bc,cfc87b8a9026deb26bbceb35128c337f2a182e3b64dca688a1f5d83e8f72f886,true,1,1,Shorting / borrow / margin / locates,execution_action_quality,hard_to_borrow_margin_recall,true,decision|selected_route|instrument|short_shares|put_contracts|premium_paid|bearish_delta_shares|feasibility|rejected_routes|scenario_pnl.risk_off|scenario_pnl.squeeze|scenario_pnl.idiosyncratic_gap|worst_case_pnl|self_check.within_locate|self_check.within_option_cash,decision|selected_route|instrument|short_shares|put_contracts|premium_paid|bearish_delta_shares|feasibility|rejected_routes|scenario_pnl.risk_off|scenario_pnl.squeeze|scenario_pnl.idiosyncratic_gap|worst_case_pnl|self_check.within_locate|self_check.within_option_cash,
SB-AGI-031,stockbench-agi-031,AGI,AGI,0,VERIFIED,3610a53a6dd271c43c08e11eb354250eaf1051cba21da2a86b967070b2c4024a,f5551400b54be5d28c995fc9125a00070a8386c0651c4d896e0724206ebc13c3,f67af9acee80e5c84c9fd0a6c7c50617cd3354bb8672ed3365ab228fc650109f,true,1,1,Listed options strategy / Greeks,execution_action_quality,exercise_assignment_roll_decision,false,decision|selected_route|instrument|dividend_per_share|call_time_value|exercise_early|feasibility|rejected_routes|scenario_pnl.risk_off|scenario_pnl.squeeze|scenario_pnl.idiosyncratic_gap|worst_case_pnl|self_check.compared_dividend_to_time_value|self_check.exercise_or_assignment_resolved,decision|selected_route|instrument|dividend_per_share|call_time_value|exercise_early|feasibility|rejected_routes|scenario_pnl.risk_off|scenario_pnl.squeeze|scenario_pnl.idiosyncratic_gap|worst_case_pnl|self_check.compared_dividend_to_time_value|self_check.exercise_or_assignment_resolved,
SB-AGI-032,stockbench-agi-032,AGI,AGI,0,VERIFIED,c82cddfb336cd11f41f7964bec28977ef68c22821e3e12ae3632728496ca8e56,655e26076643742a87931bd31b25bb1ef1bb88a2d3cf5faa71dbba4c2c4d65e5,3e5a5fdc108230533c10507cf0b0c6da28ad95145c6c51df4bb28bdbc25e952f,true,1,1,Futures / commodities / spreads / rolls,judgment_risk_augmentation,futures_beta_hedge,true,decision|selected_route|es_contracts|beta_reduction_usd|beta_reduction_pct|margin_used|expected_cost|feasibility|rejected_routes|scenario_pnl.risk_off|scenario_pnl.squeeze|scenario_pnl.idiosyncratic_gap|worst_case_pnl|self_check.min_reduction_met|self_check.margin_ok|self_check.lowest_cost_feasible,decision|selected_route|es_contracts|beta_reduction_usd|beta_reduction_pct|margin_used|expected_cost|feasibility|rejected_routes|scenario_pnl.risk_off|scenario_pnl.squeeze|scenario_pnl.idiosyncratic_gap|worst_case_pnl|self_check.min_reduction_met|self_check.margin_ok|self_check.lowest_cost_feasible,
SB-AGI-033,stockbench-agi-033,AGI,AGI,0,VERIFIED,67bcf990e13b62a7a57fe75aefee62a9213f7be2e451113be583a23754cd588f,d9539d5b62421f84ab510ecb0d16d77e71e812a28c9dec5f239ac7c5c61b225e,92120952b682fae4faaa5100089903c79248b134313b016f51d36b3b78c80f41,true,1,1,Spot FX / CFDs / multi-currency,execution_action_quality,cfd_margin_regional_constraint,false,decision|selected_route|eur_amount|usd_cost|settlement_date_rule|feasibility|rejected_routes|scenario_pnl.risk_off|scenario_pnl.squeeze|scenario_pnl.idiosyncratic_gap|worst_case_pnl|self_check.settlement_matches|self_check.product_permitted|self_check.margin_ok,decision|selected_route|eur_amount|usd_cost|settlement_date_rule|feasibility|rejected_routes|scenario_pnl.risk_off|scenario_pnl.squeeze|scenario_pnl.idiosyncratic_gap|worst_case_pnl|self_check.settlement_matches|self_check.product_permitted|self_check.margin_ok,
SB-AGI-034,stockbench-agi-034,AGI,AGI,0,VERIFIED,797307399ad03d6bde3b3e565df14939f9b2f0d032958a79b44047b0a73f3926,b6d3bd2051a5ef7e9e96a1791551c023ce9ceaa9e7957d1468aa6f8d1ee033a4,1684a307c736c3faec848ed79fd66d28f02ab70de0199dc846ecb87adf95e03a,true,1,1,Portfolio risk / rebalancing,execution_action_quality,cross_asset_var_liquidity_triage,false,decision|selected_route|es_contracts|beta_reduction_usd|beta_reduction_pct|margin_used|expected_cost|feasibility|rejected_routes|scenario_pnl.risk_off|scenario_pnl.squeeze|scenario_pnl.idiosyncratic_gap|worst_case_pnl|self_check.min_reduction_met|self_check.margin_ok|self_check.lowest_cost_feasible,decision|selected_route|es_contracts|beta_reduction_usd|beta_reduction_pct|margin_used|expected_cost|feasibility|rejected_routes|scenario_pnl.risk_off|scenario_pnl.squeeze|scenario_pnl.idiosyncratic_gap|worst_case_pnl|self_check.min_reduction_met|self_check.margin_ok|self_check.lowest_cost_feasible,
SB-AGI-035,stockbench-agi-035,AGI,AGI,0,VERIFIED,95e979e33738c2ec4c5720054d4c76cee9b923abed4a5ca39f25ddf27b242cb4,9b7e6631cb3ed17cf0b58f20f60314de26f2896a2cb41dd91fe43bbc3928a855,308f06506a4b1634ac6a692609910bab08ce5d9d07d5e7f0fd3a78ac5a526140,true,1,1,Execution / liquidity / microstructure,judgment_risk_augmentation,twap_slippage_limit,true,decision|instrument|side|clip_size_shares|filled_shares|average_price|limit_price|feasibility|rejected_routes|scenario_pnl.risk_off|scenario_pnl.squeeze|scenario_pnl.idiosyncratic_gap|worst_case_pnl|self_check.average_price_within_cap|self_check.max_fill_in_clips,decision|instrument|side|clip_size_shares|filled_shares|average_price|limit_price|feasibility|rejected_routes|scenario_pnl.risk_off|scenario_pnl.squeeze|scenario_pnl.idiosyncratic_gap|worst_case_pnl|self_check.average_price_within_cap|self_check.max_fill_in_clips,
SB-AGI-036,stockbench-agi-036,AGI,AGI,0,VERIFIED,1001ee6a62c6f740797c17a7962ab239b35e92b88dbc92dd84a79e9bd9aab16e,0c65a568467c8c133c6c21db5d4003275a2eeda000e489715fecb2204b4685ed,bd5f9aa13d170f77fdaa2cbf5a7fdf3e2db82b7958cbf6082966de92bc10a0a5,true,1,1,Shorting / borrow / margin / locates,execution_action_quality,short_locate_failure,true,decision|selected_route|instrument|short_shares|put_contracts|premium_paid|bearish_delta_shares|feasibility|rejected_routes|scenario_pnl.risk_off|scenario_pnl.squeeze|scenario_pnl.idiosyncratic_gap|worst_case_pnl|self_check.within_locate|self_check.within_option_cash,decision|selected_route|instrument|short_shares|put_contracts|premium_paid|bearish_delta_shares|feasibility|rejected_routes|scenario_pnl.risk_off|scenario_pnl.squeeze|scenario_pnl.idiosyncratic_gap|worst_case_pnl|self_check.within_locate|self_check.within_option_cash,
SB-AGI-037,stockbench-agi-037,AGI,AGI,0,VERIFIED,47e94642e7743a33231dc9e15ae1f22aa815954e91c37c076d6cfd2a2bacc659,889d31c1ea4056f62c0a6e362e59becfcb2da443417a5dc936dfccb2050078e4,6b3c0a366c85ee34fa81e58281db3dba259d45f6a171881094283357c651c965,true,1,1,Listed options strategy / Greeks,execution_action_quality,put_spread_downside_floor,false,decision|selected_route|buy_put_strike|sell_put_strike|contracts|net_premium_paid|scenario_pnl_usd|feasibility|rejected_routes|scenario_pnl.risk_off|scenario_pnl.squeeze|scenario_pnl.idiosyncratic_gap|worst_case_pnl|self_check.downside_floor_met|self_check.lowest_premium_selected,decision|selected_route|buy_put_strike|sell_put_strike|contracts|net_premium_paid|scenario_pnl_usd|feasibility|rejected_routes|scenario_pnl.risk_off|scenario_pnl.squeeze|scenario_pnl.idiosyncratic_gap|worst_case_pnl|self_check.downside_floor_met|self_check.lowest_premium_selected,
SB-AGI-038,stockbench-agi-038,AGI,AGI,0,VERIFIED,683ca5bbf6bf5e2ab6ce63947bdc2b05c262460e7ede350897f08457226f8d8e,c12417a439b5b7c36d46854b8f04cbb966bc34ecfc66f1ffc30079bf431e6f9f,4d8c735c7e1f6227b82d0080b0e34b0eed5172453f05c724694452a383f26bbd,true,1,1,Futures / commodities / spreads / rolls,judgment_risk_augmentation,commodity_roll_basis_hedge,true,decision|selected_route|contracts|roll_cost_usd|fees_usd|total_cost_usd|feasibility|rejected_routes|scenario_pnl.risk_off|scenario_pnl.squeeze|scenario_pnl.idiosyncratic_gap|worst_case_pnl|self_check.uses_executable_prices|self_check.avoids_first_notice,decision|selected_route|contracts|roll_cost_usd|fees_usd|total_cost_usd|feasibility|rejected_routes|scenario_pnl.risk_off|scenario_pnl.squeeze|scenario_pnl.idiosyncratic_gap|worst_case_pnl|self_check.uses_executable_prices|self_check.avoids_first_notice,
SB-AGI-039,stockbench-agi-039,AGI,AGI,0,VERIFIED,67fc027d1325135e43dca8b7bd58877f6a4a1da45d780299eaf0fed2cf047818,2d7c25c1835d37f7ee8e91ab1939d26c0b79863d636f7212db845e43685f89f5,7a323555e01dc9027ab091edf24a9badf650d490ff16a5476ebf59ac7b8301fa,true,1,1,Spot FX / CFDs / multi-currency,execution_action_quality,forward_vs_spot_payment,false,decision|selected_route|eur_amount|usd_cost|settlement_date_rule|feasibility|rejected_routes|scenario_pnl.risk_off|scenario_pnl.squeeze|scenario_pnl.idiosyncratic_gap|worst_case_pnl|self_check.settlement_matches|self_check.product_permitted|self_check.margin_ok,decision|selected_route|eur_amount|usd_cost|settlement_date_rule|feasibility|rejected_routes|scenario_pnl.risk_off|scenario_pnl.squeeze|scenario_pnl.idiosyncratic_gap|worst_case_pnl|self_check.settlement_matches|self_check.product_permitted|self_check.margin_ok,
SB-AGI-040,stockbench-agi-040,AGI,AGI,0,VERIFIED,586b485181a922dc15b5cd9be403130c0f1d1a19336c3ec133e1a7a63162b602,fefce114cc5006473e96022cf3dfff24902f1c5c5cf0d59fae26ce6f724f9ae2,0786b5f6f14e79696abdab0ba502cd91f84cfef8ec7478f44ecdde5b52991216,true,1,1,Portfolio risk / rebalancing,execution_action_quality,beta_dollar_rebalance,true,decision|selected_route|es_contracts|beta_reduction_usd|beta_reduction_pct|margin_used|expected_cost|feasibility|rejected_routes|scenario_pnl.risk_off|scenario_pnl.squeeze|scenario_pnl.idiosyncratic_gap|worst_case_pnl|self_check.min_reduction_met|self_check.margin_ok|self_check.lowest_cost_feasible,decision|selected_route|es_contracts|beta_reduction_usd|beta_reduction_pct|margin_used|expected_cost|feasibility|rejected_routes|scenario_pnl.risk_off|scenario_pnl.squeeze|scenario_pnl.idiosyncratic_gap|worst_case_pnl|self_check.min_reduction_met|self_check.margin_ok|self_check.lowest_cost_feasible,
SB-AGI-041,stockbench-agi-041,AGI,AGI,0,VERIFIED,d31f0704aa482add60463e746ab3a8ed147668f0d4e4c87ffec2ae267dad078e,ec799fcfc4a0e5aa048d6f249dcb143f4ed6c882a6e8fe0b56dddd4a92bc36f1,db44cfb139a012e580d5289d85519ce97c4bf607a5b6fe53cc6c21509763950e,true,1,1,Execution / liquidity / microstructure,judgment_risk_augmentation,invalid_route_session_trap,true,decision|selected_route|instrument|venue|feasibility|rejected_routes|scenario_pnl.risk_off|scenario_pnl.squeeze|scenario_pnl.idiosyncratic_gap|worst_case_pnl|self_check.session_open|self_check.venue_permitted,decision|selected_route|instrument|venue|feasibility|rejected_routes|scenario_pnl.risk_off|scenario_pnl.squeeze|scenario_pnl.idiosyncratic_gap|worst_case_pnl|self_check.session_open|self_check.venue_permitted,
SB-AGI-042,stockbench-agi-042,AGI,AGI,0,VERIFIED,8f0724bc93c7ffd40f63d9f8dd548adffed8a2012910c09031bb6718db7e7ca4,21f54d4109eed25f512b1d9a1ea7085dbddc749f02e280f2dc1b3403ff295812,9eac69f2c071ee79ff5ec886e485ba955854bc20c7da64d318b47f199b0e5faf,true,1,1,Shorting / borrow / margin / locates,execution_action_quality,hard_to_borrow_margin_recall,true,decision|selected_route|instrument|short_shares|put_contracts|premium_paid|bearish_delta_shares|feasibility|rejected_routes|scenario_pnl.risk_off|scenario_pnl.squeeze|scenario_pnl.idiosyncratic_gap|worst_case_pnl|self_check.within_locate|self_check.within_option_cash,decision|selected_route|instrument|short_shares|put_contracts|premium_paid|bearish_delta_shares|feasibility|rejected_routes|scenario_pnl.risk_off|scenario_pnl.squeeze|scenario_pnl.idiosyncratic_gap|worst_case_pnl|self_check.within_locate|self_check.within_option_cash,
SB-AGI-043,stockbench-agi-043,AGI,AGI,0,VERIFIED,8904dfca37e9df3071bb0107c7847a6f379c2343fa1e795b7f4823284ff962bb,0528575ba3261ebc4f16f36d48f619cf01dc3ba74e66591f7d46da58d6d3c28b,2e0a0add16d384eb28ab3e6565b16bcdd1953e19d34bffeb924a1e30cdfdda6f,true,1,1,Listed options strategy / Greeks,execution_action_quality,exercise_assignment_roll_decision,false,decision|selected_route|instrument|dividend_per_share|call_time_value|exercise_early|feasibility|rejected_routes|scenario_pnl.risk_off|scenario_pnl.squeeze|scenario_pnl.idiosyncratic_gap|worst_case_pnl|self_check.compared_dividend_to_time_value|self_check.exercise_or_assignment_resolved,decision|selected_route|instrument|dividend_per_share|call_time_value|exercise_early|feasibility|rejected_routes|scenario_pnl.risk_off|scenario_pnl.squeeze|scenario_pnl.idiosyncratic_gap|worst_case_pnl|self_check.compared_dividend_to_time_value|self_check.exercise_or_assignment_resolved,
SB-AGI-044,stockbench-agi-044,AGI,AGI,0,VERIFIED,7483330a54545c19ba940ace72613d821a8bc3c4420944dc4a06ba7c90421458,6f987de828b84d992bb92fbac15c1df259354fb050cc35f8ce64f5e7c96b7b46,b77986e0cea54b11b607ea2cc5d455c0f7714554b065d95776ecdf3dae2233ba,true,1,1,Futures / commodities / spreads / rolls,judgment_risk_augmentation,futures_beta_hedge,true,decision|selected_route|es_contracts|beta_reduction_usd|beta_reduction_pct|margin_used|expected_cost|feasibility|rejected_routes|scenario_pnl.risk_off|scenario_pnl.squeeze|scenario_pnl.idiosyncratic_gap|worst_case_pnl|self_check.min_reduction_met|self_check.margin_ok|self_check.lowest_cost_feasible,decision|selected_route|es_contracts|beta_reduction_usd|beta_reduction_pct|margin_used|expected_cost|feasibility|rejected_routes|scenario_pnl.risk_off|scenario_pnl.squeeze|scenario_pnl.idiosyncratic_gap|worst_case_pnl|self_check.min_reduction_met|self_check.margin_ok|self_check.lowest_cost_feasible,
SB-AGI-045,stockbench-agi-045,AGI,AGI,0,VERIFIED,37e05ae6324a5d92cb5624a927e1dea719a1d245f69a81817e2e9c80fc35feb9,6a7f4805baf1a4d50899c823a8c5048bdfc7430ff7b15583b02550e68e9e8a80,03ec1fb622c5b9717a0842df7251beb60b6594c880bedaa339ee859530697066,true,1,1,Spot FX / CFDs / multi-currency,execution_action_quality,cfd_margin_regional_constraint,false,decision|selected_route|eur_amount|usd_cost|settlement_date_rule|feasibility|rejected_routes|scenario_pnl.risk_off|scenario_pnl.squeeze|scenario_pnl.idiosyncratic_gap|worst_case_pnl|self_check.settlement_matches|self_check.product_permitted|self_check.margin_ok,decision|selected_route|eur_amount|usd_cost|settlement_date_rule|feasibility|rejected_routes|scenario_pnl.risk_off|scenario_pnl.squeeze|scenario_pnl.idiosyncratic_gap|worst_case_pnl|self_check.settlement_matches|self_check.product_permitted|self_check.margin_ok,
SB-AGI-046,stockbench-agi-046,AGI,AGI,0,VERIFIED,2c0d41d1141a742cecf34d5373af670102cfc6d135205bd58a1e1d903008e584,edb4d462751ae965ff479a73fbc81928d106267647d53db32262203ee8d82729,ef7e1814f575ffacd2001b6ce1d8c74cd7d4ade598d9ca327a46c85c05b894a4,true,1,1,Portfolio risk / rebalancing,execution_action_quality,cross_asset_var_liquidity_triage,false,decision|selected_route|es_contracts|beta_reduction_usd|beta_reduction_pct|margin_used|expected_cost|feasibility|rejected_routes|scenario_pnl.risk_off|scenario_pnl.squeeze|scenario_pnl.idiosyncratic_gap|worst_case_pnl|self_check.min_reduction_met|self_check.margin_ok|self_check.lowest_cost_feasible,decision|selected_route|es_contracts|beta_reduction_usd|beta_reduction_pct|margin_used|expected_cost|feasibility|rejected_routes|scenario_pnl.risk_off|scenario_pnl.squeeze|scenario_pnl.idiosyncratic_gap|worst_case_pnl|self_check.min_reduction_met|self_check.margin_ok|self_check.lowest_cost_feasible,
SB-AGI-047,stockbench-agi-047,AGI,AGI,0,VERIFIED,3ba0227d5f26259e139da5f57eb4c9c93230c55520242214cbdd55b8c5e3a235,3173f9b57fa8bc7c3a7502ec050719da98da1fc78014a9b91f0a0aab5e04d52f,a3b10f1e4202cd1f7754e45934f5dab20203a248f9fff9ada35f5862a059ca14,true,1,1,Execution / liquidity / microstructure,judgment_risk_augmentation,twap_slippage_limit,true,decision|instrument|side|clip_size_shares|filled_shares|average_price|limit_price|feasibility|rejected_routes|scenario_pnl.risk_off|scenario_pnl.squeeze|scenario_pnl.idiosyncratic_gap|worst_case_pnl|self_check.average_price_within_cap|self_check.max_fill_in_clips,decision|instrument|side|clip_size_shares|filled_shares|average_price|limit_price|feasibility|rejected_routes|scenario_pnl.risk_off|scenario_pnl.squeeze|scenario_pnl.idiosyncratic_gap|worst_case_pnl|self_check.average_price_within_cap|self_check.max_fill_in_clips,
SB-AGI-048,stockbench-agi-048,AGI,AGI,0,VERIFIED,086d610b8f4c2614a092749b296b9464abffdf900e57417cd10622db469e15ea,9a714454c3d4c611cb012b86ed3ee96dc949025b4240eaaefaa0611bb084b6ed,6805b2bd8cde5dffa0c2cc147dd2cfe8a911f1cf0dd63a7e23c5e8bb1ccf4007,true,1,1,Shorting / borrow / margin / locates,execution_action_quality,short_locate_failure,true,decision|selected_route|instrument|short_shares|put_contracts|premium_paid|bearish_delta_shares|feasibility|rejected_routes|scenario_pnl.risk_off|scenario_pnl.squeeze|scenario_pnl.idiosyncratic_gap|worst_case_pnl|self_check.within_locate|self_check.within_option_cash,decision|selected_route|instrument|short_shares|put_contracts|premium_paid|bearish_delta_shares|feasibility|rejected_routes|scenario_pnl.risk_off|scenario_pnl.squeeze|scenario_pnl.idiosyncratic_gap|worst_case_pnl|self_check.within_locate|self_check.within_option_cash,
SB-AGI-049,stockbench-agi-049,AGI,AGI,0,VERIFIED,45974dd0a662686fded17aaf7d4ff357f270fdccf112ccddb7f221634bcceedc,ad56378b4d4498197a5290798ed2fa0acea1be89803f45cf309636406b4577d6,3a22d234183ae055d93bc00959d283aee62c66842ecfbcfd640334a52faf0c7f,true,1,1,Listed options strategy / Greeks,execution_action_quality,put_spread_downside_floor,false,decision|selected_route|buy_put_strike|sell_put_strike|contracts|net_premium_paid|scenario_pnl_usd|feasibility|rejected_routes|scenario_pnl.risk_off|scenario_pnl.squeeze|scenario_pnl.idiosyncratic_gap|worst_case_pnl|self_check.downside_floor_met|self_check.lowest_premium_selected,decision|selected_route|buy_put_strike|sell_put_strike|contracts|net_premium_paid|scenario_pnl_usd|feasibility|rejected_routes|scenario_pnl.risk_off|scenario_pnl.squeeze|scenario_pnl.idiosyncratic_gap|worst_case_pnl|self_check.downside_floor_met|self_check.lowest_premium_selected,
SB-AGI-050,stockbench-agi-050,AGI,AGI,0,VERIFIED,b3bb8d147eb7605cdfedce1cd6204aa340f4f2c0e8ac3bd12a5ecf700394e385,dd0229d6135d99b0971cfd1b8f9f07506dd35a2844d4aadb0bb841b78f6daa17,92094c7148c7688deea3c252847023f5d727c7b3d89931fa3dd0795a2e42019a,true,1,1,Futures / commodities / spreads / rolls,judgment_risk_augmentation,commodity_roll_basis_hedge,true,decision|selected_route|contracts|roll_cost_usd|fees_usd|total_cost_usd|feasibility|rejected_routes|scenario_pnl.risk_off|scenario_pnl.squeeze|scenario_pnl.idiosyncratic_gap|worst_case_pnl|self_check.uses_executable_prices|self_check.avoids_first_notice,decision|selected_route|contracts|roll_cost_usd|fees_usd|total_cost_usd|feasibility|rejected_routes|scenario_pnl.risk_off|scenario_pnl.squeeze|scenario_pnl.idiosyncratic_gap|worst_case_pnl|self_check.uses_executable_prices|self_check.avoids_first_notice,
SB-AGI-051,stockbench-agi-051,AGI,AGI,0,VERIFIED,d189ed5210c1b7591d144492618aa41005d341f83e9a471bf1a3e41ae6958de6,566cacc34fb55236a82132b6ff998c9ed51d55cecc09fa2cb784f2b48c6c8297,f3e559d48227612749524c0e2062abd4d8c3ff8f7c3405bb670413924b86fab2,true,1,1,Spot FX / CFDs / multi-currency,execution_action_quality,forward_vs_spot_payment,false,decision|selected_route|eur_amount|usd_cost|settlement_date_rule|feasibility|rejected_routes|scenario_pnl.risk_off|scenario_pnl.squeeze|scenario_pnl.idiosyncratic_gap|worst_case_pnl|self_check.settlement_matches|self_check.product_permitted|self_check.margin_ok,decision|selected_route|eur_amount|usd_cost|settlement_date_rule|feasibility|rejected_routes|scenario_pnl.risk_off|scenario_pnl.squeeze|scenario_pnl.idiosyncratic_gap|worst_case_pnl|self_check.settlement_matches|self_check.product_permitted|self_check.margin_ok,
SB-AGI-052,stockbench-agi-052,AGI,AGI,0,VERIFIED,d3bf0d6e35bcd28f90680a953edcb6917986308e7f033434a08d747a67610a71,52a9a66b0fc0df1552dc71a64b3addcda6c1ecc73f048b580cbc2a9fad9117c2,334b6478b472448aea3f23390e006e6d761182372f9513f8a2f73b633ad41865,true,1,1,Portfolio risk / rebalancing,execution_action_quality,beta_dollar_rebalance,true,decision|selected_route|es_contracts|beta_reduction_usd|beta_reduction_pct|margin_used|expected_cost|feasibility|rejected_routes|scenario_pnl.risk_off|scenario_pnl.squeeze|scenario_pnl.idiosyncratic_gap|worst_case_pnl|self_check.min_reduction_met|self_check.margin_ok|self_check.lowest_cost_feasible,decision|selected_route|es_contracts|beta_reduction_usd|beta_reduction_pct|margin_used|expected_cost|feasibility|rejected_routes|scenario_pnl.risk_off|scenario_pnl.squeeze|scenario_pnl.idiosyncratic_gap|worst_case_pnl|self_check.min_reduction_met|self_check.margin_ok|self_check.lowest_cost_feasible,
SB-AGI-053,stockbench-agi-053,AGI,AGI,0,VERIFIED,559a036a401373b79ae076f311ff2ab7b373d8a6e40801b0ac556b27be9285df,1a55d280aa731a8d8b8dfda0abfcba4dca9ecf4120aa314570358c14ce48d9c8,f7fb36a41affdb1978795e3caf473926a3ed4e89bc6a84d7da2478dce6f3be84,true,1,1,Execution / liquidity / microstructure,judgment_risk_augmentation,invalid_route_session_trap,true,decision|selected_route|instrument|venue|feasibility|rejected_routes|scenario_pnl.risk_off|scenario_pnl.squeeze|scenario_pnl.idiosyncratic_gap|worst_case_pnl|self_check.session_open|self_check.venue_permitted,decision|selected_route|instrument|venue|feasibility|rejected_routes|scenario_pnl.risk_off|scenario_pnl.squeeze|scenario_pnl.idiosyncratic_gap|worst_case_pnl|self_check.session_open|self_check.venue_permitted,
SB-AGI-054,stockbench-agi-054,AGI,AGI,0,VERIFIED,3464872c89776a704ca49fe194a4ab38478646359badb655aadd98faecdf388c,ebec46f2b3916a9c07d902dcecfff709ea664a1172411bd00e34685db917204c,0f58aedc5fdb3d6ed4388e579e1d9f3a9b73f67d33bd82ec395f1bff0b49431e,true,1,1,Shorting / borrow / margin / locates,execution_action_quality,hard_to_borrow_margin_recall,true,decision|selected_route|instrument|short_shares|put_contracts|premium_paid|bearish_delta_shares|feasibility|rejected_routes|scenario_pnl.risk_off|scenario_pnl.squeeze|scenario_pnl.idiosyncratic_gap|worst_case_pnl|self_check.within_locate|self_check.within_option_cash,decision|selected_route|instrument|short_shares|put_contracts|premium_paid|bearish_delta_shares|feasibility|rejected_routes|scenario_pnl.risk_off|scenario_pnl.squeeze|scenario_pnl.idiosyncratic_gap|worst_case_pnl|self_check.within_locate|self_check.within_option_cash,
SB-AGI-055,stockbench-agi-055,AGI,AGI,0,VERIFIED,733d2fa09f9e769f6bf6069d3cd9d21c624a46881fa4108e37b4314716fbb178,78c729dcc617459df686cc1d8051411f31d720455ff2b7a0fb9dfa56ade95f67,38b96c03e5deb9134086cff8ff33c9e94590b747520f65c2cf1a7b5f3a0acc54,true,1,1,Listed options strategy / Greeks,execution_action_quality,exercise_assignment_roll_decision,false,decision|selected_route|instrument|dividend_per_share|call_time_value|exercise_early|feasibility|rejected_routes|scenario_pnl.risk_off|scenario_pnl.squeeze|scenario_pnl.idiosyncratic_gap|worst_case_pnl|self_check.compared_dividend_to_time_value|self_check.exercise_or_assignment_resolved,decision|selected_route|instrument|dividend_per_share|call_time_value|exercise_early|feasibility|rejected_routes|scenario_pnl.risk_off|scenario_pnl.squeeze|scenario_pnl.idiosyncratic_gap|worst_case_pnl|self_check.compared_dividend_to_time_value|self_check.exercise_or_assignment_resolved,
SB-AGI-056,stockbench-agi-056,AGI,AGI,0,VERIFIED,72467e37e04ea0dcb0d7e269c58d9c99543617bc713df3c5f744e379cd4223be,f6fac0e5078f9b963fd25419b71b9a6499f1b7d0d87220b869fb6f0a5a65f40c,5980212c1b912aef4c211cdd7085433c2ff6015ac0ebea68458ed2d56eb53c50,true,1,1,Futures / commodities / spreads / rolls,judgment_risk_augmentation,futures_beta_hedge,true,decision|selected_route|es_contracts|beta_reduction_usd|beta_reduction_pct|margin_used|expected_cost|feasibility|rejected_routes|scenario_pnl.risk_off|scenario_pnl.squeeze|scenario_pnl.idiosyncratic_gap|worst_case_pnl|self_check.min_reduction_met|self_check.margin_ok|self_check.lowest_cost_feasible,decision|selected_route|es_contracts|beta_reduction_usd|beta_reduction_pct|margin_used|expected_cost|feasibility|rejected_routes|scenario_pnl.risk_off|scenario_pnl.squeeze|scenario_pnl.idiosyncratic_gap|worst_case_pnl|self_check.min_reduction_met|self_check.margin_ok|self_check.lowest_cost_feasible,
SB-AGI-057,stockbench-agi-057,AGI,AGI,0,VERIFIED,51cfc06213225025b572cabad67a8bd75e6b7c781c2ffcdb8b368315f431f1b0,eee04b5bbd17b3943f2aaf02f80c7a1a453a3cf6171187180568969a961c0673,a70147b60b4cffb3636453ddeee2f28e1ca8b5686d1c7f2ed61566b54111a74e,true,1,1,Spot FX / CFDs / multi-currency,execution_action_quality,cfd_margin_regional_constraint,false,decision|selected_route|eur_amount|usd_cost|settlement_date_rule|feasibility|rejected_routes|scenario_pnl.risk_off|scenario_pnl.squeeze|scenario_pnl.idiosyncratic_gap|worst_case_pnl|self_check.settlement_matches|self_check.product_permitted|self_check.margin_ok,decision|selected_route|eur_amount|usd_cost|settlement_date_rule|feasibility|rejected_routes|scenario_pnl.risk_off|scenario_pnl.squeeze|scenario_pnl.idiosyncratic_gap|worst_case_pnl|self_check.settlement_matches|self_check.product_permitted|self_check.margin_ok,
SB-AGI-058,stockbench-agi-058,AGI,AGI,0,VERIFIED,816fff2c88a48070f90d6bf66bb3ee38d3a9e1c1c2e26358d3d322d8ce08d057,e4367be3eacc3cf660cd49a90b25b79e6df029dae6f5d035e5c9c28bd2e80493,65cf713644bcb1c7841466493528c7ad6969d344954c386eeb197d0b4d5db56c,true,1,1,Portfolio risk / rebalancing,execution_action_quality,cross_asset_var_liquidity_triage,false,decision|selected_route|es_contracts|beta_reduction_usd|beta_reduction_pct|margin_used|expected_cost|feasibility|rejected_routes|scenario_pnl.risk_off|scenario_pnl.squeeze|scenario_pnl.idiosyncratic_gap|worst_case_pnl|self_check.min_reduction_met|self_check.margin_ok|self_check.lowest_cost_feasible,decision|selected_route|es_contracts|beta_reduction_usd|beta_reduction_pct|margin_used|expected_cost|feasibility|rejected_routes|scenario_pnl.risk_off|scenario_pnl.squeeze|scenario_pnl.idiosyncratic_gap|worst_case_pnl|self_check.min_reduction_met|self_check.margin_ok|self_check.lowest_cost_feasible,
SB-AGI-059,stockbench-agi-059,AGI,AGI,0,VERIFIED,db3d7a9fdadbb28820c32da178c3189f454840b35117416ed2acff0eb250e31d,42023d7d774540ba10fc62db27dfbaed741b41eb35c45fcb29d94d8c29106c92,cfbe4fccb9ccf54ad4aad0e65dee466e6714dc08a01e34fe7454c0c4cb5d5164,true,1,1,Execution / liquidity / microstructure,judgment_risk_augmentation,twap_slippage_limit,true,decision|instrument|side|clip_size_shares|filled_shares|average_price|limit_price|feasibility|rejected_routes|scenario_pnl.risk_off|scenario_pnl.squeeze|scenario_pnl.idiosyncratic_gap|worst_case_pnl|self_check.average_price_within_cap|self_check.max_fill_in_clips,decision|instrument|side|clip_size_shares|filled_shares|average_price|limit_price|feasibility|rejected_routes|scenario_pnl.risk_off|scenario_pnl.squeeze|scenario_pnl.idiosyncratic_gap|worst_case_pnl|self_check.average_price_within_cap|self_check.max_fill_in_clips,
SB-AGI-060,stockbench-agi-060,AGI,AGI,0,VERIFIED,91b0620eb8a4efad1774db6f2e70c02f6fe46a8eab1352f9fa947f9c60da9ec5,6236cfe6211a59cf178ca63d485a42b26e077fae0f10a74513c0e6d2ee8f8c98,93779b797b278eb6ec9dc123950ad323a53d9e5eb36ca65cf96c24b8581789d5,true,1,1,Shorting / borrow / margin / locates,execution_action_quality,short_locate_failure,true,decision|selected_route|instrument|short_shares|put_contracts|premium_paid|bearish_delta_shares|feasibility|rejected_routes|scenario_pnl.risk_off|scenario_pnl.squeeze|scenario_pnl.idiosyncratic_gap|worst_case_pnl|self_check.within_locate|self_check.within_option_cash,decision|selected_route|instrument|short_shares|put_contracts|premium_paid|bearish_delta_shares|feasibility|rejected_routes|scenario_pnl.risk_off|scenario_pnl.squeeze|scenario_pnl.idiosyncratic_gap|worst_case_pnl|self_check.within_locate|self_check.within_option_cash,
SB-AGI-061,stockbench-agi-061,AGI,AGI,0,VERIFIED,37dc30f1cf1e74e81e6c7c69d7907d4549653de177f987358d23ce45793b90d6,0f25d0b819aa8dfb33ce35081344564493bb3cc10072f418b4691265a8c171ef,eddbafe34ac6a2036fb8c615aa3a8b410a0c1c60dc9a51f5af61c1ef38271edf,true,1,1,Listed options strategy / Greeks,execution_action_quality,put_spread_downside_floor,false,decision|selected_route|buy_put_strike|sell_put_strike|contracts|net_premium_paid|scenario_pnl_usd|feasibility|rejected_routes|scenario_pnl.risk_off|scenario_pnl.squeeze|scenario_pnl.idiosyncratic_gap|worst_case_pnl|self_check.downside_floor_met|self_check.lowest_premium_selected,decision|selected_route|buy_put_strike|sell_put_strike|contracts|net_premium_paid|scenario_pnl_usd|feasibility|rejected_routes|scenario_pnl.risk_off|scenario_pnl.squeeze|scenario_pnl.idiosyncratic_gap|worst_case_pnl|self_check.downside_floor_met|self_check.lowest_premium_selected,
SB-AGI-062,stockbench-agi-062,AGI,AGI,0,VERIFIED,9ce00926f8f23e57ad75c4630caa36b0a58a1512df475ffb7cd842b8197dabf6,b1a4ef252552ddee907e49bec983ee4707e1a1ee4a624ee15ecb4a0ddf4ecf2f,87e7648fd1adf459860b9c687e18a8e173ad8d48e88823ed322f660405639292,true,1,1,Futures / commodities / spreads / rolls,judgment_risk_augmentation,commodity_roll_basis_hedge,true,decision|selected_route|contracts|roll_cost_usd|fees_usd|total_cost_usd|feasibility|rejected_routes|scenario_pnl.risk_off|scenario_pnl.squeeze|scenario_pnl.idiosyncratic_gap|worst_case_pnl|self_check.uses_executable_prices|self_check.avoids_first_notice,decision|selected_route|contracts|roll_cost_usd|fees_usd|total_cost_usd|feasibility|rejected_routes|scenario_pnl.risk_off|scenario_pnl.squeeze|scenario_pnl.idiosyncratic_gap|worst_case_pnl|self_check.uses_executable_prices|self_check.avoids_first_notice,
SB-AGI-063,stockbench-agi-063,AGI,AGI,0,VERIFIED,efb17e61c8ba84d75cfddda3365a85187840cd37b55f6febc4f0eb1672afeffc,f251d3d2b5c55bedb877c06a3e1b36f658a07245d79513d0ede188fe63e78394,a70f31226ff9e5e081c45b74fce48b4cb1fccffd01558229474ab54f747c4727,true,1,1,Spot FX / CFDs / multi-currency,execution_action_quality,forward_vs_spot_payment,false,decision|selected_route|eur_amount|usd_cost|settlement_date_rule|feasibility|rejected_routes|scenario_pnl.risk_off|scenario_pnl.squeeze|scenario_pnl.idiosyncratic_gap|worst_case_pnl|self_check.settlement_matches|self_check.product_permitted|self_check.margin_ok,decision|selected_route|eur_amount|usd_cost|settlement_date_rule|feasibility|rejected_routes|scenario_pnl.risk_off|scenario_pnl.squeeze|scenario_pnl.idiosyncratic_gap|worst_case_pnl|self_check.settlement_matches|self_check.product_permitted|self_check.margin_ok,
SB-AGI-064,stockbench-agi-064,AGI,AGI,0,VERIFIED,2a31311e89eb0d1fc4983a68ec04dfca5958199776d07335cab6a58407da8426,efb367fd45b0af71d21187b4a943c1fb14023d2441af780e94dd91c1bd38d6d4,b4eddad0a772b1cf0a2dc5e284f78fda9c846a2d59cb4a0d857c127608c7d42b,true,1,1,Portfolio risk / rebalancing,execution_action_quality,beta_dollar_rebalance,true,decision|selected_route|es_contracts|beta_reduction_usd|beta_reduction_pct|margin_used|expected_cost|feasibility|rejected_routes|scenario_pnl.risk_off|scenario_pnl.squeeze|scenario_pnl.idiosyncratic_gap|worst_case_pnl|self_check.min_reduction_met|self_check.margin_ok|self_check.lowest_cost_feasible,decision|selected_route|es_contracts|beta_reduction_usd|beta_reduction_pct|margin_used|expected_cost|feasibility|rejected_routes|scenario_pnl.risk_off|scenario_pnl.squeeze|scenario_pnl.idiosyncratic_gap|worst_case_pnl|self_check.min_reduction_met|self_check.margin_ok|self_check.lowest_cost_feasible,
SB-AGI-065,stockbench-agi-065,AGI,AGI,0,VERIFIED,8cd28377cfeccb773c5240f26778226ee1511326daf87fb17b217bba01a6fe7d,f8bc6960b86acaba2c4cc5469156c7372e66f49796574dd7dcdf20cf52657d47,fc9d521706a4441cc3ed3df3d6e77174207320c48601b03e41fe08c4b6b0696f,true,1,1,Execution / liquidity / microstructure,judgment_risk_augmentation,invalid_route_session_trap,true,decision|selected_route|instrument|venue|feasibility|rejected_routes|scenario_pnl.risk_off|scenario_pnl.squeeze|scenario_pnl.idiosyncratic_gap|worst_case_pnl|self_check.session_open|self_check.venue_permitted,decision|selected_route|instrument|venue|feasibility|rejected_routes|scenario_pnl.risk_off|scenario_pnl.squeeze|scenario_pnl.idiosyncratic_gap|worst_case_pnl|self_check.session_open|self_check.venue_permitted,
SB-AGI-066,stockbench-agi-066,AGI,AGI,0,VERIFIED,8ff652697f4658904d1082759884a31c32f3a8b0fd4e6f5ee31d215f28c9897e,ed279877c72e990e66777e49f5ebb2d48ec71c4ea32239e9618eb49f79594627,6dc1a6eae891353bd888bafdc578fd83af0aea01337e4ca953a59cb61d3db50d,true,1,1,Corporate actions / settlement / calendar / jurisdiction,execution_action_quality,corporate_action_adjustment,true,decision|selected_route|adjusted_stop_price|option_strike_adjusted|option_strike_after|feasibility|rejected_routes|scenario_pnl.risk_off|scenario_pnl.squeeze|scenario_pnl.idiosyncratic_gap|worst_case_pnl|self_check.stop_adjusted|self_check.option_strike_unchanged,decision|selected_route|adjusted_stop_price|option_strike_adjusted|option_strike_after|feasibility|rejected_routes|scenario_pnl.risk_off|scenario_pnl.squeeze|scenario_pnl.idiosyncratic_gap|worst_case_pnl|self_check.stop_adjusted|self_check.option_strike_unchanged,
SB-AGI-067,stockbench-agi-067,AGI,AGI,0,VERIFIED,def433eea7461dc8482b7f2d87bf37462afacad4c2b8ff8b67ea2038291c6744,a664922d1f4ab03873ecebdb101988722a13314e2ba3e34851d84f4c7b211586,08d73fa46049935a4c0e6d6cc5cc336cfd9e94f4ce686842fdf79ee23993db28,true,1,1,Shorting / borrow / margin / locates,execution_action_quality,locate_recall_options_substitution,true,decision|selected_route|instrument|short_shares|put_contracts|premium_paid|bearish_delta_shares|feasibility|rejected_routes|scenario_pnl.risk_off|scenario_pnl.squeeze|scenario_pnl.idiosyncratic_gap|worst_case_pnl|self_check.within_locate|self_check.within_option_cash,decision|selected_route|instrument|short_shares|put_contracts|premium_paid|bearish_delta_shares|feasibility|rejected_routes|scenario_pnl.risk_off|scenario_pnl.squeeze|scenario_pnl.idiosyncratic_gap|worst_case_pnl|self_check.within_locate|self_check.within_option_cash,
SB-AGI-068,stockbench-agi-068,AGI,AGI,0,VERIFIED,9c2e0ad04f1cdff82c14c25c1e222a6a82ccb2924146ccbfd499bf74b04e6e01,016cba4993762dcaf73eb0c95c1a7e98670f7217f328e2c56aa62a6cd8140a40,f454c111dffd6fd406692967b665489dccaf315a7d2c08b68225a73fc2c6bda9,true,1,1,Listed options strategy / Greeks,judgment_risk_augmentation,covered_call_assignment,true,decision|selected_route|instrument|call_strike|dividend_per_share|call_time_value|early_assignment_risk|feasibility|rejected_routes|scenario_pnl.risk_off|scenario_pnl.squeeze|scenario_pnl.idiosyncratic_gap|worst_case_pnl|self_check.compared_dividend_to_time_value|self_check.assignment_handled,decision|selected_route|instrument|call_strike|dividend_per_share|call_time_value|early_assignment_risk|feasibility|rejected_routes|scenario_pnl.risk_off|scenario_pnl.squeeze|scenario_pnl.idiosyncratic_gap|worst_case_pnl|self_check.compared_dividend_to_time_value|self_check.assignment_handled,
SB-AGI-069,stockbench-agi-069,AGI,AGI,0,VERIFIED,e7c779025c4537c3fe9f72a705e24519aea22d4bd21b8222c0cf0c018be5c87d,9d9eb4e380807b9e6b70cfb804362d049f2654fbdd00377b3bf8cd0a90958960,33505bd4cbad55746068382a0cd9a2c114e8beb004b7d7f9e29ed24c174939ea,true,1,1,Futures / commodities / spreads / rolls,execution_action_quality,futures_roll_calendar,false,decision|selected_route|contracts|roll_cost_usd|fees_usd|total_cost_usd|feasibility|rejected_routes|scenario_pnl.risk_off|scenario_pnl.squeeze|scenario_pnl.idiosyncratic_gap|worst_case_pnl|self_check.uses_executable_prices|self_check.avoids_first_notice,decision|selected_route|contracts|roll_cost_usd|fees_usd|total_cost_usd|feasibility|rejected_routes|scenario_pnl.risk_off|scenario_pnl.squeeze|scenario_pnl.idiosyncratic_gap|worst_case_pnl|self_check.uses_executable_prices|self_check.avoids_first_notice,
SB-AGI-070,stockbench-agi-070,AGI,AGI,0,VERIFIED,490fa153f25716e1514cf802f12b483506a57b1be557564d1ac1490c335ba477,aa97cf68e1a2856708c2712e4a5c40cf21174ce8964254491ad5fe97f73f2033,5ec880c9b2123b1a43555f8352379364c55aa699125b3ed986e27de0b0ae0856,true,1,1,Spot FX / CFDs / multi-currency,execution_action_quality,multi_currency_cash_buffer,true,decision|selected_route|eur_amount|usd_cost|settlement_date_rule|feasibility|rejected_routes|scenario_pnl.risk_off|scenario_pnl.squeeze|scenario_pnl.idiosyncratic_gap|worst_case_pnl|self_check.settlement_matches|self_check.product_permitted|self_check.margin_ok,decision|selected_route|eur_amount|usd_cost|settlement_date_rule|feasibility|rejected_routes|scenario_pnl.risk_off|scenario_pnl.squeeze|scenario_pnl.idiosyncratic_gap|worst_case_pnl|self_check.settlement_matches|self_check.product_permitted|self_check.margin_ok,
SB-AGI-071,stockbench-agi-071,AGI,AGI,0,VERIFIED,9f5e19998822b3b2ec1066da51d82de82f841b89ed6bd271521dabf143f2900a,9e2676e1185a679bf6dd8aa73b9c5069e1985ada671372c82fad99e95e1ddd71,c5645f6f3e93627f6ea8e436d7143d273432d7cb8e80324aa5b59a57eb6addbe,true,1,1,Portfolio risk / rebalancing,judgment_risk_augmentation,risk_budget_rebalance,false,decision|selected_route|es_contracts|beta_reduction_usd|beta_reduction_pct|margin_used|expected_cost|feasibility|rejected_routes|scenario_pnl.risk_off|scenario_pnl.squeeze|scenario_pnl.idiosyncratic_gap|worst_case_pnl|self_check.min_reduction_met|self_check.margin_ok|self_check.lowest_cost_feasible,decision|selected_route|es_contracts|beta_reduction_usd|beta_reduction_pct|margin_used|expected_cost|feasibility|rejected_routes|scenario_pnl.risk_off|scenario_pnl.squeeze|scenario_pnl.idiosyncratic_gap|worst_case_pnl|self_check.min_reduction_met|self_check.margin_ok|self_check.lowest_cost_feasible,
SB-AGI-072,stockbench-agi-072,AGI,AGI,0,VERIFIED,3a8f1162c3ecfb5d9302e3527d97151b3b0b110c93d1d15ccaf49646c0d0f9fb,3e92176378635613d01def8ced05ef23763ddb4b345cfc338117a327d2e822da,de0f75b14b92d697d19810a82ee225fe1a819aff6d48cbf39715929732958657,true,1,1,Execution / liquidity / microstructure,execution_action_quality,order_book_liquidity_limit,true,decision|instrument|side|clip_size_shares|filled_shares|average_price|limit_price|feasibility|rejected_routes|scenario_pnl.risk_off|scenario_pnl.squeeze|scenario_pnl.idiosyncratic_gap|worst_case_pnl|self_check.average_price_within_cap|self_check.max_fill_in_clips,decision|instrument|side|clip_size_shares|filled_shares|average_price|limit_price|feasibility|rejected_routes|scenario_pnl.risk_off|scenario_pnl.squeeze|scenario_pnl.idiosyncratic_gap|worst_case_pnl|self_check.average_price_within_cap|self_check.max_fill_in_clips,
SB-AGI-073,stockbench-agi-073,AGI,AGI,0,VERIFIED,d02b84a83dfbe48cadf07a3283002fbbdc27e71e6f6d6b51a03424eb7fc32a8b,4c665ca1a287c3c935d376a4aa4881b0813403743df53de001e1bf6a0c7351d9,d64dca72fbfaaad9be40e043958ec51353d56058138b05a3e06bf3befb2a92a0,true,1,1,Corporate actions / settlement / calendar / jurisdiction,execution_action_quality,t_plus_one_settlement_sequence,true,decision|selected_route|trade_value_usd|settlement_rule|settlement_cash_date|feasibility|rejected_routes|scenario_pnl.risk_off|scenario_pnl.squeeze|scenario_pnl.idiosyncratic_gap|worst_case_pnl|self_check.settlement_respected,decision|selected_route|trade_value_usd|settlement_rule|settlement_cash_date|feasibility|rejected_routes|scenario_pnl.risk_off|scenario_pnl.squeeze|scenario_pnl.idiosyncratic_gap|worst_case_pnl|self_check.settlement_respected,
SB-AGI-074,stockbench-agi-074,AGI,AGI,0,VERIFIED,78ebcb96b4d71eafc1ba37ca4c3c306e03e81161d9e0d8e4000d3cc5b3aa37b0,36c487800f613cb6be4a2bacb68829bec266cd7a2d6784afd0f06a11136b4789,dc7dcbb9fed52019eaf8b163104e0168e5d92c4f78c48bd4bff16a8771222569,true,1,1,Feasibility / rejection / no-trade traps,judgment_risk_augmentation,unsupported_product_permission,true,decision|selected_route|instrument|requested_shares|feasibility|rejected_routes|scenario_pnl.risk_off|scenario_pnl.squeeze|scenario_pnl.idiosyncratic_gap|worst_case_pnl|self_check.permissions_checked|self_check.no_valid_route,decision|selected_route|instrument|requested_shares|feasibility|rejected_routes|scenario_pnl.risk_off|scenario_pnl.squeeze|scenario_pnl.idiosyncratic_gap|worst_case_pnl|self_check.permissions_checked|self_check.no_valid_route,
SB-AGI-075,stockbench-agi-075,AGI,AGI,0,VERIFIED,6b8219162f2feb4da03b5f4e2c994aa2017436f4c494e690d597e69a939f7efa,c90aa897bf4d735c094b4baabb3dd64ce039cf43431492e81a84859787081119,3c518c57f1f3894f091bbec03e0afe39ec2fc106c09a8a50fb832692dc95174a,true,1,1,Spot equities / ETFs,execution_action_quality,market_on_close_rebalance,false,decision|selected_route|instrument|quantity|limit_price|venue|feasibility|rejected_routes|scenario_pnl.risk_off|scenario_pnl.squeeze|scenario_pnl.idiosyncratic_gap|worst_case_pnl|self_check.venue_matches_objective,decision|selected_route|instrument|quantity|limit_price|venue|feasibility|rejected_routes|scenario_pnl.risk_off|scenario_pnl.squeeze|scenario_pnl.idiosyncratic_gap|worst_case_pnl|self_check.venue_matches_objective,
SB-AGI-076,stockbench-agi-076,AGI,AGI,0,VERIFIED,5a60da40a04aa8f1e2a8dd46c9dba798e96408420b23545d7afb50d57c8c5bce,9aaac6530b1f2796d6ed080f7253c32d7c79d9e89519d2c10d4f8e926226f1a2,8ee25c1e4736280d2745b45ef6d87b1a277f759f4b5e1dd85c53970b69cbd830,true,1,1,Shorting / borrow / margin / locates,execution_action_quality,short_locate_failure,true,decision|selected_route|instrument|short_shares|put_contracts|premium_paid|bearish_delta_shares|feasibility|rejected_routes|scenario_pnl.risk_off|scenario_pnl.squeeze|scenario_pnl.idiosyncratic_gap|worst_case_pnl|self_check.within_locate|self_check.within_option_cash,decision|selected_route|instrument|short_shares|put_contracts|premium_paid|bearish_delta_shares|feasibility|rejected_routes|scenario_pnl.risk_off|scenario_pnl.squeeze|scenario_pnl.idiosyncratic_gap|worst_case_pnl|self_check.within_locate|self_check.within_option_cash,
SB-AGI-077,stockbench-agi-077,AGI,AGI,0,VERIFIED,da507e7385cdf9420f7e7ed07208d1955512e504575d742df689769b67c59cf6,0e086899627612bee5b276b0e7fdae9a6b1679c3ab5f4b8a1a35e39af3fe5104,ad104aaff7fb48384eab2c76d8cd65c100abbdca7f234446a357c3dd7bd46306,true,1,1,Listed options strategy / Greeks,judgment_risk_augmentation,put_spread_downside_floor,false,decision|selected_route|buy_put_strike|sell_put_strike|contracts|net_premium_paid|scenario_pnl_usd|feasibility|rejected_routes|scenario_pnl.risk_off|scenario_pnl.squeeze|scenario_pnl.idiosyncratic_gap|worst_case_pnl|self_check.downside_floor_met|self_check.lowest_premium_selected,decision|selected_route|buy_put_strike|sell_put_strike|contracts|net_premium_paid|scenario_pnl_usd|feasibility|rejected_routes|scenario_pnl.risk_off|scenario_pnl.squeeze|scenario_pnl.idiosyncratic_gap|worst_case_pnl|self_check.downside_floor_met|self_check.lowest_premium_selected,
SB-AGI-078,stockbench-agi-078,AGI,AGI,0,VERIFIED,379a831302768a66692f3fac9180ec4de0f113db08826955a8400d8a9139bb24,ed048875232eb218f09891ec9e2d4044f83cd95389ce9cd8ced35fe1ceb3c6f2,26b570a0e9d73bda239dcc6a4f2a1b9dd9c75c466a2bc3d8e8a822cf764d45c1,true,1,1,Futures / commodities / spreads / rolls,execution_action_quality,commodity_roll_basis_hedge,true,decision|selected_route|contracts|roll_cost_usd|fees_usd|total_cost_usd|feasibility|rejected_routes|scenario_pnl.risk_off|scenario_pnl.squeeze|scenario_pnl.idiosyncratic_gap|worst_case_pnl|self_check.uses_executable_prices|self_check.avoids_first_notice,decision|selected_route|contracts|roll_cost_usd|fees_usd|total_cost_usd|feasibility|rejected_routes|scenario_pnl.risk_off|scenario_pnl.squeeze|scenario_pnl.idiosyncratic_gap|worst_case_pnl|self_check.uses_executable_prices|self_check.avoids_first_notice,
SB-AGI-079,stockbench-agi-079,AGI,AGI,0,VERIFIED,03657c545ad680b0409b64aaeba822f90b30ce0d028e65d5b2d039a48b55b4cd,34bd8bff38c642796c0540c6d04ab017b8d4a516c4a77c441b98c4c91d996f39,cd271370e7c4a43f2d9b9292e823dd1dae327cbf640985eb0dac0f85288ebcef,true,1,1,Spot FX / CFDs / multi-currency,execution_action_quality,forward_vs_spot_payment,false,decision|selected_route|eur_amount|usd_cost|settlement_date_rule|feasibility|rejected_routes|scenario_pnl.risk_off|scenario_pnl.squeeze|scenario_pnl.idiosyncratic_gap|worst_case_pnl|self_check.settlement_matches|self_check.product_permitted|self_check.margin_ok,decision|selected_route|eur_amount|usd_cost|settlement_date_rule|feasibility|rejected_routes|scenario_pnl.risk_off|scenario_pnl.squeeze|scenario_pnl.idiosyncratic_gap|worst_case_pnl|self_check.settlement_matches|self_check.product_permitted|self_check.margin_ok,
SB-AGI-080,stockbench-agi-080,AGI,AGI,0,VERIFIED,50ca133099426e2bb0eaeda2dedb5c2fe8f27156ef780e9688375d0a9c96728a,97d39e46b72a89c8c633ac2f832b7af4eaf340cff13b7006ec1036fa9286696f,ce6a4c4630a1b361c4e8449a6737bc985bfb5168643c10c8f3ff7674736822c9,true,1,1,Portfolio risk / rebalancing,judgment_risk_augmentation,beta_dollar_rebalance,true,decision|selected_route|es_contracts|beta_reduction_usd|beta_reduction_pct|margin_used|expected_cost|feasibility|rejected_routes|scenario_pnl.risk_off|scenario_pnl.squeeze|scenario_pnl.idiosyncratic_gap|worst_case_pnl|self_check.min_reduction_met|self_check.margin_ok|self_check.lowest_cost_feasible,decision|selected_route|es_contracts|beta_reduction_usd|beta_reduction_pct|margin_used|expected_cost|feasibility|rejected_routes|scenario_pnl.risk_off|scenario_pnl.squeeze|scenario_pnl.idiosyncratic_gap|worst_case_pnl|self_check.min_reduction_met|self_check.margin_ok|self_check.lowest_cost_feasible,
SB-AGI-081,stockbench-agi-081,AGI,AGI,0,VERIFIED,4586e57196b4186521bac8f860c87013ca148aa62c2aa309f4e825e3548530b6,9d517013397b29dc0a84feea5a28befd366a6bd972998f0e1ea257ca6febe6f1,4803ffa996ae871dcdaf4c02ddc154231e0266cdbb83e4e6cf628be2601e5f37,true,1,1,Execution / liquidity / microstructure,execution_action_quality,invalid_route_session_trap,true,decision|selected_route|instrument|venue|feasibility|rejected_routes|scenario_pnl.risk_off|scenario_pnl.squeeze|scenario_pnl.idiosyncratic_gap|worst_case_pnl|self_check.session_open|self_check.venue_permitted,decision|selected_route|instrument|venue|feasibility|rejected_routes|scenario_pnl.risk_off|scenario_pnl.squeeze|scenario_pnl.idiosyncratic_gap|worst_case_pnl|self_check.session_open|self_check.venue_permitted,
SB-AGI-082,stockbench-agi-082,AGI,AGI,0,VERIFIED,cc003c29b75b0d095bd4e8ce4a1b1d9f09296022cc4c0fa6e979cd257dab8fee,714fad67db9ff75f4d78a670d84e41b5f3a2292c10d8da72401b6b063e7448c7,dea0df45b387c76c017f3260c5c5cbf08c1444dcc206709fc285e7a0edc1628b,true,1,1,Corporate actions / settlement / calendar / jurisdiction,execution_action_quality,corporate_action_adjustment,true,decision|selected_route|adjusted_stop_price|option_strike_adjusted|option_strike_after|feasibility|rejected_routes|scenario_pnl.risk_off|scenario_pnl.squeeze|scenario_pnl.idiosyncratic_gap|worst_case_pnl|self_check.stop_adjusted|self_check.option_strike_unchanged,decision|selected_route|adjusted_stop_price|option_strike_adjusted|option_strike_after|feasibility|rejected_routes|scenario_pnl.risk_off|scenario_pnl.squeeze|scenario_pnl.idiosyncratic_gap|worst_case_pnl|self_check.stop_adjusted|self_check.option_strike_unchanged,
SB-AGI-083,stockbench-agi-083,AGI,AGI,0,VERIFIED,732326f0ea2e4cb2e2d89e0e37fc0294af0cb607b826a2f382868d05a542782b,960755b811c59dc1c012348c1bbf9799233ae884b128b7ad1c1277e6e41ad61d,7d2096f2cc5675330633f0436ae8a6f414f985be49ae27694855fe4b2a30a74f,true,1,1,Feasibility / rejection / no-trade traps,judgment_risk_augmentation,session_permission_rejection,true,decision|selected_route|instrument|requested_shares|feasibility|rejected_routes|scenario_pnl.risk_off|scenario_pnl.squeeze|scenario_pnl.idiosyncratic_gap|worst_case_pnl|self_check.permissions_checked|self_check.no_valid_route,decision|selected_route|instrument|requested_shares|feasibility|rejected_routes|scenario_pnl.risk_off|scenario_pnl.squeeze|scenario_pnl.idiosyncratic_gap|worst_case_pnl|self_check.permissions_checked|self_check.no_valid_route,
SB-AGI-084,stockbench-agi-084,AGI,AGI,0,VERIFIED,ddfd4f8ed48901873a6d0f77dbb9b0e9e1ccab765c6191babd8dfe36257a5d39,87564e5ed979f22cadbd54027a0828a909eee22a5057a8bf99c4fc17f6c6f7a1,f14934fb35a79b3c93cb6b60efbb0c4a9d01ca33dec9e18dc849bedeba5a24e4,true,1,1,Spot equities / ETFs,execution_action_quality,equity_order_ticket,true,decision|selected_route|instrument|side|quantity|order_type|limit_price|trade_value_usd|settlement_rule|settlement_cash_date|feasibility|rejected_routes|scenario_pnl.risk_off|scenario_pnl.squeeze|scenario_pnl.idiosyncratic_gap|worst_case_pnl|self_check.limit_respected,decision|selected_route|instrument|side|quantity|order_type|limit_price|trade_value_usd|settlement_rule|settlement_cash_date|feasibility|rejected_routes|scenario_pnl.risk_off|scenario_pnl.squeeze|scenario_pnl.idiosyncratic_gap|worst_case_pnl|self_check.limit_respected,
SB-AGI-085,stockbench-agi-085,AGI,AGI,0,VERIFIED,cb5007a0aa653deaa793cc9c78236340b4bb239b422ff7975e39f3edf4b04487,8e5a5bef3eed20f8aa29122e0d6ec9313c5100be7b391f620cddcb58b769e689,b5216881cc17b2bb02d3e6ca3a1587f0d40aa68f51c11ab62fab83fc3d3b02a4,true,1,1,Shorting / borrow / margin / locates,execution_action_quality,borrow_cost_vs_trade_edge,true,decision|selected_route|instrument|short_shares|put_contracts|premium_paid|bearish_delta_shares|feasibility|rejected_routes|scenario_pnl.risk_off|scenario_pnl.squeeze|scenario_pnl.idiosyncratic_gap|worst_case_pnl|self_check.within_locate|self_check.within_option_cash,decision|selected_route|instrument|short_shares|put_contracts|premium_paid|bearish_delta_shares|feasibility|rejected_routes|scenario_pnl.risk_off|scenario_pnl.squeeze|scenario_pnl.idiosyncratic_gap|worst_case_pnl|self_check.within_locate|self_check.within_option_cash,
SB-AGI-086,stockbench-agi-086,AGI,AGI,0,VERIFIED,24ddd2fbac533ba5bf079f896791db7725eeeadf88e2d5fdaf32d1630be7df89,1ab5f2f0a731452ddc0bafc1e91bd9db92abde0e3bbff22129999e54d0001c86,2ccb664b311ce567d745efd23be84a5a3f0d951de3e0aa30418558cb7404977c,true,1,1,Listed options strategy / Greeks,judgment_risk_augmentation,early_assignment_dividend_risk,false,decision|selected_route|instrument|call_strike|dividend_per_share|call_time_value|early_assignment_risk|feasibility|rejected_routes|scenario_pnl.risk_off|scenario_pnl.squeeze|scenario_pnl.idiosyncratic_gap|worst_case_pnl|self_check.compared_dividend_to_time_value|self_check.assignment_handled,decision|selected_route|instrument|call_strike|dividend_per_share|call_time_value|early_assignment_risk|feasibility|rejected_routes|scenario_pnl.risk_off|scenario_pnl.squeeze|scenario_pnl.idiosyncratic_gap|worst_case_pnl|self_check.compared_dividend_to_time_value|self_check.assignment_handled,
SB-AGI-087,stockbench-agi-087,AGI,AGI,0,VERIFIED,021315fe61c36dcdf3eba44b143d36b30b955cb3bde08945454d52c9dcedee4c,ce7779c97309049a3184613eecd29c7371624adb70b64c1db983361191be7baa,7aa1820f0adcc76d928f57678bdc396a7689d000c360c82e2410eb2d38ab330c,true,1,1,Futures / commodities / spreads / rolls,execution_action_quality,span_margin_calendar_spread,false,decision|selected_route|spread_count|expected_carry_usd|margin_used|feasibility|rejected_routes|scenario_pnl.risk_off|scenario_pnl.squeeze|scenario_pnl.idiosyncratic_gap|worst_case_pnl|self_check.span_margin_within_limit|self_check.highest_feasible_carry_selected,decision|selected_route|spread_count|expected_carry_usd|margin_used|feasibility|rejected_routes|scenario_pnl.risk_off|scenario_pnl.squeeze|scenario_pnl.idiosyncratic_gap|worst_case_pnl|self_check.span_margin_within_limit|self_check.highest_feasible_carry_selected,
SB-AGI-088,stockbench-agi-088,AGI,AGI,0,VERIFIED,9403792ac835237ed7cce46f6912c675602252f4d4975aa84c5f5807d03c4ae5,9075b81dfeaecc99d5a62b660bd489e561f6fefbc4e894f5fe11f2fe9809c7ed,ea3612af93dcea050cbacd974becc397ffc67a31383a62633f77279b0a1a37d2,true,1,1,Spot FX / CFDs / multi-currency,execution_action_quality,fx_settlement_mismatch,true,decision|selected_route|eur_amount|usd_cost|settlement_date_rule|feasibility|rejected_routes|scenario_pnl.risk_off|scenario_pnl.squeeze|scenario_pnl.idiosyncratic_gap|worst_case_pnl|self_check.settlement_matches|self_check.product_permitted|self_check.margin_ok,decision|selected_route|eur_amount|usd_cost|settlement_date_rule|feasibility|rejected_routes|scenario_pnl.risk_off|scenario_pnl.squeeze|scenario_pnl.idiosyncratic_gap|worst_case_pnl|self_check.settlement_matches|self_check.product_permitted|self_check.margin_ok,
SB-AGI-089,stockbench-agi-089,AGI,AGI,0,VERIFIED,719369bd7521b40bc3f1329735fe7d69e7aa24fbfb95f2252398b3353ba21277,d40e6f9b85149428150a97bcc7b04f993b9a23106fb89be81a0c42d4837f2995,42490523ff399148b12d2479a811aef2f3fe9b0da8dd6ca58f2a5eba9ac03c99,true,1,1,Portfolio risk / rebalancing,judgment_risk_augmentation,multi_asset_drawdown_hedge,false,decision|selected_route|es_contracts|beta_reduction_usd|beta_reduction_pct|margin_used|expected_cost|feasibility|rejected_routes|scenario_pnl.risk_off|scenario_pnl.squeeze|scenario_pnl.idiosyncratic_gap|worst_case_pnl|self_check.min_reduction_met|self_check.margin_ok|self_check.lowest_cost_feasible,decision|selected_route|es_contracts|beta_reduction_usd|beta_reduction_pct|margin_used|expected_cost|feasibility|rejected_routes|scenario_pnl.risk_off|scenario_pnl.squeeze|scenario_pnl.idiosyncratic_gap|worst_case_pnl|self_check.min_reduction_met|self_check.margin_ok|self_check.lowest_cost_feasible,
SB-AGI-090,stockbench-agi-090,AGI,AGI,0,VERIFIED,6eeec6e5c2163b7682bace67b331c5ec491d5da821b24d3c7c1ed80056629104,61edff4f8777785d648e0263b7b8086d3bb6a5e3fd86f402886bda073f5bd5f8,e6e544e6d1ca2afd38d5c4df93bff1a6c5bf5277b5b2c55e3715075a4eb0113b,true,1,1,Execution / liquidity / microstructure,execution_action_quality,auction_session_constraint,true,decision|selected_route|instrument|venue|feasibility|rejected_routes|scenario_pnl.risk_off|scenario_pnl.squeeze|scenario_pnl.idiosyncratic_gap|worst_case_pnl|self_check.session_open|self_check.venue_permitted,decision|selected_route|instrument|venue|feasibility|rejected_routes|scenario_pnl.risk_off|scenario_pnl.squeeze|scenario_pnl.idiosyncratic_gap|worst_case_pnl|self_check.session_open|self_check.venue_permitted,
SB-AGI-091,stockbench-agi-091,AGI,AGI,0,VERIFIED,820ba671c24f87d6f160ef5ef017ea2bead271c46675786223ed41db630d3efa,4923c77b5d7cb158ee99af3f7ef70b8ce80a5f3549552ffac57c7c72377c2d3e,b7e296882c21aeb4f354720087cfdf6a43bb65e352adb4fa974944b8c252eee4,true,1,1,Corporate actions / settlement / calendar / jurisdiction,execution_action_quality,regional_market_holiday,true,decision|selected_route|trade_value_usd|settlement_rule|settlement_cash_date|feasibility|rejected_routes|scenario_pnl.risk_off|scenario_pnl.squeeze|scenario_pnl.idiosyncratic_gap|worst_case_pnl|self_check.settlement_respected,decision|selected_route|trade_value_usd|settlement_rule|settlement_cash_date|feasibility|rejected_routes|scenario_pnl.risk_off|scenario_pnl.squeeze|scenario_pnl.idiosyncratic_gap|worst_case_pnl|self_check.settlement_respected,
SB-AGI-092,stockbench-agi-092,AGI,AGI,0,VERIFIED,ba33b66db36395a3d08bdf9703e7ddc410bda47c951ebf2e14a45b3458f5c79a,462d36113d1cad1a394b6a2c113ea01cfc4ea5f3825178552dd54889ca080164,6d301fa541da050150f44cf54d69ede6c4c0b50e7e0ae4b63aa5f3c72a7485cf,true,1,1,Feasibility / rejection / no-trade traps,judgment_risk_augmentation,no_trade_invalid_route,true,decision|selected_route|instrument|requested_shares|feasibility|rejected_routes|scenario_pnl.risk_off|scenario_pnl.squeeze|scenario_pnl.idiosyncratic_gap|worst_case_pnl|self_check.permissions_checked|self_check.no_valid_route,decision|selected_route|instrument|requested_shares|feasibility|rejected_routes|scenario_pnl.risk_off|scenario_pnl.squeeze|scenario_pnl.idiosyncratic_gap|worst_case_pnl|self_check.permissions_checked|self_check.no_valid_route,
SB-AGI-093,stockbench-agi-093,AGI,AGI,0,VERIFIED,c3f9c08c742e9d42fb86e363d30b6ab625ea24667e1753ea85adcf6f1b519e86,0fabb49511a571ae87a02a255d0afd9a43947d5c21a8622f9c3e23bcf6d1b22a,aad2be6d77b1137cf11c48626d2cd386ae2288a8820977638e894a6e20543ce3,true,1,1,Spot equities / ETFs,execution_action_quality,etf_sector_rebalance_t_plus_one,false,decision|selected_route|instrument|side|quantity|order_type|limit_price|trade_value_usd|settlement_rule|settlement_cash_date|feasibility|rejected_routes|scenario_pnl.risk_off|scenario_pnl.squeeze|scenario_pnl.idiosyncratic_gap|worst_case_pnl|self_check.limit_respected,decision|selected_route|instrument|side|quantity|order_type|limit_price|trade_value_usd|settlement_rule|settlement_cash_date|feasibility|rejected_routes|scenario_pnl.risk_off|scenario_pnl.squeeze|scenario_pnl.idiosyncratic_gap|worst_case_pnl|self_check.limit_respected,
SB-AGI-094,stockbench-agi-094,AGI,AGI,0,VERIFIED,c076db000369636252ca6f789724d9a1a479608784b9cc9cddc011cb88c3da6b,5d1fc356be4d51c508e4e2bfa815eb184e0e95b2b3fa6a818a629f80f1bb1996,64e6d0f4ac0edc5801dae05b25879c8738c9bfc1c9aba642654cd76ee4166a63,true,1,1,Shorting / borrow / margin / locates,execution_action_quality,hard_to_borrow_margin_recall,true,decision|selected_route|instrument|short_shares|put_contracts|premium_paid|bearish_delta_shares|feasibility|rejected_routes|scenario_pnl.risk_off|scenario_pnl.squeeze|scenario_pnl.idiosyncratic_gap|worst_case_pnl|self_check.within_locate|self_check.within_option_cash,decision|selected_route|instrument|short_shares|put_contracts|premium_paid|bearish_delta_shares|feasibility|rejected_routes|scenario_pnl.risk_off|scenario_pnl.squeeze|scenario_pnl.idiosyncratic_gap|worst_case_pnl|self_check.within_locate|self_check.within_option_cash,
SB-AGI-095,stockbench-agi-095,AGI,AGI,0,VERIFIED,6c6e27b440d833778954c8b5342fa1d78472e4f88188bc73f005f7a44a1b0dd9,1f137f3d48f3f4138ff4bf378fe7dcb93430322fd0b5596b095a3b0886632496,45f966044af9058b38c59d1e770918f476f0675ce35b15ad5d38b649bc0680f4,true,1,1,Listed options strategy / Greeks,judgment_risk_augmentation,exercise_assignment_roll_decision,false,decision|selected_route|instrument|dividend_per_share|call_time_value|exercise_early|feasibility|rejected_routes|scenario_pnl.risk_off|scenario_pnl.squeeze|scenario_pnl.idiosyncratic_gap|worst_case_pnl|self_check.compared_dividend_to_time_value|self_check.exercise_or_assignment_resolved,decision|selected_route|instrument|dividend_per_share|call_time_value|exercise_early|feasibility|rejected_routes|scenario_pnl.risk_off|scenario_pnl.squeeze|scenario_pnl.idiosyncratic_gap|worst_case_pnl|self_check.compared_dividend_to_time_value|self_check.exercise_or_assignment_resolved,
SB-AGI-096,stockbench-agi-096,AGI,AGI,0,VERIFIED,6b682ac8b18a85d464bf9a2f7411884513da52193af954a96e17d80df5d1ec3c,da0c7cdf2a488bd2b350a66c5f84e37e63d6be9f9f5cf6aaf2740e5724b45149,946c6b0a5ac547e5161cbfca7b11f05895ac398843400b5f2821997b20d40d42,true,1,1,Futures / commodities / spreads / rolls,execution_action_quality,futures_beta_hedge,true,decision|selected_route|es_contracts|beta_reduction_usd|beta_reduction_pct|margin_used|expected_cost|feasibility|rejected_routes|scenario_pnl.risk_off|scenario_pnl.squeeze|scenario_pnl.idiosyncratic_gap|worst_case_pnl|self_check.min_reduction_met|self_check.margin_ok|self_check.lowest_cost_feasible,decision|selected_route|es_contracts|beta_reduction_usd|beta_reduction_pct|margin_used|expected_cost|feasibility|rejected_routes|scenario_pnl.risk_off|scenario_pnl.squeeze|scenario_pnl.idiosyncratic_gap|worst_case_pnl|self_check.min_reduction_met|self_check.margin_ok|self_check.lowest_cost_feasible,
SB-AGI-097,stockbench-agi-097,AGI,AGI,0,VERIFIED,d2e024c9e1d4aac51a6a18aa79a989de17740d51a327215720c15087e2c54a46,c68ab70ce1577c56764400ca3e6d97ccd4fa0f11cd9abb46038d9c2a4a58fa96,6b7d6a3288833f0f92576e1102eba29366fd9d3ec827c1aad06f2a065ec5f440,true,1,1,Spot FX / CFDs / multi-currency,execution_action_quality,cfd_margin_regional_constraint,false,decision|selected_route|eur_amount|usd_cost|settlement_date_rule|feasibility|rejected_routes|scenario_pnl.risk_off|scenario_pnl.squeeze|scenario_pnl.idiosyncratic_gap|worst_case_pnl|self_check.settlement_matches|self_check.product_permitted|self_check.margin_ok,decision|selected_route|eur_amount|usd_cost|settlement_date_rule|feasibility|rejected_routes|scenario_pnl.risk_off|scenario_pnl.squeeze|scenario_pnl.idiosyncratic_gap|worst_case_pnl|self_check.settlement_matches|self_check.product_permitted|self_check.margin_ok,
SB-AGI-098,stockbench-agi-098,AGI,AGI,0,VERIFIED,c9b878e85a985a3a13127806c9751c38cc918fef61bf8cc6518113bd79d86734,413699f8f58a02e5e823b1a59d922e8dc6615369c8c56151a21cbf56a382836e,717159f2f282036dd9f96a72bbe04eb67c82f3f36281bd5e7fed64ff5e8acaad,true,1,1,Portfolio risk / rebalancing,judgment_risk_augmentation,cross_asset_var_liquidity_triage,false,decision|selected_route|es_contracts|beta_reduction_usd|beta_reduction_pct|margin_used|expected_cost|feasibility|rejected_routes|scenario_pnl.risk_off|scenario_pnl.squeeze|scenario_pnl.idiosyncratic_gap|worst_case_pnl|self_check.min_reduction_met|self_check.margin_ok|self_check.lowest_cost_feasible,decision|selected_route|es_contracts|beta_reduction_usd|beta_reduction_pct|margin_used|expected_cost|feasibility|rejected_routes|scenario_pnl.risk_off|scenario_pnl.squeeze|scenario_pnl.idiosyncratic_gap|worst_case_pnl|self_check.min_reduction_met|self_check.margin_ok|self_check.lowest_cost_feasible,
SB-AGI-099,stockbench-agi-099,AGI,AGI,0,VERIFIED,7ed9e583e3817468774e53648902cface7b3e06298e8f57737604d3b80fce9af,4eee41994338a71f77e4ddd2bedf820e6b792d4741a703123c35b65aad86111b,1cc18f3f7213a23e30f611bbebbacc7e0d4c518fae7ff92382fa2db3f7cdd44c,true,1,1,Execution / liquidity / microstructure,execution_action_quality,twap_slippage_limit,true,decision|instrument|side|clip_size_shares|filled_shares|average_price|limit_price|feasibility|rejected_routes|scenario_pnl.risk_off|scenario_pnl.squeeze|scenario_pnl.idiosyncratic_gap|worst_case_pnl|self_check.average_price_within_cap|self_check.max_fill_in_clips,decision|instrument|side|clip_size_shares|filled_shares|average_price|limit_price|feasibility|rejected_routes|scenario_pnl.risk_off|scenario_pnl.squeeze|scenario_pnl.idiosyncratic_gap|worst_case_pnl|self_check.average_price_within_cap|self_check.max_fill_in_clips,
SB-AGI-100,stockbench-agi-100,AGI,AGI,0,VERIFIED,12369dac49e88dc44e0c6837519604b291b6a253281a5a79120e572a4ae28f14,415f3427b57db9d8ca04e2151bd462c54eb2d9b00685ef436461b340f0388aea,2409c01ce20f6a65329ff678bb156a83ad2237bfd208e55f88ef6035ed3a1b78,true,1,1,Corporate actions / settlement / calendar / jurisdiction,execution_action_quality,ex_dividend_adjustment,true,decision|selected_route|adjusted_stop_price|option_strike_adjusted|option_strike_after|feasibility|rejected_routes|scenario_pnl.risk_off|scenario_pnl.squeeze|scenario_pnl.idiosyncratic_gap|worst_case_pnl|self_check.stop_adjusted|self_check.option_strike_unchanged,decision|selected_route|adjusted_stop_price|option_strike_adjusted|option_strike_after|feasibility|rejected_routes|scenario_pnl.risk_off|scenario_pnl.squeeze|scenario_pnl.idiosyncratic_gap|worst_case_pnl|self_check.stop_adjusted|self_check.option_strike_unchanged,
SB-AGI-101,stockbench-agi-101,AGI,AGI,0,VERIFIED,06c3ea244e3a162da4e7bd8d3aec746a0231c906fa6af19a41479a78b051f7c2,204123d792076e99eea40add4ed143958c020cc3cf152a38f26a4da576fcc42f,2fe161de4e82991d58a8ab66ab5ea4b86793534fecc8bc3c324fd2d2d1c2b68d,true,1,1,Feasibility / rejection / no-trade traps,judgment_risk_augmentation,borrow_recall_margin_hedge,true,decision|selected_route|instrument|buy_to_cover_shares|put_contracts|premium_paid|feasibility|rejected_routes|scenario_pnl.risk_off|scenario_pnl.squeeze|scenario_pnl.idiosyncratic_gap|worst_case_pnl|self_check.recall_handled|self_check.no_naked_short,decision|selected_route|instrument|buy_to_cover_shares|put_contracts|premium_paid|feasibility|rejected_routes|scenario_pnl.risk_off|scenario_pnl.squeeze|scenario_pnl.idiosyncratic_gap|worst_case_pnl|self_check.recall_handled|self_check.no_naked_short,
SB-AGI-102,stockbench-agi-102,AGI,AGI,0,VERIFIED,ea8f2cf23554b351d71517ebdc20c2ea311095443168f5df86f5e676840b7e2a,ee7dc3cf82af7a4718515855490bc0ba99a2f100f7650ab7b3548442bb021773,3c0872368477a274a73506f44ffe262d66795a969a21c5c329698f8ec7fa84a8,true,1,1,Spot equities / ETFs,execution_action_quality,opening_auction_limit,false,decision|selected_route|instrument|quantity|limit_price|venue|feasibility|rejected_routes|scenario_pnl.risk_off|scenario_pnl.squeeze|scenario_pnl.idiosyncratic_gap|worst_case_pnl|self_check.venue_matches_objective,decision|selected_route|instrument|quantity|limit_price|venue|feasibility|rejected_routes|scenario_pnl.risk_off|scenario_pnl.squeeze|scenario_pnl.idiosyncratic_gap|worst_case_pnl|self_check.venue_matches_objective,
SB-AGI-103,stockbench-agi-103,AGI,AGI,0,VERIFIED,2d48e106a874e83e03fce2f343886a9647765d5bf68b0eca050b34a018d5edd2,3761628bbbf0914b1b3f528d809ee45de962ea50e5a8b7672a1e24da8da66f9b,e5011667b4e17ccd9491ef3d75e0d76a8add5bad22d569f70b4f8de37e0223d1,true,1,1,Shorting / borrow / margin / locates,execution_action_quality,locate_recall_options_substitution,true,decision|selected_route|instrument|short_shares|put_contracts|premium_paid|bearish_delta_shares|feasibility|rejected_routes|scenario_pnl.risk_off|scenario_pnl.squeeze|scenario_pnl.idiosyncratic_gap|worst_case_pnl|self_check.within_locate|self_check.within_option_cash,decision|selected_route|instrument|short_shares|put_contracts|premium_paid|bearish_delta_shares|feasibility|rejected_routes|scenario_pnl.risk_off|scenario_pnl.squeeze|scenario_pnl.idiosyncratic_gap|worst_case_pnl|self_check.within_locate|self_check.within_option_cash,
SB-AGI-104,stockbench-agi-104,AGI,AGI,0,VERIFIED,4467f5853cbb29919e1ee890807dcb9cd10724f586f5c95256e1c12a2a7ff4c2,06a38f9300159c106899c20e1bd6347e3c8bb38eb7a64c16a283b884d0aac478,6e08318e099028fab68fd1e7e9fe6ed5a2b11186839415c11139777351c083fd,true,1,1,Listed options strategy / Greeks,judgment_risk_augmentation,covered_call_assignment,true,decision|selected_route|instrument|call_strike|dividend_per_share|call_time_value|early_assignment_risk|feasibility|rejected_routes|scenario_pnl.risk_off|scenario_pnl.squeeze|scenario_pnl.idiosyncratic_gap|worst_case_pnl|self_check.compared_dividend_to_time_value|self_check.assignment_handled,decision|selected_route|instrument|call_strike|dividend_per_share|call_time_value|early_assignment_risk|feasibility|rejected_routes|scenario_pnl.risk_off|scenario_pnl.squeeze|scenario_pnl.idiosyncratic_gap|worst_case_pnl|self_check.compared_dividend_to_time_value|self_check.assignment_handled,
SB-AGI-105,stockbench-agi-105,AGI,AGI,0,VERIFIED,f3a946edd2ccfb29c13c4a7f643d57bc119fddefba87ea019dd3c7698f3fc2bb,f1d519f0b00efeafdf520924336b9f7b6a916ee918de908902df7e4f754e9b59,c544c8a0cbefb7faa2e1e9312039ad3b331948dd9ddc75269e57a555d047e10a,true,1,1,Futures / commodities / spreads / rolls,execution_action_quality,futures_roll_calendar,false,decision|selected_route|contracts|roll_cost_usd|fees_usd|total_cost_usd|feasibility|rejected_routes|scenario_pnl.risk_off|scenario_pnl.squeeze|scenario_pnl.idiosyncratic_gap|worst_case_pnl|self_check.uses_executable_prices|self_check.avoids_first_notice,decision|selected_route|contracts|roll_cost_usd|fees_usd|total_cost_usd|feasibility|rejected_routes|scenario_pnl.risk_off|scenario_pnl.squeeze|scenario_pnl.idiosyncratic_gap|worst_case_pnl|self_check.uses_executable_prices|self_check.avoids_first_notice,
SB-AGI-106,stockbench-agi-106,AGI,AGI,0,VERIFIED,c98b3c8b618bccf60268497591bc035543f57402366f616ba950ed115df03244,c8040b4072aa12bdd2db6e0709a26163614b9286f42552a2d7ccc69bc8b8b7b6,ecbe65dc17fe42d35a9d2806ee6f213989e3e7cd714f3ababbc585e730a3edbb,true,1,1,Spot FX / CFDs / multi-currency,execution_action_quality,multi_currency_cash_buffer,true,decision|selected_route|eur_amount|usd_cost|settlement_date_rule|feasibility|rejected_routes|scenario_pnl.risk_off|scenario_pnl.squeeze|scenario_pnl.idiosyncratic_gap|worst_case_pnl|self_check.settlement_matches|self_check.product_permitted|self_check.margin_ok,decision|selected_route|eur_amount|usd_cost|settlement_date_rule|feasibility|rejected_routes|scenario_pnl.risk_off|scenario_pnl.squeeze|scenario_pnl.idiosyncratic_gap|worst_case_pnl|self_check.settlement_matches|self_check.product_permitted|self_check.margin_ok,
SB-AGI-107,stockbench-agi-107,AGI,AGI,0,VERIFIED,bb7646d80bc5f236c97826818a3ce07f445c588c2ebc4a266a8e2778177bfd1d,239aa0d9b14250c1fe3b1860b084f8fbe46bdf577b01c66ddeeded78f3aebe05,f1e112842a370cc74c2d174a64a3c72a345c01e8fcb56ec5d43055d990f80145,true,1,1,Portfolio risk / rebalancing,judgment_risk_augmentation,risk_budget_rebalance,false,decision|selected_route|es_contracts|beta_reduction_usd|beta_reduction_pct|margin_used|expected_cost|feasibility|rejected_routes|scenario_pnl.risk_off|scenario_pnl.squeeze|scenario_pnl.idiosyncratic_gap|worst_case_pnl|self_check.min_reduction_met|self_check.margin_ok|self_check.lowest_cost_feasible,decision|selected_route|es_contracts|beta_reduction_usd|beta_reduction_pct|margin_used|expected_cost|feasibility|rejected_routes|scenario_pnl.risk_off|scenario_pnl.squeeze|scenario_pnl.idiosyncratic_gap|worst_case_pnl|self_check.min_reduction_met|self_check.margin_ok|self_check.lowest_cost_feasible,
SB-AGI-108,stockbench-agi-108,AGI,AGI,0,VERIFIED,ec13eac5bd2ab89aca95b37a9c01a32a6bf998a26e98aff7e16f3d03e5c77610,ec272cc60f0b096a39cef197ed5e31a7fe7ef97ed2725a8acdb8ba1280d4087a,4c6cef79859e0acac5f97d0cf9752957bfa8c54b6b01d95d8b60ab00b8008b1d,true,1,1,Execution / liquidity / microstructure,execution_action_quality,order_book_liquidity_limit,true,decision|instrument|side|clip_size_shares|filled_shares|average_price|limit_price|feasibility|rejected_routes|scenario_pnl.risk_off|scenario_pnl.squeeze|scenario_pnl.idiosyncratic_gap|worst_case_pnl|self_check.average_price_within_cap|self_check.max_fill_in_clips,decision|instrument|side|clip_size_shares|filled_shares|average_price|limit_price|feasibility|rejected_routes|scenario_pnl.risk_off|scenario_pnl.squeeze|scenario_pnl.idiosyncratic_gap|worst_case_pnl|self_check.average_price_within_cap|self_check.max_fill_in_clips,
SB-AGI-109,stockbench-agi-109,AGI,AGI,0,VERIFIED,86e818ef81cbfd342c30af68fecfad6ef1605dd9f5140460d1bda05f053d7eea,6b2c6791fd269b7e924028b1eccbb1adc4b3ff78fa735c038bf96aa774b524c2,bbb20e62345b30e39a9fcd16fa08a287038d3ccc01c6b9240d1ccfb81bb2e825,true,1,1,Corporate actions / settlement / calendar / jurisdiction,execution_action_quality,t_plus_one_settlement_sequence,true,decision|selected_route|trade_value_usd|settlement_rule|settlement_cash_date|feasibility|rejected_routes|scenario_pnl.risk_off|scenario_pnl.squeeze|scenario_pnl.idiosyncratic_gap|worst_case_pnl|self_check.settlement_respected,decision|selected_route|trade_value_usd|settlement_rule|settlement_cash_date|feasibility|rejected_routes|scenario_pnl.risk_off|scenario_pnl.squeeze|scenario_pnl.idiosyncratic_gap|worst_case_pnl|self_check.settlement_respected,
SB-AGI-110,stockbench-agi-110,AGI,AGI,0,VERIFIED,25dc957763780553300f05cf8d6df735da38ef67bf78c08563f5956ddf037908,c55e7113c35de3aca029cb9f7b00d997bea44b48bf166e4e46b1ba908469cddf,c3cddc70d114c423b2e716d23345611d01c989920730e60d9362bbfa13307c7e,true,1,1,Feasibility / rejection / no-trade traps,judgment_risk_augmentation,unsupported_product_permission,true,decision|selected_route|instrument|requested_shares|feasibility|rejected_routes|scenario_pnl.risk_off|scenario_pnl.squeeze|scenario_pnl.idiosyncratic_gap|worst_case_pnl|self_check.permissions_checked|self_check.no_valid_route,decision|selected_route|instrument|requested_shares|feasibility|rejected_routes|scenario_pnl.risk_off|scenario_pnl.squeeze|scenario_pnl.idiosyncratic_gap|worst_case_pnl|self_check.permissions_checked|self_check.no_valid_route,
